[
  {
    "SecurityInfo": {},
    "ComplianceInfo": {
      "applist": {
        "374_api": {
          "complianceCategoryDetail": "applist",
          "deobfApk": "",
          "level": "low",
          "name": "374_api",
          "detail": "可获取所有能够启动给定Intent的activity",
          "complianceCategory": "applist",
          "category": "ComplianceInfo",
          "vulners": [
            {
              "details": {
                "url": "https://tosv.byted.org/obj/appscan-obj/aux/misc/393933363333343535313738303532374_api.html",
                "position": "<com.ironsource.mediationsdk.integration.IntegrationHelper: boolean b(android.content.Context,java.lang.String[])>",
                "target": [
                  "<com.ironsource.mediationsdk.integration.IntegrationHelper: boolean b(android.content.Context,java.lang.String[])>",
                  "$r6 = virtualinvoke $r5.<android.content.pm.PackageManager: java.util.List queryIntentActivities(android.content.Intent,int)>($r4, 65536)"
                ]
              },
              "hash": "cdb7ec2b3ce4aff981d939949de66b62b8606fe4"
            }
          ]
        },
        "276_api": {
          "complianceCategoryDetail": "applist",
          "deobfApk": "",
          "level": "high",
          "name": "276_api",
          "detail": "应用列表",
          "complianceCategory": "applist",
          "category": "ComplianceInfo",
          "vulners": [
            {
              "details": {
                "url": "https://tosv.byted.org/obj/appscan-obj/aux/misc/393933363331323337393331373138276_api.html",
                "position": "<com.ironsource.environment.h: java.util.List p(android.content.Context)>",
                "target": [
                  "<com.ironsource.environment.h: java.util.List p(android.content.Context)>",
                  "$r2 = virtualinvoke $r1.<android.content.pm.PackageManager: java.util.List getInstalledApplications(int)>(0)"
                ]
              },
              "hash": "92c5e1d04f27f51335a4e6c420a7f00a7cb3d3a2"
            }
          ]
        },
        "278_api": {
          "complianceCategoryDetail": "applist",
          "deobfApk": "",
          "level": "high",
          "name": "278_api",
          "detail": "应用列表",
          "complianceCategory": "applist",
          "category": "ComplianceInfo",
          "vulners": [
            {
              "details": {
                "url": "https://tosv.byted.org/obj/appscan-obj/aux/misc/393933363332313533323339373935278_api.html",
                "position": "<com.ironsource.mediationsdk.integration.IntegrationHelper: boolean c(android.content.Context,java.lang.String[])>",
                "target": [
                  "<com.ironsource.mediationsdk.integration.IntegrationHelper: boolean c(android.content.Context,java.lang.String[])>",
                  "$r5 = virtualinvoke $r4.<android.content.pm.PackageManager: java.util.List getInstalledPackages(int)>(8)"
                ]
              },
              "hash": "f1ec217c292526afb14c6ceed95d3ee6e911a5ab"
            }
          ]
        }
      }
    },
    "DeepLinkInfo": {
      "SmartRouterParameterList": [
        "orientation_set_flag",
        "immersive",
        "rotation_set_flag",
        "dataString",
        "controllerUrl",
        "adViewId",
        "ctrWVPauseResume",
        "productType"
      ]
    },
    "JsBridgeInfo": {},
    "UrlRegion": {
      "filter": {
        "N/A:N/A": {
          "value": {
            "境外": {
              "api.ok.ru": {
                "value": {
                  "https://api.ok.ru/fb.do": {
                    "classes.dex.ru.ok.android.sdk.util.OkRequestUtil$Request": "const-string v1, \"https://api.ok.ru/fb.do\"\n"
                  }
                },
                "meta": {
                  "A": {
                    "108.160.162.109": "US"
                  },
                  "ICP": "ICP record undetected",
                  "ISP": [
                    "Dropbox, Inc."
                  ],
                  "locations": [
                    "US"
                  ],
                  "plugins": [
                    "DNS",
                    "ICP"
                  ]
                }
              },
              "connect.ok.ru": {
                "value": {
                  "https://connect.ok.ru/dk?st.cmd=": {
                    "classes.dex.ru.ok.android.sdk.AbstractWidgetActivity": "const-string v1, \"https://connect.ok.ru/dk?st.cmd=\"\n"
                  }
                },
                "meta": {
                  "A": {
                    "199.59.149.203": "US"
                  },
                  "ICP": "ICP record undetected",
                  "ISP": [
                    "Twitter Inc."
                  ],
                  "locations": [
                    "US"
                  ],
                  "plugins": [
                    "DNS",
                    "ICP"
                  ]
                }
              }
            }
          },
          "meta": {
            "url": "N/A",
            "description": "未查到组件信息",
            "version": "N/A"
          }
        }
      },
      "full": {
        "N/A:N/A": {
          "value": {
            "US": {
              "api.ok.ru": {
                "meta": {
                  "A": {
                    "108.160.162.109": "US"
                  },
                  "ICP": "ICP record undetected",
                  "ISP": [
                    "Dropbox, Inc."
                  ],
                  "locations": [
                    "US"
                  ],
                  "plugins": [
                    "DNS",
                    "ICP"
                  ]
                },
                "value": {
                  "https://api.ok.ru/fb.do": {
                    "classes.dex.ru.ok.android.sdk.util.OkRequestUtil$Request": "const-string v1, \"https://api.ok.ru/fb.do\"\n"
                  }
                }
              },
              "connect.ok.ru": {
                "meta": {
                  "A": {
                    "199.59.149.203": "US"
                  },
                  "ICP": "ICP record undetected",
                  "ISP": [
                    "Twitter Inc."
                  ],
                  "locations": [
                    "US"
                  ],
                  "plugins": [
                    "DNS",
                    "ICP"
                  ]
                },
                "value": {
                  "https://connect.ok.ru/dk?st.cmd=": {
                    "classes.dex.ru.ok.android.sdk.AbstractWidgetActivity": "const-string v1, \"https://connect.ok.ru/dk?st.cmd=\"\n"
                  }
                }
              }
            }
          },
          "meta": {
            "url": "N/A",
            "description": "未查到组件信息",
            "version": "N/A"
          }
        }
      }
    },
    "profiler": "https://tosv.byted.org/obj/appscan-obj/aux/misc/393933363336323734383330313536profiler.json",
    "HTTP_API": [],
    "BasicInfo": {
      "AppInfo": {
        "name": "",
        "size": "1.23MB",
        "package": "com.ironsource.sdk.mediation",
        "versionName": "7.3.0.1",
        "versionCode": "1",
        "target_sdk": "30",
        "min_sdk": "16",
        "max_sdk": "",
        "sha1": "0bd2db21a8a7ca7b5fe0446c9681a32ee32f79c1"
      },
      "SignInfo": {
        "Is signed v1": false,
        "Is signed v2": false,
        "Is signed v3": false,
        "certs": [],
        "pkeys": []
      },
      "ComponentsInfo": {
        "exportedReceivers": [
          "com.iab.omid.library.ironsrc.utils.e$a",
          "com.ironsource.environment.NetworkStateReceiver"
        ],
        "unExportedActivities": [
          "com.ironsource.sdk.controller.InterstitialActivity",
          "com.ironsource.sdk.controller.ControllerActivity",
          "com.ironsource.mediationsdk.testSuite.TestSuiteActivity",
          "com.ironsource.sdk.controller.OpenUrlActivity"
        ],
        "unExportedProviders": [
          "com.ironsource.lifecycle.IronsourceLifecycleProvider"
        ]
      },
      "PermissionInfo": [
        "android.permission.ACCESS_NETWORK_STATE",
        "android.permission.INTERNET"
      ],
      "DeobfApk": ""
    },
    "PermissionUsedDetails": {
      "declaredPermissions": [
        "android.permission.ACCESS_NETWORK_STATE",
        "android.permission.INTERNET"
      ],
      "usedPermissions": {
        "android.permission.INTERNET": {
          "level": "normal|instant",
          "description": "Allows applications to open network sockets",
          "positions": [
            "Default"
          ],
          "details": [
            {
              "caller": "N/A",
              "api": "N/A",
              "url": "N/A"
            }
          ]
        }
      },
      "declaredButNoUsed": {
        "android.permission.ACCESS_NETWORK_STATE": {
          "level": "normal|instant",
          "description": "Allows applications to access information about networks"
        }
      },
      "usedButNotDeclared": {}
    },
    "SDKComplianceList": []
  },
  0
]