[
  {
    "SecurityInfo": {},
    "ComplianceInfo": {
      "applist": {
        "374_api": {
          "complianceCategoryDetail": "applist",
          "deobfApk": "",
          "level": "low",
          "name": "374_api",
          "detail": "可获取所有能够启动给定Intent的activity",
          "complianceCategory": "applist",
          "category": "ComplianceInfo",
          "vulners": [
            {
              "details": {
                "url": "https://tosv.byted.org/obj/appscan-obj/aux/misc/393932323936323830383731353939374_api.html",
                "position": "<com.sendbird.uikit.utils.IntentUtils: void grantWritePermission(android.content.Context,android.content.Intent,android.net.Uri)>",
                "target": [
                  "<com.sendbird.uikit.utils.IntentUtils: void grantWritePermission(android.content.Context,android.content.Intent,android.net.Uri)>",
                  "$r4 = virtualinvoke $r3.<android.content.pm.PackageManager: java.util.List queryIntentActivities(android.content.Intent,int)>($r1, 65536)"
                ]
              },
              "hash": "5304c19d7e377a3ad50ba7f5f637c270fd6826c2"
            }
          ]
        }
      },
      "video": {
        "448_api": {
          "complianceCategoryDetail": "video",
          "deobfApk": "",
          "level": "low",
          "name": "448_api",
          "detail": "录音",
          "complianceCategory": "video",
          "category": "ComplianceInfo",
          "vulners": [
            {
              "details": {
                "url": "https://tosv.byted.org/obj/appscan-obj/aux/misc/393932323937333539333233303631448_api.html",
                "position": "<com.sendbird.uikit.internal.model.VoiceRecorder: void record()>",
                "target": [
                  "<com.sendbird.uikit.internal.model.VoiceRecorder: void record()>",
                  "virtualinvoke $r5.<android.media.MediaRecorder: void setOutputFile(java.lang.String)>($r4_1)"
                ]
              },
              "hash": "2caf2b7ed4d91b0289e6c8880a8c18360d8a3f20"
            }
          ]
        },
        "458_api": {
          "complianceCategoryDetail": "video",
          "deobfApk": "",
          "level": "low",
          "name": "458_api",
          "detail": "录音",
          "complianceCategory": "video",
          "category": "ComplianceInfo",
          "vulners": [
            {
              "details": {
                "url": "https://tosv.byted.org/obj/appscan-obj/aux/misc/393932323938323733303235363635458_api.html",
                "position": "<com.sendbird.uikit.internal.model.VoiceRecorder: void record()>",
                "target": [
                  "<com.sendbird.uikit.internal.model.VoiceRecorder: void record()>",
                  "virtualinvoke $r5.<android.media.MediaRecorder: void start()>()"
                ]
              },
              "hash": "07553512f74d955565ba1c8f05a09a8e0bad4f45"
            }
          ]
        },
        "402_api": {
          "complianceCategoryDetail": "video",
          "deobfApk": "",
          "level": "low",
          "name": "402_api",
          "detail": "录音",
          "complianceCategory": "video",
          "category": "ComplianceInfo",
          "vulners": [
            {
              "details": {
                "url": "https://tosv.byted.org/obj/appscan-obj/aux/misc/393932323936363138303930353931402_api.html",
                "position": "<com.sendbird.uikit.internal.model.VoiceRecorder: void complete()>",
                "target": [
                  "<com.sendbird.uikit.internal.model.VoiceRecorder: void complete()>",
                  "virtualinvoke r6_1.<android.media.MediaRecorder: void release()>()"
                ]
              },
              "hash": "4e1730ac5321a07de7d79d96493b15135c9212fe"
            }
          ]
        },
        "449_api": {
          "complianceCategoryDetail": "video",
          "deobfApk": "",
          "level": "low",
          "name": "449_api",
          "detail": "录音",
          "complianceCategory": "video",
          "category": "ComplianceInfo",
          "vulners": [
            {
              "details": {
                "url": "https://tosv.byted.org/obj/appscan-obj/aux/misc/393932323937353433323632383436449_api.html",
                "position": "<com.sendbird.uikit.internal.model.VoiceRecorder: void record()>",
                "target": [
                  "<com.sendbird.uikit.internal.model.VoiceRecorder: void record()>",
                  "virtualinvoke $r5.<android.media.MediaRecorder: void setOutputFile(java.lang.String)>($r4_1)"
                ]
              },
              "hash": "2caf2b7ed4d91b0289e6c8880a8c18360d8a3f20"
            }
          ]
        },
        "372_api": {
          "complianceCategoryDetail": "video",
          "deobfApk": "",
          "level": "low",
          "name": "372_api",
          "detail": "录音",
          "complianceCategory": "video",
          "category": "ComplianceInfo",
          "vulners": [
            {
              "details": {
                "url": "https://tosv.byted.org/obj/appscan-obj/aux/misc/393932323935363033343435343837372_api.html",
                "position": "<com.sendbird.uikit.internal.model.VoiceRecorder: void record()>",
                "target": [
                  "<com.sendbird.uikit.internal.model.VoiceRecorder: void record()>",
                  "virtualinvoke $r5.<android.media.MediaRecorder: void prepare()>()"
                ]
              },
              "hash": "aef02617cd7c42ef9543c5972a389b467b0935ae"
            }
          ]
        },
        "424_api": {
          "complianceCategoryDetail": "video",
          "deobfApk": "",
          "level": "low",
          "name": "424_api",
          "detail": "录音",
          "complianceCategory": "video",
          "category": "ComplianceInfo",
          "vulners": [
            {
              "details": {
                "url": "https://tosv.byted.org/obj/appscan-obj/aux/misc/393932323936383838363638303830424_api.html",
                "position": "<com.sendbird.uikit.internal.model.VoiceRecorder: void complete()>",
                "target": [
                  "<com.sendbird.uikit.internal.model.VoiceRecorder: void complete()>",
                  "virtualinvoke r6.<android.media.MediaRecorder: void reset()>()"
                ]
              },
              "hash": "4688a33d19d7cf0c9da14359dd53a4e5d55fe383"
            },
            {
              "details": {
                "url": "https://tosv.byted.org/obj/appscan-obj/aux/misc/393932323937303737313430323336424_api.html",
                "position": "<com.sendbird.uikit.internal.model.VoiceRecorder: void cancel(boolean)>",
                "target": [
                  "<com.sendbird.uikit.internal.model.VoiceRecorder: void cancel(boolean)>",
                  "virtualinvoke r6.<android.media.MediaRecorder: void reset()>()"
                ]
              },
              "hash": "7aa97a4650c4ee1185f24a30e29a85c670a0d6ca"
            }
          ]
        },
        "450_api": {
          "complianceCategoryDetail": "video",
          "deobfApk": "",
          "level": "low",
          "name": "450_api",
          "detail": "录音",
          "complianceCategory": "video",
          "category": "ComplianceInfo",
          "vulners": [
            {
              "details": {
                "url": "https://tosv.byted.org/obj/appscan-obj/aux/misc/393932323937373332353838363333450_api.html",
                "position": "<com.sendbird.uikit.internal.model.VoiceRecorder: void record()>",
                "target": [
                  "<com.sendbird.uikit.internal.model.VoiceRecorder: void record()>",
                  "virtualinvoke $r5.<android.media.MediaRecorder: void setOutputFile(java.lang.String)>($r4_1)"
                ]
              },
              "hash": "2caf2b7ed4d91b0289e6c8880a8c18360d8a3f20"
            }
          ]
        }
      },
      "clipboard data": {
        "453_api": {
          "complianceCategoryDetail": "clipboard data",
          "deobfApk": "",
          "level": "high",
          "name": "453_api",
          "detail": "剪贴板",
          "complianceCategory": "clipboard data",
          "category": "ComplianceInfo",
          "vulners": [
            {
              "details": {
                "url": "https://tosv.byted.org/obj/appscan-obj/aux/misc/393932323937383932303637353336453_api.html",
                "position": "<com.sendbird.uikit.fragments.BaseMessageListFragment: void copyTextToClipboard(java.lang.String)>",
                "target": [
                  "<com.sendbird.uikit.fragments.BaseMessageListFragment: void copyTextToClipboard(java.lang.String)>",
                  "virtualinvoke r4.<android.content.ClipboardManager: void setPrimaryClip(android.content.ClipData)>($r5)"
                ]
              },
              "hash": "a585097727dbfd165bc45b68ab61c1a5fea27f84"
            },
            {
              "details": {
                "url": "https://tosv.byted.org/obj/appscan-obj/aux/misc/393932323938313035393038393137453_api.html",
                "position": "<com.sendbird.uikit.fragments.OpenChannelFragment: void copyTextToClipboard(java.lang.String)>",
                "target": [
                  "<com.sendbird.uikit.fragments.OpenChannelFragment: void copyTextToClipboard(java.lang.String)>",
                  "virtualinvoke r4.<android.content.ClipboardManager: void setPrimaryClip(android.content.ClipData)>($r5)"
                ]
              },
              "hash": "5cbee86accc414defaaa3bee0d1f116d3a90618d"
            }
          ]
        }
      }
    },
    "DeepLinkInfo": {
      "SmartRouterParameterList": [
        "KEY_IMAGE_URL",
        "KEY_DELETABLE_MESSAGE",
        "KEY_CHANNEL_URL",
        "KEY_REQUEST_ID",
        "KEY_MESSAGE_MIMETYPE",
        "KEY_MESSAGE_SENDER_NAME",
        "KEY_IMAGE_PLAIN_URL",
        "KEY_SENDER_ID",
        "KEY_MESSAGE_FILENAME"
      ]
    },
    "JsBridgeInfo": {},
    "UrlRegion": {
      "filter": {
        "N/A:N/A": {
          "value": {
            "境外": {
              "api.ok.ru": {
                "value": {
                  "https://api.ok.ru/fb.do": {
                    "classes.dex.ru.ok.android.sdk.util.OkRequestUtil$Request": "const-string v1, \"https://api.ok.ru/fb.do\"\n"
                  }
                },
                "meta": {
                  "A": {
                    "108.160.162.109": "US"
                  },
                  "ICP": "ICP record undetected",
                  "ISP": [
                    "Dropbox, Inc."
                  ],
                  "locations": [
                    "US"
                  ],
                  "plugins": [
                    "DNS",
                    "ICP"
                  ]
                }
              },
              "connect.ok.ru": {
                "value": {
                  "https://connect.ok.ru/dk?st.cmd=": {
                    "classes.dex.ru.ok.android.sdk.AbstractWidgetActivity": "const-string v1, \"https://connect.ok.ru/dk?st.cmd=\"\n"
                  }
                },
                "meta": {
                  "A": {
                    "199.59.149.203": "US"
                  },
                  "ICP": "ICP record undetected",
                  "ISP": [
                    "Twitter Inc."
                  ],
                  "locations": [
                    "US"
                  ],
                  "plugins": [
                    "DNS",
                    "ICP"
                  ]
                }
              }
            }
          },
          "meta": {
            "url": "N/A",
            "description": "未查到组件信息",
            "version": "N/A"
          }
        }
      },
      "full": {
        "N/A:N/A": {
          "value": {
            "US": {
              "api.ok.ru": {
                "meta": {
                  "A": {
                    "108.160.162.109": "US"
                  },
                  "ICP": "ICP record undetected",
                  "ISP": [
                    "Dropbox, Inc."
                  ],
                  "locations": [
                    "US"
                  ],
                  "plugins": [
                    "DNS",
                    "ICP"
                  ]
                },
                "value": {
                  "https://api.ok.ru/fb.do": {
                    "classes.dex.ru.ok.android.sdk.util.OkRequestUtil$Request": "const-string v1, \"https://api.ok.ru/fb.do\"\n"
                  }
                }
              },
              "connect.ok.ru": {
                "meta": {
                  "A": {
                    "199.59.149.203": "US"
                  },
                  "ICP": "ICP record undetected",
                  "ISP": [
                    "Twitter Inc."
                  ],
                  "locations": [
                    "US"
                  ],
                  "plugins": [
                    "DNS",
                    "ICP"
                  ]
                },
                "value": {
                  "https://connect.ok.ru/dk?st.cmd=": {
                    "classes.dex.ru.ok.android.sdk.AbstractWidgetActivity": "const-string v1, \"https://connect.ok.ru/dk?st.cmd=\"\n"
                  }
                }
              }
            }
          },
          "meta": {
            "url": "N/A",
            "description": "未查到组件信息",
            "version": "N/A"
          }
        }
      }
    },
    "profiler": "https://tosv.byted.org/obj/appscan-obj/aux/misc/393932333030393932353631353239profiler.json",
    "HTTP_API": [],
    "BasicInfo": {
      "AppInfo": {
        "name": "",
        "size": "3.52MB",
        "package": "com.sendbird.uikit",
        "versionName": null,
        "versionCode": null,
        "target_sdk": "33",
        "min_sdk": "21",
        "max_sdk": "",
        "sha1": "f596ae8045b2d135cff3e48cc19f9cc36ff65fc3"
      },
      "SignInfo": {
        "Is signed v1": false,
        "Is signed v2": false,
        "Is signed v3": false,
        "certs": [],
        "pkeys": []
      },
      "ComponentsInfo": {
        "unExportedActivities": [
          "com.sendbird.uikit.activities.OpenChannelModerationActivity",
          "com.sendbird.uikit.activities.MessageSearchActivity",
          "com.sendbird.uikit.activities.OpenChannelListActivity",
          "com.sendbird.uikit.activities.ChannelSettingsActivity",
          "com.sendbird.uikit.activities.MemberListActivity",
          "com.sendbird.uikit.activities.ParticipantListActivity",
          "com.sendbird.uikit.activities.RegisterOperatorActivity",
          "com.sendbird.uikit.activities.PhotoViewActivity",
          "com.sendbird.uikit.activities.OperatorListActivity",
          "com.sendbird.uikit.activities.ChannelActivity",
          "com.sendbird.uikit.activities.ModerationActivity",
          "com.sendbird.uikit.activities.MutedMemberListActivity",
          "com.sendbird.uikit.activities.OpenChannelMutedParticipantListActivity",
          "com.sendbird.uikit.activities.MessageThreadActivity",
          "com.sendbird.uikit.activities.CreateOpenChannelActivity",
          "com.sendbird.uikit.activities.OpenChannelActivity",
          "com.sendbird.uikit.activities.ChannelPushSettingActivity",
          "com.sendbird.uikit.activities.BannedUserListActivity",
          "com.sendbird.uikit.activities.OpenChannelBannedUserListActivity",
          "com.sendbird.uikit.activities.ChatNotificationChannelActivity",
          "com.sendbird.uikit.activities.InviteUserActivity",
          "com.sendbird.uikit.activities.CreateChannelActivity",
          "com.sendbird.uikit.activities.ChannelListActivity",
          "com.sendbird.uikit.activities.OpenChannelOperatorListActivity",
          "com.sendbird.uikit.activities.FeedNotificationChannelActivity",
          "com.sendbird.uikit.activities.OpenChannelRegisterOperatorActivity",
          "com.sendbird.uikit.activities.OpenChannelSettingsActivity"
        ],
        "unExportedProviders": [
          "androidx.core.content.FileProvider"
        ]
      },
      "PermissionInfo": [
        "android.permission.CAMERA",
        "android.permission.WRITE_EXTERNAL_STORAGE",
        "android.permission.INTERNET",
        "android.permission.RECORD_AUDIO",
        "android.permission.READ_EXTERNAL_STORAGE"
      ],
      "DeobfApk": ""
    },
    "PermissionUsedDetails": {
      "declaredPermissions": [
        "android.permission.CAMERA",
        "android.permission.WRITE_EXTERNAL_STORAGE",
        "android.permission.INTERNET",
        "android.permission.RECORD_AUDIO",
        "android.permission.READ_EXTERNAL_STORAGE"
      ],
      "usedPermissions": {
        "android.permission.WRITE_EXTERNAL_STORAGE": {
          "level": "dangerous",
          "description": "Allows an application to write to external storage. Note: If both your minSdkVersion and targetSdkVersion values are set to 3 or lower, the system implicitly grants your app this permission. If you don't need this permission, be sure your targetSdkVersion is 4 or higher. Starting in API level 19, this permission is not required to read/write files in your application-specific directories returned by android.content.Context#getExternalFilesDir and android.content.Context#getExternalCacheDir. If this permission is not whitelisted for an app that targets an API level before android.os.Build.VERSION_CODES#Q this permission cannot be granted to apps",
          "positions": [
            "Default"
          ],
          "details": [
            {
              "caller": "N/A",
              "api": "N/A",
              "url": "N/A"
            }
          ]
        },
        "android.permission.READ_EXTERNAL_STORAGE": {
          "level": "dangerous",
          "description": "Allows an application to read from external storage.Any app that declares the WRITE_EXTERNAL_STORAGE permission is implicitly granted this permission. This permission is enforced starting in API level 19. Before API level 19, this permission is not enforced and all apps still have access to read from external storage. You can test your app with the permission enforced by enabling Protect USB storage under Developer options in the Settings app on a device running Android 4.1 or higher. Also starting in API level 19, this permission is not required to read/write files in your application-specific directories returned by android.content.Context#getExternalFilesDir and android.content.Context#getExternalCacheDir. Note: If both your minSdkVersion and targetSdkVersion values are set to 3 or lower, the system implicitly grants your app this permission. If you don't need this permission, be sure your targetSdkVersion is 4 or higher",
          "positions": [
            "Default"
          ],
          "details": [
            {
              "caller": "N/A",
              "api": "N/A",
              "url": "N/A"
            }
          ]
        },
        "android.permission.INTERNET": {
          "level": "normal|instant",
          "description": "Allows applications to open network sockets",
          "positions": [
            "Default"
          ],
          "details": [
            {
              "caller": "N/A",
              "api": "N/A",
              "url": "N/A"
            }
          ]
        }
      },
      "declaredButNoUsed": {
        "android.permission.CAMERA": {
          "level": "dangerous|instant",
          "description": "Required to be able to access the camera device. This will automatically enforce the uses-feature manifest element for all camera features. If you do not require all camera features or can properly operate if a camera is not available, then you must modify your manifest as appropriate in order to install on devices that don't support all camera features"
        },
        "android.permission.RECORD_AUDIO": {
          "level": "dangerous|instant",
          "description": "Allows an application to record audio"
        }
      },
      "usedButNotDeclared": {}
    },
    "SDKComplianceList": []
  },
  0
]