[
  {
    "SecurityInfo": {},
    "ComplianceInfo": {
      "carrier info": {
        "299_api": {
          "complianceCategoryDetail": "carrier info",
          "deobfApk": "",
          "level": "low",
          "name": "299_api",
          "detail": "获取移动网络类型，比如GSM、CDMA、LTE等。可能会被照明弹记录。",
          "complianceCategory": "carrier info",
          "category": "ComplianceInfo",
          "vulners": [
            {
              "details": {
                "url": "https://tosv.byted.org/obj/appscan-obj/aux/misc/393931373431383733383537333733299_api.html",
                "position": "<com.fyber.inneractive.sdk.util.j: int i()>",
                "target": [
                  "<com.fyber.inneractive.sdk.util.j: int i()>",
                  "$i0_2 = virtualinvoke $r2.<android.telephony.TelephonyManager: int getNetworkType()>()"
                ]
              },
              "hash": "0669249ae97740de92eda69ff6f9eeaeae490c9b"
            }
          ]
        }
      },
      "bluetooth": {
        "306_api": {
          "complianceCategoryDetail": "bluetooth",
          "deobfApk": "",
          "level": "low",
          "name": "306_api",
          "detail": "获取一个蓝牙设备配置的当前连接状态",
          "complianceCategory": "bluetooth",
          "category": "ComplianceInfo",
          "vulners": [
            {
              "details": {
                "url": "https://tosv.byted.org/obj/appscan-obj/aux/misc/393931373432333839323132313235306_api.html",
                "position": "<com.fyber.inneractive.sdk.serverapi.a: java.lang.Boolean f()>",
                "target": [
                  "<com.fyber.inneractive.sdk.serverapi.a: java.lang.Boolean f()>",
                  "$i0_2 = virtualinvoke $r3_1.<android.bluetooth.BluetoothAdapter: int getProfileConnectionState(int)>(2)"
                ]
              },
              "hash": "1501aaf12610e3006c87d197136008b41a289c81"
            }
          ]
        }
      },
      "applist": {
        "374_api": {
          "complianceCategoryDetail": "applist",
          "deobfApk": "",
          "level": "low",
          "name": "374_api",
          "detail": "可获取所有能够启动给定Intent的activity",
          "complianceCategory": "applist",
          "category": "ComplianceInfo",
          "vulners": [
            {
              "details": {
                "url": "https://tosv.byted.org/obj/appscan-obj/aux/misc/393931373432393639303637323932374_api.html",
                "position": "<com.fyber.inneractive.sdk.util.n: boolean a(android.content.Context,android.net.Uri)>",
                "target": [
                  "<com.fyber.inneractive.sdk.util.n: boolean a(android.content.Context,android.net.Uri)>",
                  "$r4 = virtualinvoke $r3.<android.content.pm.PackageManager: java.util.List queryIntentActivities(android.content.Intent,int)>($r0, 0)"
                ]
              },
              "hash": "ce110318b3327cfaae36d1ad80ba72d374604299"
            },
            {
              "details": {
                "url": "https://tosv.byted.org/obj/appscan-obj/aux/misc/393931373433303938333336373732374_api.html",
                "position": "<com.fyber.inneractive.sdk.util.j: boolean a(android.content.Intent)>",
                "target": [
                  "<com.fyber.inneractive.sdk.util.j: boolean a(android.content.Intent)>",
                  "$r3 = virtualinvoke $r2.<android.content.pm.PackageManager: java.util.List queryIntentActivities(android.content.Intent,int)>($r0, 0)"
                ]
              },
              "hash": "c26c72f00cf334cea9eb79bd5e5d50662f76509f"
            },
            {
              "details": {
                "url": "https://tosv.byted.org/obj/appscan-obj/aux/misc/393931373433323834393035383033374_api.html",
                "position": "<com.fyber.inneractive.sdk.click.j: com.fyber.inneractive.sdk.click.b a(android.content.Context,android.net.Uri,java.util.List)>",
                "target": [
                  "<com.fyber.inneractive.sdk.click.j: com.fyber.inneractive.sdk.click.b a(android.content.Context,android.net.Uri,java.util.List)>",
                  "$r8 = virtualinvoke $r6.<android.content.pm.PackageManager: java.util.List queryIntentActivities(android.content.Intent,int)>($r7, 32)"
                ]
              },
              "hash": "6d765480b9bf3ce938a6e21af1c50139b511207e"
            }
          ]
        }
      }
    },
    "DeepLinkInfo": {
      "SmartRouterParameterList": [
        "video_url",
        "spotId",
        "extra_url"
      ],
      "AdsCommandsParameterList": [
        "fallbackUrl",
        "error",
        "version",
        "url",
        "primaryUrl",
        "target"
      ]
    },
    "JsBridgeInfo": {},
    "UrlRegion": {
      "filter": {
        "N/A:N/A": {
          "value": {
            "境外": {
              "api.ok.ru": {
                "value": {
                  "https://api.ok.ru/fb.do": {
                    "classes.dex.ru.ok.android.sdk.util.OkRequestUtil$Request": "const-string v1, \"https://api.ok.ru/fb.do\"\n"
                  }
                },
                "meta": {
                  "A": {
                    "108.160.162.109": "US"
                  },
                  "ICP": "ICP record undetected",
                  "ISP": [
                    "Dropbox, Inc."
                  ],
                  "locations": [
                    "US"
                  ],
                  "plugins": [
                    "DNS",
                    "ICP"
                  ]
                }
              },
              "connect.ok.ru": {
                "value": {
                  "https://connect.ok.ru/dk?st.cmd=": {
                    "classes.dex.ru.ok.android.sdk.AbstractWidgetActivity": "const-string v1, \"https://connect.ok.ru/dk?st.cmd=\"\n"
                  }
                },
                "meta": {
                  "A": {
                    "199.59.149.203": "US"
                  },
                  "ICP": "ICP record undetected",
                  "ISP": [
                    "Twitter Inc."
                  ],
                  "locations": [
                    "US"
                  ],
                  "plugins": [
                    "DNS",
                    "ICP"
                  ]
                }
              }
            }
          },
          "meta": {
            "url": "N/A",
            "description": "未查到组件信息",
            "version": "N/A"
          }
        }
      },
      "full": {
        "N/A:N/A": {
          "value": {
            "US": {
              "api.ok.ru": {
                "meta": {
                  "A": {
                    "108.160.162.109": "US"
                  },
                  "ICP": "ICP record undetected",
                  "ISP": [
                    "Dropbox, Inc."
                  ],
                  "locations": [
                    "US"
                  ],
                  "plugins": [
                    "DNS",
                    "ICP"
                  ]
                },
                "value": {
                  "https://api.ok.ru/fb.do": {
                    "classes.dex.ru.ok.android.sdk.util.OkRequestUtil$Request": "const-string v1, \"https://api.ok.ru/fb.do\"\n"
                  }
                }
              },
              "connect.ok.ru": {
                "meta": {
                  "A": {
                    "199.59.149.203": "US"
                  },
                  "ICP": "ICP record undetected",
                  "ISP": [
                    "Twitter Inc."
                  ],
                  "locations": [
                    "US"
                  ],
                  "plugins": [
                    "DNS",
                    "ICP"
                  ]
                },
                "value": {
                  "https://connect.ok.ru/dk?st.cmd=": {
                    "classes.dex.ru.ok.android.sdk.AbstractWidgetActivity": "const-string v1, \"https://connect.ok.ru/dk?st.cmd=\"\n"
                  }
                }
              }
            }
          },
          "meta": {
            "url": "N/A",
            "description": "未查到组件信息",
            "version": "N/A"
          }
        }
      }
    },
    "profiler": "https://tosv.byted.org/obj/appscan-obj/aux/misc/393931373438333338353637343039profiler.json",
    "HTTP_API": [],
    "BasicInfo": {
      "AppInfo": {
        "name": "",
        "size": "2.63MB",
        "package": "com.fyber.inneractive.sdk",
        "versionName": "1.000000",
        "versionCode": "1",
        "target_sdk": "33",
        "min_sdk": "16",
        "max_sdk": "",
        "sha1": "0d35ffcd8c096892a464252b05e23a6ae53193d9"
      },
      "SignInfo": {
        "Is signed v1": false,
        "Is signed v2": false,
        "Is signed v3": false,
        "certs": [],
        "pkeys": []
      },
      "ComponentsInfo": {
        "exportedReceivers": [
          "com.fyber.inneractive.sdk.web.i$i",
          "com.fyber.inneractive.sdk.bidder.e"
        ],
        "unExportedActivities": [
          "com.fyber.inneractive.sdk.activities.InneractiveRichMediaVideoPlayerActivityCore",
          "com.fyber.inneractive.sdk.activities.FyberReportAdActivity",
          "com.fyber.inneractive.sdk.activities.InneractiveInternalBrowserActivity",
          "com.fyber.inneractive.sdk.activities.InneractiveFullscreenAdActivity",
          "com.fyber.inneractive.sdk.activities.InternalStoreWebpageActivity"
        ]
      },
      "PermissionInfo": [
        "android.permission.ACCESS_NETWORK_STATE",
        "android.permission.INTERNET"
      ],
      "DeobfApk": ""
    },
    "PermissionUsedDetails": {
      "declaredPermissions": [
        "android.permission.ACCESS_NETWORK_STATE",
        "android.permission.INTERNET"
      ],
      "usedPermissions": {
        "android.permission.INTERNET": {
          "level": "normal|instant",
          "description": "Allows applications to open network sockets",
          "positions": [
            "Default"
          ],
          "details": [
            {
              "caller": "N/A",
              "api": "N/A",
              "url": "N/A"
            }
          ]
        }
      },
      "declaredButNoUsed": {
        "android.permission.ACCESS_NETWORK_STATE": {
          "level": "normal|instant",
          "description": "Allows applications to access information about networks"
        }
      },
      "usedButNotDeclared": {}
    },
    "SDKComplianceList": []
  },
  0
]