[
  {
    "SecurityInfo": {},
    "ComplianceInfo": {
      "applist": {
        "374_api": {
          "complianceCategoryDetail": "applist",
          "deobfApk": "",
          "level": "low",
          "name": "374_api",
          "detail": "可获取所有能够启动给定Intent的activity",
          "complianceCategory": "applist",
          "category": "ComplianceInfo",
          "vulners": [
            {
              "details": {
                "url": "https://tosv.byted.org/obj/appscan-obj/aux/misc/393931383134323031363839333833374_api.html",
                "position": "<com.facebook.ads.redexgen.X.Eu: android.content.Intent A00(com.facebook.ads.redexgen.X.0k)>",
                "target": [
                  "<com.facebook.ads.redexgen.X.Eu: android.content.Intent A00(com.facebook.ads.redexgen.X.0k)>",
                  "$r8 = virtualinvoke $r7.<android.content.pm.PackageManager: java.util.List queryIntentActivities(android.content.Intent,int)>(r6_2, 65536)"
                ]
              },
              "hash": "b523bd89677edbd3169d280ee1f4ed6ec3b93edd"
            },
            {
              "details": {
                "url": "https://tosv.byted.org/obj/appscan-obj/aux/misc/393931383135323130353830303638374_api.html",
                "position": "<com.facebook.ads.redexgen.X.KL: boolean A0C(com.facebook.ads.redexgen.X.Wy)>",
                "target": [
                  "<com.facebook.ads.redexgen.X.KL: boolean A0C(com.facebook.ads.redexgen.X.Wy)>",
                  "$r6 = virtualinvoke $r5.<android.content.pm.PackageManager: java.util.List queryIntentActivities(android.content.Intent,int)>(r4, 0)"
                ]
              },
              "hash": "ec8a8a2041a23b5d0e3b0205d527997ba8c5d98f"
            },
            {
              "details": {
                "url": "https://tosv.byted.org/obj/appscan-obj/aux/misc/393931383135333639363536343732374_api.html",
                "position": "<com.facebook.ads.redexgen.X.Me: void setupDefaultNativeBrowser(com.facebook.ads.redexgen.X.Wy)>",
                "target": [
                  "<com.facebook.ads.redexgen.X.Me: void setupDefaultNativeBrowser(com.facebook.ads.redexgen.X.Wy)>",
                  "$r6 = virtualinvoke $r2.<android.content.pm.PackageManager: java.util.List queryIntentActivities(android.content.Intent,int)>(r5, 65536)"
                ]
              },
              "hash": "cfc56fd35f53b9e364c6a4191b0980499eb8db6a"
            }
          ]
        }
      },
      "sensor": {
        "394_api": {
          "complianceCategoryDetail": "sensor",
          "deobfApk": "",
          "level": "low",
          "name": "394_api",
          "detail": "传感器",
          "complianceCategory": "sensor",
          "category": "ComplianceInfo",
          "vulners": [
            {
              "details": {
                "url": "https://tosv.byted.org/obj/appscan-obj/aux/misc/393931383136343133363136333139394_api.html",
                "position": "<com.facebook.ads.redexgen.X.7u: void A0B(com.facebook.ads.redexgen.X.7G)>",
                "target": [
                  "<com.facebook.ads.redexgen.X.7u: void A0B(com.facebook.ads.redexgen.X.7G)>",
                  "virtualinvoke $r1_10.<android.hardware.SensorManager: boolean registerListener(android.hardware.SensorEventListener,android.hardware.Sensor,int)>($r5_4, $r4_10, 3)"
                ]
              },
              "hash": "c60fcaf698a1463dc598c19f21619cbcd6338a7f"
            },
            {
              "details": {
                "url": "https://tosv.byted.org/obj/appscan-obj/aux/misc/393931383136393636353837373236394_api.html",
                "position": "<com.facebook.ads.redexgen.X.LU: void A01()>",
                "target": [
                  "<com.facebook.ads.redexgen.X.LU: void A01()>",
                  "$z1 = virtualinvoke r5_2.<android.hardware.SensorManager: boolean registerListener(android.hardware.SensorEventListener,android.hardware.Sensor,int)>(r0, $r8, 3)"
                ]
              },
              "hash": "727d51b340d12e302d3282785a0a14182028a02b"
            }
          ]
        },
        "636_api": {
          "complianceCategoryDetail": "sensor",
          "deobfApk": "",
          "level": "high",
          "name": "636_api",
          "detail": "陀螺仪传感器",
          "complianceCategory": "sensor",
          "category": "ComplianceInfo",
          "vulners": [
            {
              "details": {
                "ConstValue": "4",
                "position": "<com.facebook.ads.redexgen.X.7u: void A0B(com.facebook.ads.redexgen.X.7G)>",
                "url": "https://tosv.byted.org/obj/appscan-obj/aux/misc/393931383231353231353931393131636_api.html",
                "target": [
                  "<com.facebook.ads.redexgen.X.7u: void A0B(com.facebook.ads.redexgen.X.7G)>",
                  "<android.hardware.SensorManager: android.hardware.Sensor getDefaultSensor(int)>",
                  "4"
                ]
              },
              "hash": "da471f48f8fc5dcf2f86e816d71268a4388c48f9"
            }
          ]
        },
        "396_api": {
          "complianceCategoryDetail": "sensor",
          "deobfApk": "",
          "level": "low",
          "name": "396_api",
          "detail": "传感器",
          "complianceCategory": "sensor",
          "category": "ComplianceInfo",
          "vulners": [
            {
              "details": {
                "url": "https://tosv.byted.org/obj/appscan-obj/aux/misc/393931383138333833333933383134396_api.html",
                "position": "<com.facebook.ads.redexgen.X.7u: void A0B(com.facebook.ads.redexgen.X.7G)>",
                "target": [
                  "<com.facebook.ads.redexgen.X.7u: void A0B(com.facebook.ads.redexgen.X.7G)>",
                  "virtualinvoke $r1_10.<android.hardware.SensorManager: boolean registerListener(android.hardware.SensorEventListener,android.hardware.Sensor,int)>($r5_4, $r4_10, 3)"
                ]
              },
              "hash": "c60fcaf698a1463dc598c19f21619cbcd6338a7f"
            },
            {
              "details": {
                "url": "https://tosv.byted.org/obj/appscan-obj/aux/misc/393931383138353038333932383236396_api.html",
                "position": "<com.facebook.ads.redexgen.X.LU: void A01()>",
                "target": [
                  "<com.facebook.ads.redexgen.X.LU: void A01()>",
                  "$z1 = virtualinvoke r5_2.<android.hardware.SensorManager: boolean registerListener(android.hardware.SensorEventListener,android.hardware.Sensor,int)>(r0, $r8, 3)"
                ]
              },
              "hash": "727d51b340d12e302d3282785a0a14182028a02b"
            }
          ]
        },
        "651_api": {
          "complianceCategoryDetail": "sensor",
          "deobfApk": "",
          "level": "high",
          "name": "651_api",
          "detail": "加速度传感器",
          "complianceCategory": "sensor",
          "category": "ComplianceInfo",
          "vulners": [
            {
              "details": {
                "ConstValue": "1",
                "position": "<com.facebook.ads.redexgen.X.7u: void A0B(com.facebook.ads.redexgen.X.7G)>",
                "url": "https://tosv.byted.org/obj/appscan-obj/aux/misc/393931383239303331353834363135651_api.html",
                "target": [
                  "<com.facebook.ads.redexgen.X.7u: void A0B(com.facebook.ads.redexgen.X.7G)>",
                  "<android.hardware.SensorManager: boolean registerListener(android.hardware.SensorEventListener,android.hardware.Sensor,int)>",
                  "1"
                ]
              },
              "hash": "a66f64f3fa86a52db628bbde95146507fe3456b5"
            },
            {
              "details": {
                "ConstValue": "1",
                "position": "<com.facebook.ads.redexgen.X.LU: void A01()>",
                "url": "https://tosv.byted.org/obj/appscan-obj/aux/misc/393931383239333533343734363139651_api.html",
                "target": [
                  "<com.facebook.ads.redexgen.X.LU: void A01()>",
                  "<android.hardware.SensorManager: boolean registerListener(android.hardware.SensorEventListener,android.hardware.Sensor,int)>",
                  "1"
                ]
              },
              "hash": "ca7bbe722371e125f57f4206254f93a683fbb497"
            }
          ]
        },
        "398_api": {
          "complianceCategoryDetail": "sensor",
          "deobfApk": "",
          "level": "low",
          "name": "398_api",
          "detail": "传感器",
          "complianceCategory": "sensor",
          "category": "ComplianceInfo",
          "vulners": [
            {
              "details": {
                "url": "https://tosv.byted.org/obj/appscan-obj/aux/misc/393931383139333130333430323330398_api.html",
                "position": "<com.facebook.ads.redexgen.X.7u: void A0B(com.facebook.ads.redexgen.X.7G)>",
                "target": [
                  "<com.facebook.ads.redexgen.X.7u: void A0B(com.facebook.ads.redexgen.X.7G)>",
                  "virtualinvoke $r1_10.<android.hardware.SensorManager: boolean registerListener(android.hardware.SensorEventListener,android.hardware.Sensor,int)>($r5_4, $r4_10, 3)"
                ]
              },
              "hash": "c60fcaf698a1463dc598c19f21619cbcd6338a7f"
            },
            {
              "details": {
                "url": "https://tosv.byted.org/obj/appscan-obj/aux/misc/393931383139343235313231393930398_api.html",
                "position": "<com.facebook.ads.redexgen.X.LU: void A01()>",
                "target": [
                  "<com.facebook.ads.redexgen.X.LU: void A01()>",
                  "$z1 = virtualinvoke r5_2.<android.hardware.SensorManager: boolean registerListener(android.hardware.SensorEventListener,android.hardware.Sensor,int)>(r0, $r8, 3)"
                ]
              },
              "hash": "727d51b340d12e302d3282785a0a14182028a02b"
            }
          ]
        },
        "638_api": {
          "complianceCategoryDetail": "sensor",
          "deobfApk": "",
          "level": "high",
          "name": "638_api",
          "detail": "陀螺仪传感器",
          "complianceCategory": "sensor",
          "category": "ComplianceInfo",
          "vulners": [
            {
              "details": {
                "ConstValue": "4",
                "position": "<com.facebook.ads.redexgen.X.7u: void A0B(com.facebook.ads.redexgen.X.7G)>",
                "url": "https://tosv.byted.org/obj/appscan-obj/aux/misc/393931383237373638383539383634638_api.html",
                "target": [
                  "<com.facebook.ads.redexgen.X.7u: void A0B(com.facebook.ads.redexgen.X.7G)>",
                  "<android.hardware.SensorManager: boolean registerListener(android.hardware.SensorEventListener,android.hardware.Sensor,int)>",
                  "4"
                ]
              },
              "hash": "da471f48f8fc5dcf2f86e816d71268a4388c48f9"
            }
          ]
        },
        "639_api": {
          "complianceCategoryDetail": "sensor",
          "deobfApk": "",
          "level": "high",
          "name": "639_api",
          "detail": "陀螺仪传感器",
          "complianceCategory": "sensor",
          "category": "ComplianceInfo",
          "vulners": [
            {
              "details": {
                "ConstValue": "4",
                "position": "<com.facebook.ads.redexgen.X.7u: void A0B(com.facebook.ads.redexgen.X.7G)>",
                "url": "https://tosv.byted.org/obj/appscan-obj/aux/misc/393931383237393338363037303536639_api.html",
                "target": [
                  "<com.facebook.ads.redexgen.X.7u: void A0B(com.facebook.ads.redexgen.X.7G)>",
                  "<android.hardware.SensorManager: boolean registerListener(android.hardware.SensorEventListener,android.hardware.Sensor,int)>",
                  "4"
                ]
              },
              "hash": "da471f48f8fc5dcf2f86e816d71268a4388c48f9"
            }
          ]
        },
        "395_api": {
          "complianceCategoryDetail": "sensor",
          "deobfApk": "",
          "level": "low",
          "name": "395_api",
          "detail": "传感器",
          "complianceCategory": "sensor",
          "category": "ComplianceInfo",
          "vulners": [
            {
              "details": {
                "url": "https://tosv.byted.org/obj/appscan-obj/aux/misc/393931383137393436383439333431395_api.html",
                "position": "<com.facebook.ads.redexgen.X.7u: void A0B(com.facebook.ads.redexgen.X.7G)>",
                "target": [
                  "<com.facebook.ads.redexgen.X.7u: void A0B(com.facebook.ads.redexgen.X.7G)>",
                  "virtualinvoke $r1_10.<android.hardware.SensorManager: boolean registerListener(android.hardware.SensorEventListener,android.hardware.Sensor,int)>($r5_4, $r4_10, 3)"
                ]
              },
              "hash": "c60fcaf698a1463dc598c19f21619cbcd6338a7f"
            },
            {
              "details": {
                "url": "https://tosv.byted.org/obj/appscan-obj/aux/misc/393931383138323631313731303031395_api.html",
                "position": "<com.facebook.ads.redexgen.X.LU: void A01()>",
                "target": [
                  "<com.facebook.ads.redexgen.X.LU: void A01()>",
                  "$z1 = virtualinvoke r5_2.<android.hardware.SensorManager: boolean registerListener(android.hardware.SensorEventListener,android.hardware.Sensor,int)>(r0, $r8, 3)"
                ]
              },
              "hash": "727d51b340d12e302d3282785a0a14182028a02b"
            }
          ]
        },
        "647_api": {
          "complianceCategoryDetail": "sensor",
          "deobfApk": "",
          "level": "high",
          "name": "647_api",
          "detail": "加速度传感器",
          "complianceCategory": "sensor",
          "category": "ComplianceInfo",
          "vulners": [
            {
              "details": {
                "ConstValue": "1",
                "position": "<com.facebook.ads.redexgen.X.7u: void A0B(com.facebook.ads.redexgen.X.7G)>",
                "url": "https://tosv.byted.org/obj/appscan-obj/aux/misc/393931383231363632303632323531647_api.html",
                "target": [
                  "<com.facebook.ads.redexgen.X.7u: void A0B(com.facebook.ads.redexgen.X.7G)>",
                  "<android.hardware.SensorManager: android.hardware.Sensor getDefaultSensor(int)>",
                  "1"
                ]
              },
              "hash": "a66f64f3fa86a52db628bbde95146507fe3456b5"
            },
            {
              "details": {
                "ConstValue": "1",
                "position": "<com.facebook.ads.redexgen.X.LU: void A01()>",
                "url": "https://tosv.byted.org/obj/appscan-obj/aux/misc/393931383232303332383734383239647_api.html",
                "target": [
                  "<com.facebook.ads.redexgen.X.LU: void A01()>",
                  "<android.hardware.SensorManager: android.hardware.Sensor getDefaultSensor(int)>",
                  "1"
                ]
              },
              "hash": "ca7bbe722371e125f57f4206254f93a683fbb497"
            }
          ]
        },
        "393_api": {
          "complianceCategoryDetail": "sensor",
          "deobfApk": "",
          "level": "low",
          "name": "393_api",
          "detail": "传感器",
          "complianceCategory": "sensor",
          "category": "ComplianceInfo",
          "vulners": [
            {
              "details": {
                "url": "https://tosv.byted.org/obj/appscan-obj/aux/misc/393931383135383932393435383839393_api.html",
                "position": "<com.facebook.ads.redexgen.X.7u: void A0B(com.facebook.ads.redexgen.X.7G)>",
                "target": [
                  "<com.facebook.ads.redexgen.X.7u: void A0B(com.facebook.ads.redexgen.X.7G)>",
                  "virtualinvoke $r1_10.<android.hardware.SensorManager: boolean registerListener(android.hardware.SensorEventListener,android.hardware.Sensor,int)>($r5_4, $r4_10, 3)"
                ]
              },
              "hash": "c60fcaf698a1463dc598c19f21619cbcd6338a7f"
            },
            {
              "details": {
                "url": "https://tosv.byted.org/obj/appscan-obj/aux/misc/393931383136333030323332393835393_api.html",
                "position": "<com.facebook.ads.redexgen.X.LU: void A01()>",
                "target": [
                  "<com.facebook.ads.redexgen.X.LU: void A01()>",
                  "$z1 = virtualinvoke r5_2.<android.hardware.SensorManager: boolean registerListener(android.hardware.SensorEventListener,android.hardware.Sensor,int)>(r0, $r8, 3)"
                ]
              },
              "hash": "727d51b340d12e302d3282785a0a14182028a02b"
            }
          ]
        },
        "397_api": {
          "complianceCategoryDetail": "sensor",
          "deobfApk": "",
          "level": "low",
          "name": "397_api",
          "detail": "传感器",
          "complianceCategory": "sensor",
          "category": "ComplianceInfo",
          "vulners": [
            {
              "details": {
                "url": "https://tosv.byted.org/obj/appscan-obj/aux/misc/393931383138383637333831363136397_api.html",
                "position": "<com.facebook.ads.redexgen.X.7u: void A0B(com.facebook.ads.redexgen.X.7G)>",
                "target": [
                  "<com.facebook.ads.redexgen.X.7u: void A0B(com.facebook.ads.redexgen.X.7G)>",
                  "virtualinvoke $r1_10.<android.hardware.SensorManager: boolean registerListener(android.hardware.SensorEventListener,android.hardware.Sensor,int)>($r5_4, $r4_10, 3)"
                ]
              },
              "hash": "c60fcaf698a1463dc598c19f21619cbcd6338a7f"
            },
            {
              "details": {
                "url": "https://tosv.byted.org/obj/appscan-obj/aux/misc/393931383139303137363238363739397_api.html",
                "position": "<com.facebook.ads.redexgen.X.LU: void A01()>",
                "target": [
                  "<com.facebook.ads.redexgen.X.LU: void A01()>",
                  "$z1 = virtualinvoke r5_2.<android.hardware.SensorManager: boolean registerListener(android.hardware.SensorEventListener,android.hardware.Sensor,int)>(r0, $r8, 3)"
                ]
              },
              "hash": "727d51b340d12e302d3282785a0a14182028a02b"
            }
          ]
        },
        "648_api": {
          "complianceCategoryDetail": "sensor",
          "deobfApk": "",
          "level": "high",
          "name": "648_api",
          "detail": "加速度传感器",
          "complianceCategory": "sensor",
          "category": "ComplianceInfo",
          "vulners": [
            {
              "details": {
                "ConstValue": "1",
                "position": "<com.facebook.ads.redexgen.X.7u: void A0B(com.facebook.ads.redexgen.X.7G)>",
                "url": "https://tosv.byted.org/obj/appscan-obj/aux/misc/393931383232313531303031323538648_api.html",
                "target": [
                  "<com.facebook.ads.redexgen.X.7u: void A0B(com.facebook.ads.redexgen.X.7G)>",
                  "<android.hardware.SensorManager: android.hardware.Sensor getDefaultSensor(int)>",
                  "1"
                ]
              },
              "hash": "a66f64f3fa86a52db628bbde95146507fe3456b5"
            },
            {
              "details": {
                "ConstValue": "1",
                "position": "<com.facebook.ads.redexgen.X.LU: void A01()>",
                "url": "https://tosv.byted.org/obj/appscan-obj/aux/misc/393931383232343936363637363236648_api.html",
                "target": [
                  "<com.facebook.ads.redexgen.X.LU: void A01()>",
                  "<android.hardware.SensorManager: android.hardware.Sensor getDefaultSensor(int)>",
                  "1"
                ]
              },
              "hash": "ca7bbe722371e125f57f4206254f93a683fbb497"
            }
          ]
        },
        "635_api": {
          "complianceCategoryDetail": "sensor",
          "deobfApk": "",
          "level": "high",
          "name": "635_api",
          "detail": "陀螺仪传感器",
          "complianceCategory": "sensor",
          "category": "ComplianceInfo",
          "vulners": [
            {
              "details": {
                "ConstValue": "4",
                "position": "<com.facebook.ads.redexgen.X.7u: void A0B(com.facebook.ads.redexgen.X.7G)>",
                "url": "https://tosv.byted.org/obj/appscan-obj/aux/misc/393931383231313736313830353432635_api.html",
                "target": [
                  "<com.facebook.ads.redexgen.X.7u: void A0B(com.facebook.ads.redexgen.X.7G)>",
                  "<android.hardware.SensorManager: android.hardware.Sensor getDefaultSensor(int)>",
                  "4"
                ]
              },
              "hash": "da471f48f8fc5dcf2f86e816d71268a4388c48f9"
            }
          ]
        },
        "650_api": {
          "complianceCategoryDetail": "sensor",
          "deobfApk": "",
          "level": "high",
          "name": "650_api",
          "detail": "加速度传感器",
          "complianceCategory": "sensor",
          "category": "ComplianceInfo",
          "vulners": [
            {
              "details": {
                "ConstValue": "1",
                "position": "<com.facebook.ads.redexgen.X.7u: void A0B(com.facebook.ads.redexgen.X.7G)>",
                "url": "https://tosv.byted.org/obj/appscan-obj/aux/misc/393931383238343335353738343434650_api.html",
                "target": [
                  "<com.facebook.ads.redexgen.X.7u: void A0B(com.facebook.ads.redexgen.X.7G)>",
                  "<android.hardware.SensorManager: boolean registerListener(android.hardware.SensorEventListener,android.hardware.Sensor,int)>",
                  "1"
                ]
              },
              "hash": "a66f64f3fa86a52db628bbde95146507fe3456b5"
            },
            {
              "details": {
                "ConstValue": "1",
                "position": "<com.facebook.ads.redexgen.X.LU: void A01()>",
                "url": "https://tosv.byted.org/obj/appscan-obj/aux/misc/393931383238353139393131323936650_api.html",
                "target": [
                  "<com.facebook.ads.redexgen.X.LU: void A01()>",
                  "<android.hardware.SensorManager: boolean registerListener(android.hardware.SensorEventListener,android.hardware.Sensor,int)>",
                  "1"
                ]
              },
              "hash": "ca7bbe722371e125f57f4206254f93a683fbb497"
            }
          ]
        }
      }
    },
    "DeepLinkInfo": {},
    "JsBridgeInfo": {},
    "UrlRegion": {
      "filter": {
        "N/A:N/A": {
          "value": {
            "境外": {
              "api.ok.ru": {
                "value": {
                  "https://api.ok.ru/fb.do": {
                    "classes.dex.ru.ok.android.sdk.util.OkRequestUtil$Request": "const-string v1, \"https://api.ok.ru/fb.do\"\n"
                  }
                },
                "meta": {
                  "A": {
                    "108.160.162.109": "US"
                  },
                  "ICP": "ICP record undetected",
                  "ISP": [
                    "Dropbox, Inc."
                  ],
                  "locations": [
                    "US"
                  ],
                  "plugins": [
                    "DNS",
                    "ICP"
                  ]
                }
              },
              "connect.ok.ru": {
                "value": {
                  "https://connect.ok.ru/dk?st.cmd=": {
                    "classes.dex.ru.ok.android.sdk.AbstractWidgetActivity": "const-string v1, \"https://connect.ok.ru/dk?st.cmd=\"\n"
                  }
                },
                "meta": {
                  "A": {
                    "199.59.149.203": "US"
                  },
                  "ICP": "ICP record undetected",
                  "ISP": [
                    "Twitter Inc."
                  ],
                  "locations": [
                    "US"
                  ],
                  "plugins": [
                    "DNS",
                    "ICP"
                  ]
                }
              }
            }
          },
          "meta": {
            "url": "N/A",
            "description": "未查到组件信息",
            "version": "N/A"
          }
        }
      },
      "full": {
        "N/A:N/A": {
          "value": {
            "US": {
              "api.ok.ru": {
                "meta": {
                  "A": {
                    "108.160.162.109": "US"
                  },
                  "ICP": "ICP record undetected",
                  "ISP": [
                    "Dropbox, Inc."
                  ],
                  "locations": [
                    "US"
                  ],
                  "plugins": [
                    "DNS",
                    "ICP"
                  ]
                },
                "value": {
                  "https://api.ok.ru/fb.do": {
                    "classes.dex.ru.ok.android.sdk.util.OkRequestUtil$Request": "const-string v1, \"https://api.ok.ru/fb.do\"\n"
                  }
                }
              },
              "connect.ok.ru": {
                "meta": {
                  "A": {
                    "199.59.149.203": "US"
                  },
                  "ICP": "ICP record undetected",
                  "ISP": [
                    "Twitter Inc."
                  ],
                  "locations": [
                    "US"
                  ],
                  "plugins": [
                    "DNS",
                    "ICP"
                  ]
                },
                "value": {
                  "https://connect.ok.ru/dk?st.cmd=": {
                    "classes.dex.ru.ok.android.sdk.AbstractWidgetActivity": "const-string v1, \"https://connect.ok.ru/dk?st.cmd=\"\n"
                  }
                }
              }
            }
          },
          "meta": {
            "url": "N/A",
            "description": "未查到组件信息",
            "version": "N/A"
          }
        }
      }
    },
    "profiler": "https://tosv.byted.org/obj/appscan-obj/aux/misc/393931383333383237373838363133profiler.json",
    "HTTP_API": [],
    "BasicInfo": {
      "AppInfo": {
        "name": "",
        "size": "1.65MB",
        "package": "com.facebook.ads",
        "versionName": "6.13.7",
        "versionCode": "1",
        "target_sdk": "32",
        "min_sdk": "14",
        "max_sdk": "",
        "sha1": "c22d4c11a77f4dd1bc2b7d5e07b90cdf4143c90d"
      },
      "SignInfo": {
        "Is signed v1": false,
        "Is signed v2": false,
        "Is signed v3": false,
        "certs": [],
        "pkeys": []
      },
      "ComponentsInfo": {
        "unExportedActivities": [
          "com.facebook.ads.AudienceNetworkActivity"
        ],
        "unExportedProviders": [
          "com.facebook.ads.AudienceNetworkContentProvider"
        ]
      },
      "PermissionInfo": [
        "android.permission.ACCESS_NETWORK_STATE",
        "com.google.android.gms.permission.AD_ID",
        "android.permission.INTERNET"
      ],
      "DeobfApk": ""
    },
    "PermissionUsedDetails": {
      "declaredPermissions": [
        "android.permission.ACCESS_NETWORK_STATE",
        "com.google.android.gms.permission.AD_ID",
        "android.permission.INTERNET"
      ],
      "usedPermissions": {
        "android.permission.INTERNET": {
          "level": "normal|instant",
          "description": "Allows applications to open network sockets",
          "positions": [
            "Default"
          ],
          "details": [
            {
              "caller": "N/A",
              "api": "N/A",
              "url": "N/A"
            }
          ]
        }
      },
      "declaredButNoUsed": {
        "android.permission.ACCESS_NETWORK_STATE": {
          "level": "normal|instant",
          "description": "Allows applications to access information about networks"
        },
        "com.google.android.gms.permission.AD_ID": null
      },
      "usedButNotDeclared": {}
    },
    "SDKComplianceList": []
  },
  0
]