[
  {
    "SecurityInfo": {},
    "ComplianceInfo": {
      "Android_ID": {
        "550_api": {
          "complianceCategoryDetail": "Android_ID",
          "deobfApk": "",
          "level": "high",
          "name": "550_api",
          "detail": "Android_ID",
          "complianceCategory": "Android_ID",
          "category": "ComplianceInfo",
          "vulners": [
            {
              "details": {
                "ConstValue": "android_id",
                "position": "<com.freshchat.consumer.sdk.b.h: java.lang.String l(android.content.Context)>",
                "url": "https://tosv.byted.org/obj/appscan-obj/aux/misc/393933363832323338303637303138550_api.html",
                "target": [
                  "<com.freshchat.consumer.sdk.b.h: java.lang.String l(android.content.Context)>",
                  "<android.provider.Settings$Secure: java.lang.String getString(android.content.ContentResolver,java.lang.String)>",
                  "android_id"
                ]
              },
              "hash": "ef4a0764c105fed22e4010d6e552b1f4deb7cdae"
            }
          ]
        }
      },
      "applist": {
        "374_api": {
          "complianceCategoryDetail": "applist",
          "deobfApk": "",
          "level": "low",
          "name": "374_api",
          "detail": "可获取所有能够启动给定Intent的activity",
          "complianceCategory": "applist",
          "category": "ComplianceInfo",
          "vulners": [
            {
              "details": {
                "url": "https://tosv.byted.org/obj/appscan-obj/aux/misc/393933363739333636373938353230374_api.html",
                "position": "<com.freshchat.consumer.sdk.j.ay: boolean bf(android.content.Context)>",
                "target": [
                  "<com.freshchat.consumer.sdk.j.ay: boolean bf(android.content.Context)>",
                  "$r3 = virtualinvoke $r1.<android.content.pm.PackageManager: java.util.List queryIntentActivities(android.content.Intent,int)>($r2, 65536)"
                ]
              },
              "hash": "04160ebaee101cbb4d2746bef55cd44b37e96726"
            }
          ]
        }
      },
      "video": {
        "448_api": {
          "complianceCategoryDetail": "video",
          "deobfApk": "",
          "level": "low",
          "name": "448_api",
          "detail": "录音",
          "complianceCategory": "video",
          "category": "ComplianceInfo",
          "vulners": [
            {
              "details": {
                "url": "https://tosv.byted.org/obj/appscan-obj/aux/misc/393933363830333435323635363230448_api.html",
                "position": "<com.freshchat.consumer.sdk.j.h: void ej()>",
                "target": [
                  "<com.freshchat.consumer.sdk.j.h: void ej()>",
                  "virtualinvoke $r1_3.<android.media.MediaRecorder: void setOutputFile(java.lang.String)>($r4)"
                ]
              },
              "hash": "9c43d650e4eefe0230cc9e4ae2e3fdf45aa015cc"
            }
          ]
        },
        "458_api": {
          "complianceCategoryDetail": "video",
          "deobfApk": "",
          "level": "low",
          "name": "458_api",
          "detail": "录音",
          "complianceCategory": "video",
          "category": "ComplianceInfo",
          "vulners": [
            {
              "details": {
                "url": "https://tosv.byted.org/obj/appscan-obj/aux/misc/393933363831313433343334393133458_api.html",
                "position": "<com.freshchat.consumer.sdk.j.h: void a()>",
                "target": [
                  "<com.freshchat.consumer.sdk.j.h: void a()>",
                  "virtualinvoke $r7_1.<android.media.MediaRecorder: void start()>()"
                ]
              },
              "hash": "81178ea8191a66e0a98d2939b74481144e55a94a"
            }
          ]
        },
        "402_api": {
          "complianceCategoryDetail": "video",
          "deobfApk": "",
          "level": "low",
          "name": "402_api",
          "detail": "录音",
          "complianceCategory": "video",
          "category": "ComplianceInfo",
          "vulners": [
            {
              "details": {
                "url": "https://tosv.byted.org/obj/appscan-obj/aux/misc/393933363739363939353737303731402_api.html",
                "position": "<com.freshchat.consumer.sdk.j.h: void el()>",
                "target": [
                  "<com.freshchat.consumer.sdk.j.h: void el()>",
                  "virtualinvoke $r1.<android.media.MediaRecorder: void release()>()"
                ]
              },
              "hash": "ca95a91559ae6d57a13122f4c1de81c09924d030"
            }
          ]
        },
        "449_api": {
          "complianceCategoryDetail": "video",
          "deobfApk": "",
          "level": "low",
          "name": "449_api",
          "detail": "录音",
          "complianceCategory": "video",
          "category": "ComplianceInfo",
          "vulners": [
            {
              "details": {
                "url": "https://tosv.byted.org/obj/appscan-obj/aux/misc/393933363830353330353638343332449_api.html",
                "position": "<com.freshchat.consumer.sdk.j.h: void ej()>",
                "target": [
                  "<com.freshchat.consumer.sdk.j.h: void ej()>",
                  "virtualinvoke $r1_3.<android.media.MediaRecorder: void setOutputFile(java.lang.String)>($r4)"
                ]
              },
              "hash": "9c43d650e4eefe0230cc9e4ae2e3fdf45aa015cc"
            }
          ]
        },
        "372_api": {
          "complianceCategoryDetail": "video",
          "deobfApk": "",
          "level": "low",
          "name": "372_api",
          "detail": "录音",
          "complianceCategory": "video",
          "category": "ComplianceInfo",
          "vulners": [
            {
              "details": {
                "url": "https://tosv.byted.org/obj/appscan-obj/aux/misc/393933363738393839363831353637372_api.html",
                "position": "<com.freshchat.consumer.sdk.j.h: void a()>",
                "target": [
                  "<com.freshchat.consumer.sdk.j.h: void a()>",
                  "virtualinvoke $r7.<android.media.MediaRecorder: void prepare()>()"
                ]
              },
              "hash": "f12965fd2cfa588fbc048784034caa18dfaef20b"
            }
          ]
        },
        "477_api": {
          "complianceCategoryDetail": "video",
          "deobfApk": "",
          "level": "low",
          "name": "477_api",
          "detail": "录音",
          "complianceCategory": "video",
          "category": "ComplianceInfo",
          "vulners": [
            {
              "details": {
                "url": "https://tosv.byted.org/obj/appscan-obj/aux/misc/393933363831353037343637363633477_api.html",
                "position": "<com.freshchat.consumer.sdk.j.h: void q(boolean)>",
                "target": [
                  "<com.freshchat.consumer.sdk.j.h: void q(boolean)>",
                  "virtualinvoke $r3.<android.media.MediaRecorder: void stop()>()"
                ]
              },
              "hash": "34c7e9ea1866335f46b45984e54619e310f6bbe8"
            }
          ]
        },
        "450_api": {
          "complianceCategoryDetail": "video",
          "deobfApk": "",
          "level": "low",
          "name": "450_api",
          "detail": "录音",
          "complianceCategory": "video",
          "category": "ComplianceInfo",
          "vulners": [
            {
              "details": {
                "url": "https://tosv.byted.org/obj/appscan-obj/aux/misc/393933363830373032393034353138450_api.html",
                "position": "<com.freshchat.consumer.sdk.j.h: void ej()>",
                "target": [
                  "<com.freshchat.consumer.sdk.j.h: void ej()>",
                  "virtualinvoke $r1_3.<android.media.MediaRecorder: void setOutputFile(java.lang.String)>($r4)"
                ]
              },
              "hash": "9c43d650e4eefe0230cc9e4ae2e3fdf45aa015cc"
            }
          ]
        }
      },
      "clipboard data": {
        "453_api": {
          "complianceCategoryDetail": "clipboard data",
          "deobfApk": "",
          "level": "high",
          "name": "453_api",
          "detail": "剪贴板",
          "complianceCategory": "clipboard data",
          "category": "ComplianceInfo",
          "vulners": [
            {
              "details": {
                "url": "https://tosv.byted.org/obj/appscan-obj/aux/misc/393933363830383739333032393733453_api.html",
                "position": "<com.freshchat.consumer.sdk.activity.ConversationDetailActivity$18: void a(com.freshchat.consumer.sdk.beans.Message,boolean)>",
                "target": [
                  "<com.freshchat.consumer.sdk.activity.ConversationDetailActivity$18: void a(com.freshchat.consumer.sdk.beans.Message,boolean)>",
                  "virtualinvoke $r3_1.<android.content.ClipboardManager: void setPrimaryClip(android.content.ClipData)>($r7)"
                ]
              },
              "hash": "ebca7395c9fe9505f7a1577ceee93bd256ebfe2d"
            }
          ]
        }
      }
    },
    "DeepLinkInfo": {
      "SmartRouterParameterList": [
        "IS_FROM_NOTIFICATION_CLICK",
        "LAUNCH_APP_ON_CLICK",
        "NOTIFICATION_CLICKED",
        "FRESHCHAT_DEEPLINK",
        "OPTIONS_TYPE",
        "IMAGE_CAPTION",
        "MIME_TYPE",
        "DEEPLINK_URL"
      ],
      "AdsCommandsParameterList": [
        "article_id",
        "category_id",
        "id",
        "title",
        "tags"
      ]
    },
    "JsBridgeInfo": {},
    "UrlRegion": {
      "filter": {
        "N/A:N/A": {
          "value": {
            "境外": {
              "api.ok.ru": {
                "value": {
                  "https://api.ok.ru/fb.do": {
                    "classes.dex.ru.ok.android.sdk.util.OkRequestUtil$Request": "const-string v1, \"https://api.ok.ru/fb.do\"\n"
                  }
                },
                "meta": {
                  "A": {
                    "108.160.162.109": "US"
                  },
                  "ICP": "ICP record undetected",
                  "ISP": [
                    "Dropbox, Inc."
                  ],
                  "locations": [
                    "US"
                  ],
                  "plugins": [
                    "DNS",
                    "ICP"
                  ]
                }
              },
              "connect.ok.ru": {
                "value": {
                  "https://connect.ok.ru/dk?st.cmd=": {
                    "classes.dex.ru.ok.android.sdk.AbstractWidgetActivity": "const-string v1, \"https://connect.ok.ru/dk?st.cmd=\"\n"
                  }
                },
                "meta": {
                  "A": {
                    "199.59.149.203": "US"
                  },
                  "ICP": "ICP record undetected",
                  "ISP": [
                    "Twitter Inc."
                  ],
                  "locations": [
                    "US"
                  ],
                  "plugins": [
                    "DNS",
                    "ICP"
                  ]
                }
              }
            }
          },
          "meta": {
            "url": "N/A",
            "description": "未查到组件信息",
            "version": "N/A"
          }
        }
      },
      "full": {
        "N/A:N/A": {
          "value": {
            "US": {
              "api.ok.ru": {
                "meta": {
                  "A": {
                    "108.160.162.109": "US"
                  },
                  "ICP": "ICP record undetected",
                  "ISP": [
                    "Dropbox, Inc."
                  ],
                  "locations": [
                    "US"
                  ],
                  "plugins": [
                    "DNS",
                    "ICP"
                  ]
                },
                "value": {
                  "https://api.ok.ru/fb.do": {
                    "classes.dex.ru.ok.android.sdk.util.OkRequestUtil$Request": "const-string v1, \"https://api.ok.ru/fb.do\"\n"
                  }
                }
              },
              "connect.ok.ru": {
                "meta": {
                  "A": {
                    "199.59.149.203": "US"
                  },
                  "ICP": "ICP record undetected",
                  "ISP": [
                    "Twitter Inc."
                  ],
                  "locations": [
                    "US"
                  ],
                  "plugins": [
                    "DNS",
                    "ICP"
                  ]
                },
                "value": {
                  "https://connect.ok.ru/dk?st.cmd=": {
                    "classes.dex.ru.ok.android.sdk.AbstractWidgetActivity": "const-string v1, \"https://connect.ok.ru/dk?st.cmd=\"\n"
                  }
                }
              }
            }
          },
          "meta": {
            "url": "N/A",
            "description": "未查到组件信息",
            "version": "N/A"
          }
        }
      }
    },
    "profiler": "https://tosv.byted.org/obj/appscan-obj/aux/misc/393933363836393135353630343533profiler.json",
    "HTTP_API": [],
    "BasicInfo": {
      "AppInfo": {
        "name": "",
        "size": "1.81MB",
        "package": "com.freshchat.consumer.sdk",
        "versionName": "5.5.1",
        "versionCode": "551",
        "target_sdk": "31",
        "min_sdk": "16",
        "max_sdk": "",
        "sha1": "99a59322a6f95ed1b7d99e7f44eec16970b4c755"
      },
      "SignInfo": {
        "Is signed v1": false,
        "Is signed v2": false,
        "Is signed v3": false,
        "certs": [],
        "pkeys": []
      },
      "ComponentsInfo": {
        "unExportedActivities": [
          "com.freshchat.consumer.sdk.activity.FAQListActivity",
          "com.freshchat.consumer.sdk.activity.InterstitialActivity",
          "com.freshchat.consumer.sdk.activity.ConversationDetailActivity",
          "com.freshchat.consumer.sdk.activity.FAQSearchActivity",
          "com.freshchat.consumer.sdk.activity.BotFaqDetailsActivity",
          "com.freshchat.consumer.sdk.activity.FAQCategoriesActivity",
          "com.freshchat.consumer.sdk.activity.PictureAttachmentActivity",
          "com.freshchat.consumer.sdk.activity.ArticleDetailActivity",
          "com.freshchat.consumer.sdk.activity.DeeplinkInterstitialActivity",
          "com.freshchat.consumer.sdk.activity.CategoryListActivity",
          "com.freshchat.consumer.sdk.activity.ArticleListActivity",
          "com.freshchat.consumer.sdk.activity.ChannelListActivity",
          "com.freshchat.consumer.sdk.activity.FAQDetailsActivity"
        ],
        "unExportedProviders": [
          "com.freshchat.consumer.sdk.provider.FreshchatInitProvider"
        ],
        "unExportedServices": [
          "com.freshchat.consumer.sdk.service.FreshchatService"
        ],
        "unExportedReceivers": [
          "com.freshchat.consumer.sdk.receiver.FreshchatReceiver",
          "com.freshchat.consumer.sdk.receiver.FreshchatNetworkChangeReceiver"
        ]
      },
      "PermissionInfo": [
        "android.permission.ACCESS_NETWORK_STATE",
        "android.permission.INTERNET"
      ],
      "DeobfApk": ""
    },
    "PermissionUsedDetails": {
      "declaredPermissions": [
        "android.permission.ACCESS_NETWORK_STATE",
        "android.permission.INTERNET"
      ],
      "usedPermissions": {
        "android.permission.INTERNET": {
          "level": "normal|instant",
          "description": "Allows applications to open network sockets",
          "positions": [
            "Default"
          ],
          "details": [
            {
              "caller": "N/A",
              "api": "N/A",
              "url": "N/A"
            }
          ]
        }
      },
      "declaredButNoUsed": {
        "android.permission.ACCESS_NETWORK_STATE": {
          "level": "normal|instant",
          "description": "Allows applications to access information about networks"
        }
      },
      "usedButNotDeclared": {}
    },
    "SDKComplianceList": []
  },
  0
]