[
  {
    "SecurityInfo": {},
    "ComplianceInfo": {},
    "DeepLinkInfo": {
      "AdsCommandsParameterList": [
        "friend_order",
        "offset",
        "limit",
        "order"
      ]
    },
    "JsBridgeInfo": {},
    "UrlRegion": {
      "filter": {
        "N/A:N/A": {
          "value": {
            "境外": {
              "api.ok.ru": {
                "value": {
                  "https://api.ok.ru/fb.do": {
                    "classes.dex.ru.ok.android.sdk.util.OkRequestUtil$Request": "const-string v1, \"https://api.ok.ru/fb.do\"\n"
                  }
                },
                "meta": {
                  "A": {
                    "108.160.162.109": "US"
                  },
                  "ICP": "ICP record undetected",
                  "ISP": [
                    "Dropbox, Inc."
                  ],
                  "locations": [
                    "US"
                  ],
                  "plugins": [
                    "DNS",
                    "ICP"
                  ]
                }
              },
              "connect.ok.ru": {
                "value": {
                  "https://connect.ok.ru/dk?st.cmd=": {
                    "classes.dex.ru.ok.android.sdk.AbstractWidgetActivity": "const-string v1, \"https://connect.ok.ru/dk?st.cmd=\"\n"
                  }
                },
                "meta": {
                  "A": {
                    "199.59.149.203": "US"
                  },
                  "ICP": "ICP record undetected",
                  "ISP": [
                    "Twitter Inc."
                  ],
                  "locations": [
                    "US"
                  ],
                  "plugins": [
                    "DNS",
                    "ICP"
                  ]
                }
              }
            }
          },
          "meta": {
            "url": "N/A",
            "description": "未查到组件信息",
            "version": "N/A"
          }
        }
      },
      "full": {
        "N/A:N/A": {
          "value": {
            "US": {
              "api.ok.ru": {
                "meta": {
                  "A": {
                    "108.160.162.109": "US"
                  },
                  "ICP": "ICP record undetected",
                  "ISP": [
                    "Dropbox, Inc."
                  ],
                  "locations": [
                    "US"
                  ],
                  "plugins": [
                    "DNS",
                    "ICP"
                  ]
                },
                "value": {
                  "https://api.ok.ru/fb.do": {
                    "classes.dex.ru.ok.android.sdk.util.OkRequestUtil$Request": "const-string v1, \"https://api.ok.ru/fb.do\"\n"
                  }
                }
              },
              "connect.ok.ru": {
                "meta": {
                  "A": {
                    "199.59.149.203": "US"
                  },
                  "ICP": "ICP record undetected",
                  "ISP": [
                    "Twitter Inc."
                  ],
                  "locations": [
                    "US"
                  ],
                  "plugins": [
                    "DNS",
                    "ICP"
                  ]
                },
                "value": {
                  "https://connect.ok.ru/dk?st.cmd=": {
                    "classes.dex.ru.ok.android.sdk.AbstractWidgetActivity": "const-string v1, \"https://connect.ok.ru/dk?st.cmd=\"\n"
                  }
                }
              }
            }
          },
          "meta": {
            "url": "N/A",
            "description": "未查到组件信息",
            "version": "N/A"
          }
        }
      }
    },
    "profiler": "https://tosv.byted.org/obj/appscan-obj/aux/misc/393933373834393532303235393537profiler.json",
    "HTTP_API": [
      {
        "API": "/v1/api/talk/channels",
        "ReqMethod": "GET",
        "EntryMethod": "<com.kakao.sdk.talk.TalkApi: retrofit2.Call channels(java.lang.String)>",
        "AnnotType": [
          "Lretrofit2/http/GET;"
        ]
      },
      {
        "API": "v1/api/talk/friends",
        "ReqMethod": "GET",
        "EntryMethod": "<com.kakao.sdk.talk.TalkApi: retrofit2.Call friends(java.lang.Integer,java.lang.Integer,com.kakao.sdk.talk.model.Order,com.kakao.sdk.talk.model.FriendOrder)>",
        "AnnotType": [
          "Lretrofit2/http/GET;"
        ]
      },
      {
        "API": "/v1/api/talk/profile",
        "ReqMethod": "GET",
        "EntryMethod": "<com.kakao.sdk.talk.TalkApi: retrofit2.Call profile()>",
        "AnnotType": [
          "Lretrofit2/http/GET;"
        ]
      },
      {
        "API": "/v2/api/talk/memo/send",
        "ReqMethod": "POST",
        "EntryMethod": "<com.kakao.sdk.talk.TalkApi: retrofit2.Call sendCustomMemo(long,java.util.Map)>",
        "AnnotType": [
          "Lretrofit2/http/POST;"
        ]
      },
      {
        "API": "/v1/api/talk/friends/message/send",
        "ReqMethod": "POST",
        "EntryMethod": "<com.kakao.sdk.talk.TalkApi: retrofit2.Call sendCustomMessage(java.lang.String,long,java.util.Map)>",
        "AnnotType": [
          "Lretrofit2/http/POST;"
        ]
      },
      {
        "API": "/v2/api/talk/memo/default/send",
        "ReqMethod": "POST",
        "EntryMethod": "<com.kakao.sdk.talk.TalkApi: retrofit2.Call sendDefaultMemo(com.kakao.sdk.template.model.DefaultTemplate)>",
        "AnnotType": [
          "Lretrofit2/http/POST;"
        ]
      },
      {
        "API": "/v1/api/talk/friends/message/default/send",
        "ReqMethod": "POST",
        "EntryMethod": "<com.kakao.sdk.talk.TalkApi: retrofit2.Call sendDefaultMessage(java.lang.String,com.kakao.sdk.template.model.DefaultTemplate)>",
        "AnnotType": [
          "Lretrofit2/http/POST;"
        ]
      },
      {
        "API": "/v2/api/talk/memo/scrap/send",
        "ReqMethod": "POST",
        "EntryMethod": "<com.kakao.sdk.talk.TalkApi: retrofit2.Call sendScrapMemo(java.lang.String,java.lang.Long,java.util.Map)>",
        "AnnotType": [
          "Lretrofit2/http/POST;"
        ]
      },
      {
        "API": "/v1/api/talk/friends/message/scrap/send",
        "ReqMethod": "POST",
        "EntryMethod": "<com.kakao.sdk.talk.TalkApi: retrofit2.Call sendScrapMessage(java.lang.String,java.lang.String,java.lang.Long,java.util.Map)>",
        "AnnotType": [
          "Lretrofit2/http/POST;"
        ]
      }
    ],
    "BasicInfo": {
      "AppInfo": {
        "name": "",
        "size": "0.09MB",
        "package": "com.kakao.sdk.v2.talk",
        "versionName": null,
        "versionCode": null,
        "target_sdk": "33",
        "min_sdk": "21",
        "max_sdk": "",
        "sha1": "363080cbe9cb27ff5fedf85b1c0e681b3f712a16"
      },
      "SignInfo": {
        "Is signed v1": false,
        "Is signed v2": false,
        "Is signed v3": false,
        "certs": [],
        "pkeys": []
      },
      "ComponentsInfo": {},
      "PermissionInfo": [],
      "DeobfApk": ""
    },
    "PermissionUsedDetails": {
      "declaredPermissions": [],
      "usedPermissions": {},
      "declaredButNoUsed": {},
      "usedButNotDeclared": {}
    },
    "SDKComplianceList": []
  },
  0
]