[
  {
    "SecurityInfo": {},
    "ComplianceInfo": {
      "location": {
        "575_api": {
          "complianceCategoryDetail": "location",
          "deobfApk": "",
          "level": "high",
          "name": "575_api",
          "detail": "纬度",
          "complianceCategory": "location",
          "category": "ComplianceInfo",
          "vulners": [
            {
              "details": {
                "url": "https://tosv.byted.org/obj/appscan-obj/aux/misc/393932333539323238303632383737575_api.html",
                "position": "<com.helpshift.util.LocationUtil: android.location.Location sanitizeLocation(android.location.Location)>",
                "target": [
                  "<com.helpshift.util.LocationUtil: android.location.Location sanitizeLocation(android.location.Location)>",
                  "$d0 = virtualinvoke $r0.<android.location.Location: double getLatitude()>()"
                ]
              },
              "hash": "1a1ae880cceae2c7caf251a9cbda8d76f3f6113f"
            }
          ]
        },
        "576_api": {
          "complianceCategoryDetail": "location",
          "deobfApk": "",
          "level": "high",
          "name": "576_api",
          "detail": "经度",
          "complianceCategory": "location",
          "category": "ComplianceInfo",
          "vulners": [
            {
              "details": {
                "url": "https://tosv.byted.org/obj/appscan-obj/aux/misc/393932333539343436333435303633576_api.html",
                "position": "<com.helpshift.util.LocationUtil: android.location.Location sanitizeLocation(android.location.Location)>",
                "target": [
                  "<com.helpshift.util.LocationUtil: android.location.Location sanitizeLocation(android.location.Location)>",
                  "$d0_2 = virtualinvoke $r1.<android.location.Location: double getLongitude()>()"
                ]
              },
              "hash": "8fb4d51a555fe2a894d5752a79247c0fde26415a"
            }
          ]
        }
      },
      "clipboard data": {
        "453_api": {
          "complianceCategoryDetail": "clipboard data",
          "deobfApk": "",
          "level": "high",
          "name": "453_api",
          "detail": "剪贴板",
          "complianceCategory": "clipboard data",
          "category": "ComplianceInfo",
          "vulners": [
            {
              "details": {
                "url": "https://tosv.byted.org/obj/appscan-obj/aux/misc/393932333538353031363739313735453_api.html",
                "position": "<com.helpshift.support.fragments.MainFragment: void copyToClipboard(java.lang.String)>",
                "target": [
                  "<com.helpshift.support.fragments.MainFragment: void copyToClipboard(java.lang.String)>",
                  "virtualinvoke r4.<android.content.ClipboardManager: void setPrimaryClip(android.content.ClipData)>($r5)"
                ]
              },
              "hash": "4534d63df8769fb8009afb0c14a2a393df5ffee4"
            }
          ]
        }
      }
    },
    "DeepLinkInfo": {
      "SmartRouterParameterList": [
        "toolbarId",
        "decomp",
        "showInFullScreen",
        "is_embedded",
        "flow_title"
      ]
    },
    "JsBridgeInfo": {},
    "UrlRegion": {
      "filter": {
        "N/A:N/A": {
          "value": {
            "境外": {
              "api.ok.ru": {
                "value": {
                  "https://api.ok.ru/fb.do": {
                    "classes.dex.ru.ok.android.sdk.util.OkRequestUtil$Request": "const-string v1, \"https://api.ok.ru/fb.do\"\n"
                  }
                },
                "meta": {
                  "A": {
                    "108.160.162.109": "US"
                  },
                  "ICP": "ICP record undetected",
                  "ISP": [
                    "Dropbox, Inc."
                  ],
                  "locations": [
                    "US"
                  ],
                  "plugins": [
                    "DNS",
                    "ICP"
                  ]
                }
              },
              "connect.ok.ru": {
                "value": {
                  "https://connect.ok.ru/dk?st.cmd=": {
                    "classes.dex.ru.ok.android.sdk.AbstractWidgetActivity": "const-string v1, \"https://connect.ok.ru/dk?st.cmd=\"\n"
                  }
                },
                "meta": {
                  "A": {
                    "199.59.149.203": "US"
                  },
                  "ICP": "ICP record undetected",
                  "ISP": [
                    "Twitter Inc."
                  ],
                  "locations": [
                    "US"
                  ],
                  "plugins": [
                    "DNS",
                    "ICP"
                  ]
                }
              }
            }
          },
          "meta": {
            "url": "N/A",
            "description": "未查到组件信息",
            "version": "N/A"
          }
        }
      },
      "full": {
        "N/A:N/A": {
          "value": {
            "US": {
              "api.ok.ru": {
                "meta": {
                  "A": {
                    "108.160.162.109": "US"
                  },
                  "ICP": "ICP record undetected",
                  "ISP": [
                    "Dropbox, Inc."
                  ],
                  "locations": [
                    "US"
                  ],
                  "plugins": [
                    "DNS",
                    "ICP"
                  ]
                },
                "value": {
                  "https://api.ok.ru/fb.do": {
                    "classes.dex.ru.ok.android.sdk.util.OkRequestUtil$Request": "const-string v1, \"https://api.ok.ru/fb.do\"\n"
                  }
                }
              },
              "connect.ok.ru": {
                "meta": {
                  "A": {
                    "199.59.149.203": "US"
                  },
                  "ICP": "ICP record undetected",
                  "ISP": [
                    "Twitter Inc."
                  ],
                  "locations": [
                    "US"
                  ],
                  "plugins": [
                    "DNS",
                    "ICP"
                  ]
                },
                "value": {
                  "https://connect.ok.ru/dk?st.cmd=": {
                    "classes.dex.ru.ok.android.sdk.AbstractWidgetActivity": "const-string v1, \"https://connect.ok.ru/dk?st.cmd=\"\n"
                  }
                }
              }
            }
          },
          "meta": {
            "url": "N/A",
            "description": "未查到组件信息",
            "version": "N/A"
          }
        }
      }
    },
    "profiler": "https://tosv.byted.org/obj/appscan-obj/aux/misc/393932333631363730313835343537profiler.json",
    "HTTP_API": [],
    "BasicInfo": {
      "AppInfo": {
        "name": "",
        "size": "2.71MB",
        "package": "com.helpshift",
        "versionName": "1.000000",
        "versionCode": "1",
        "target_sdk": "",
        "min_sdk": "14",
        "max_sdk": "",
        "sha1": "e55a712be039b9254bffb0a0467cdce5d597e6ab"
      },
      "SignInfo": {
        "Is signed v1": false,
        "Is signed v2": false,
        "Is signed v3": false,
        "certs": [],
        "pkeys": []
      },
      "ComponentsInfo": {
        "exportedReceivers": [
          "com.helpshift.network.connectivity.HSBelowNConnectivityManager"
        ],
        "unExportedActivities": [
          "com.helpshift.support.activities.ParentActivity",
          "com.helpshift.support.HSReview"
        ],
        "unExportedProviders": [
          "com.helpshift.support.providers.HelpshiftFileProvider"
        ]
      },
      "PermissionInfo": [
        "android.permission.ACCESS_NETWORK_STATE",
        "android.permission.READ_MEDIA_AUDIO",
        "android.permission.WRITE_EXTERNAL_STORAGE",
        "android.permission.INTERNET",
        "android.permission.READ_MEDIA_IMAGES",
        "android.permission.READ_MEDIA_VIDEO",
        "android.permission.READ_EXTERNAL_STORAGE"
      ],
      "DeobfApk": ""
    },
    "PermissionUsedDetails": {
      "declaredPermissions": [
        "android.permission.ACCESS_NETWORK_STATE",
        "android.permission.READ_MEDIA_AUDIO",
        "android.permission.WRITE_EXTERNAL_STORAGE",
        "android.permission.INTERNET",
        "android.permission.READ_MEDIA_IMAGES",
        "android.permission.READ_MEDIA_VIDEO",
        "android.permission.READ_EXTERNAL_STORAGE"
      ],
      "usedPermissions": {
        "android.permission.WRITE_EXTERNAL_STORAGE": {
          "level": "dangerous",
          "description": "Allows an application to write to external storage. Note: If both your minSdkVersion and targetSdkVersion values are set to 3 or lower, the system implicitly grants your app this permission. If you don't need this permission, be sure your targetSdkVersion is 4 or higher. Starting in API level 19, this permission is not required to read/write files in your application-specific directories returned by android.content.Context#getExternalFilesDir and android.content.Context#getExternalCacheDir. If this permission is not whitelisted for an app that targets an API level before android.os.Build.VERSION_CODES#Q this permission cannot be granted to apps",
          "positions": [
            "Default"
          ],
          "details": [
            {
              "caller": "N/A",
              "api": "N/A",
              "url": "N/A"
            }
          ]
        },
        "android.permission.READ_EXTERNAL_STORAGE": {
          "level": "dangerous",
          "description": "Allows an application to read from external storage.Any app that declares the WRITE_EXTERNAL_STORAGE permission is implicitly granted this permission. This permission is enforced starting in API level 19. Before API level 19, this permission is not enforced and all apps still have access to read from external storage. You can test your app with the permission enforced by enabling Protect USB storage under Developer options in the Settings app on a device running Android 4.1 or higher. Also starting in API level 19, this permission is not required to read/write files in your application-specific directories returned by android.content.Context#getExternalFilesDir and android.content.Context#getExternalCacheDir. Note: If both your minSdkVersion and targetSdkVersion values are set to 3 or lower, the system implicitly grants your app this permission. If you don't need this permission, be sure your targetSdkVersion is 4 or higher",
          "positions": [
            "Default"
          ],
          "details": [
            {
              "caller": "N/A",
              "api": "N/A",
              "url": "N/A"
            }
          ]
        },
        "android.permission.INTERNET": {
          "level": "normal|instant",
          "description": "Allows applications to open network sockets",
          "positions": [
            "Default"
          ],
          "details": [
            {
              "caller": "N/A",
              "api": "N/A",
              "url": "N/A"
            }
          ]
        }
      },
      "declaredButNoUsed": {
        "android.permission.ACCESS_NETWORK_STATE": {
          "level": "normal|instant",
          "description": "Allows applications to access information about networks"
        },
        "android.permission.READ_MEDIA_AUDIO": null,
        "android.permission.READ_MEDIA_IMAGES": null,
        "android.permission.READ_MEDIA_VIDEO": null
      },
      "usedButNotDeclared": {}
    },
    "SDKComplianceList": []
  },
  0
]