[
  {
    "SecurityInfo": {},
    "ComplianceInfo": {
      "carrier info": {
        "299_api": {
          "complianceCategoryDetail": "carrier info",
          "deobfApk": "",
          "level": "low",
          "name": "299_api",
          "detail": "获取移动网络类型，比如GSM、CDMA、LTE等。可能会被照明弹记录。",
          "complianceCategory": "carrier info",
          "category": "ComplianceInfo",
          "vulners": [
            {
              "details": {
                "url": "https://tosv.byted.org/obj/appscan-obj/aux/misc/393933313234313435333934333931299_api.html",
                "position": "<com.startapp.z5: java.lang.String a(android.content.Context)>",
                "target": [
                  "<com.startapp.z5: java.lang.String a(android.content.Context)>",
                  "$i0_3 = virtualinvoke $r2.<android.telephony.TelephonyManager: int getNetworkType()>()"
                ]
              },
              "hash": "5a112d61828494833708b80f68ff03a5b8fe06f2"
            }
          ]
        }
      },
      "bluetooth MAC": {
        "466_api": {
          "complianceCategoryDetail": "bluetooth MAC",
          "deobfApk": "",
          "level": "low",
          "name": "466_api",
          "detail": "蓝牙MAC地址",
          "complianceCategory": "bluetooth MAC",
          "category": "ComplianceInfo",
          "vulners": [
            {
              "details": {
                "url": "https://tosv.byted.org/obj/appscan-obj/aux/misc/393933313239303530353936373035466_api.html",
                "position": "<com.startapp.h1: void a(boolean)>",
                "target": [
                  "<com.startapp.h1: void a(boolean)>",
                  "virtualinvoke $r1_6.<android.bluetooth.BluetoothAdapter: boolean startDiscovery()>()"
                ]
              },
              "hash": "e86db7cb1666e2c79d66116b9a9b6e2786c4be18"
            }
          ]
        }
      },
      "bluetooth": {
        "297_api": {
          "complianceCategoryDetail": "bluetooth",
          "deobfApk": "",
          "level": "low",
          "name": "297_api",
          "detail": "获取连接的蓝牙设备名字",
          "complianceCategory": "bluetooth",
          "category": "ComplianceInfo",
          "vulners": [
            {
              "details": {
                "url": "https://tosv.byted.org/obj/appscan-obj/aux/misc/393933313233383037373930343934297_api.html",
                "position": "<com.startapp.e1: org.json.JSONArray a(java.util.Set)>",
                "target": [
                  "<com.startapp.e1: org.json.JSONArray a(java.util.Set)>",
                  "$r8_1 = virtualinvoke $r6.<android.bluetooth.BluetoothDevice: java.lang.String getName()>()"
                ]
              },
              "hash": "16445aa8f7b1e60a4b6090f7eaa22bb2d8aab3a9"
            }
          ]
        },
        "212_api": {
          "complianceCategoryDetail": "bluetooth",
          "deobfApk": "",
          "level": "low",
          "name": "212_api",
          "detail": "获取远程设备的Bluetooth Class",
          "complianceCategory": "bluetooth",
          "category": "ComplianceInfo",
          "vulners": [
            {
              "details": {
                "url": "https://tosv.byted.org/obj/appscan-obj/aux/misc/393933313232343834313335343535212_api.html",
                "position": "<com.startapp.e1: org.json.JSONArray a(java.util.Set)>",
                "target": [
                  "<com.startapp.e1: org.json.JSONArray a(java.util.Set)>",
                  "$r7 = virtualinvoke $r6.<android.bluetooth.BluetoothDevice: android.bluetooth.BluetoothClass getBluetoothClass()>()"
                ]
              },
              "hash": "83ca4da9409f043b681316319103bc53cdd091c5"
            }
          ]
        },
        "147_api": {
          "complianceCategoryDetail": "bluetooth",
          "deobfApk": "",
          "level": "low",
          "name": "147_api",
          "detail": "取消蓝牙扫描。",
          "complianceCategory": "bluetooth",
          "category": "ComplianceInfo",
          "vulners": [
            {
              "details": {
                "url": "https://tosv.byted.org/obj/appscan-obj/aux/misc/393933313231383838313231323538147_api.html",
                "position": "<com.startapp.h1: void a(boolean)>",
                "target": [
                  "<com.startapp.h1: void a(boolean)>",
                  "virtualinvoke $r1_8.<android.bluetooth.BluetoothAdapter: boolean cancelDiscovery()>()"
                ]
              },
              "hash": "0015a55bedf9410c46c5dd9bce29debec8557f19"
            },
            {
              "details": {
                "url": "https://tosv.byted.org/obj/appscan-obj/aux/misc/393933313232303137323235353136147_api.html",
                "position": "<com.startapp.h1: void c()>",
                "target": [
                  "<com.startapp.h1: void c()>",
                  "virtualinvoke $r3.<android.bluetooth.BluetoothAdapter: boolean cancelDiscovery()>()"
                ]
              },
              "hash": "ab9d965d2bcb974b2eed399166ed9111cf897614"
            }
          ]
        },
        "214_api": {
          "complianceCategoryDetail": "bluetooth",
          "deobfApk": "",
          "level": "low",
          "name": "214_api",
          "detail": "获取远程设备的绑定状态，返回值为BOND_NONE、BOND_BONDING、BOND_BONDED之一",
          "complianceCategory": "bluetooth",
          "category": "ComplianceInfo",
          "vulners": [
            {
              "details": {
                "url": "https://tosv.byted.org/obj/appscan-obj/aux/misc/393933313232383539333032313933214_api.html",
                "position": "<com.startapp.e1: org.json.JSONArray a(java.util.Set)>",
                "target": [
                  "<com.startapp.e1: org.json.JSONArray a(java.util.Set)>",
                  "$i0_2 = virtualinvoke $r6.<android.bluetooth.BluetoothDevice: int getBondState()>()"
                ]
              },
              "hash": "dfed6fd661d52fb5051477761fcc076066ce053a"
            }
          ]
        },
        "213_api": {
          "complianceCategoryDetail": "bluetooth",
          "deobfApk": "",
          "level": "high",
          "name": "213_api",
          "detail": "返回与本地适配器绑定（配对）的蓝牙设备对象的集合，会包含目标设备的MAC地址。",
          "complianceCategory": "bluetooth",
          "category": "ComplianceInfo",
          "vulners": [
            {
              "details": {
                "url": "https://tosv.byted.org/obj/appscan-obj/aux/misc/393933313232363330323334363230213_api.html",
                "position": "<com.startapp.h1: void a(boolean)>",
                "target": [
                  "<com.startapp.h1: void a(boolean)>",
                  "$r4 = virtualinvoke $r1_2.<android.bluetooth.BluetoothAdapter: java.util.Set getBondedDevices()>()"
                ]
              },
              "hash": "fa577f8c5d8c08b79f9dd23310391b1978194904"
            }
          ]
        }
      },
      "GAID": {
        "515_api": {
          "complianceCategoryDetail": "GAID",
          "deobfApk": "",
          "level": "high",
          "name": "515_api",
          "detail": "GAID",
          "complianceCategory": "GAID",
          "category": "ComplianceInfo",
          "vulners": [
            {
              "details": {
                "position": "<com.startapp.sdk.common.advertisingid.AdvertisingIdResolver: com.startapp.u b(android.content.Context)>",
                "url": "https://tosv.byted.org/obj/appscan-obj/aux/misc/393933313334313638303639373130515_api.html",
                "target": [
                  "<com.startapp.sdk.common.advertisingid.AdvertisingIdResolver: com.startapp.u b(android.content.Context)>->@const_str:com.google.android.gms.ads.identifier.service.START",
                  "specialinvoke $r3.<android.content.Intent: void <init>(java.lang.String)>(\"com.google.android.gms.ads.identifier.service.START\")"
                ],
                "entryMethod": "<com.startapp.sdk.common.advertisingid.AdvertisingIdResolver: com.startapp.u b(android.content.Context)>",
                "Source": [
                  "specialinvoke $r3.<android.content.Intent: void <init>(java.lang.String)>(\"com.google.android.gms.ads.identifier.service.START\")"
                ]
              },
              "hash": "774c6dbef8d84dd50fc64f65186338eab06ff524"
            }
          ]
        }
      },
      "serial": {
        "5_api": {
          "complianceCategoryDetail": "serial",
          "deobfApk": "",
          "level": "high",
          "name": "5_api",
          "detail": "序列号",
          "complianceCategory": "serial",
          "category": "ComplianceInfo",
          "vulners": [
            {
              "details": {
                "url": "https://tosv.byted.org/obj/appscan-obj/aux/misc/3939333132303238353037313733305_api.html",
                "position": "<com.startapp.c2: boolean c()>",
                "target": [
                  "<com.startapp.c2: boolean c()>",
                  "$r4_2 = <android.os.Build: java.lang.String SERIAL>"
                ]
              },
              "hash": "412713fca7eb2305e67750fe923d3851dcdb16a7"
            }
          ]
        }
      },
      "applist": {
        "374_api": {
          "complianceCategoryDetail": "applist",
          "deobfApk": "",
          "level": "low",
          "name": "374_api",
          "detail": "可获取所有能够启动给定Intent的activity",
          "complianceCategory": "applist",
          "category": "ComplianceInfo",
          "vulners": [
            {
              "details": {
                "url": "https://tosv.byted.org/obj/appscan-obj/aux/misc/393933313234383137333531363834374_api.html",
                "position": "<com.startapp.sdk.adsbase.a: void a(android.content.Context,java.lang.String,boolean)>",
                "target": [
                  "<com.startapp.sdk.adsbase.a: void a(android.content.Context,java.lang.String,boolean)>",
                  "$r6 = virtualinvoke $r5.<android.content.pm.PackageManager: java.util.List queryIntentActivities(android.content.Intent,int)>($r0, 0)"
                ]
              },
              "hash": "67f27672fac05c2a48a1c98332c2ffef8e5416c9"
            },
            {
              "details": {
                "url": "https://tosv.byted.org/obj/appscan-obj/aux/misc/393933313235313039363533303339374_api.html",
                "position": "<com.startapp.sdk.adsbase.StartAppSDKInternal: void b(android.content.Context)>",
                "target": [
                  "<com.startapp.sdk.adsbase.StartAppSDKInternal: void b(android.content.Context)>",
                  "$r10 = virtualinvoke $r4.<android.content.pm.PackageManager: java.util.List queryIntentActivities(android.content.Intent,int)>($r5, 0)"
                ]
              },
              "hash": "4923eadd9d8bc3e945fae63cf2947e0340e1e76c"
            },
            {
              "details": {
                "url": "https://tosv.byted.org/obj/appscan-obj/aux/misc/393933313235323436333032343030374_api.html",
                "position": "<com.startapp.c2: boolean c()>",
                "target": [
                  "<com.startapp.c2: boolean c()>",
                  "$r17_3 = virtualinvoke $r18.<android.content.pm.PackageManager: java.util.List queryIntentActivities(android.content.Intent,int)>($r20, 65536)"
                ]
              },
              "hash": "e1f4ad626caf91ef65468e2477a033f7166a6713"
            },
            {
              "details": {
                "url": "https://tosv.byted.org/obj/appscan-obj/aux/misc/393933313235363339393639343635374_api.html",
                "position": "<com.startapp.sdk.adsbase.a: boolean a(android.content.Context,android.content.Intent)>",
                "target": [
                  "<com.startapp.sdk.adsbase.a: boolean a(android.content.Context,android.content.Intent)>",
                  "$r4 = virtualinvoke $r3.<android.content.pm.PackageManager: java.util.List queryIntentActivities(android.content.Intent,int)>($r0, 0)"
                ]
              },
              "hash": "2c67612087e67e8e39793636342a039cd44ee1c6"
            },
            {
              "details": {
                "url": "https://tosv.byted.org/obj/appscan-obj/aux/misc/393933313235383032323134343135374_api.html",
                "position": "<com.startapp.sdk.adsbase.a: void a(android.content.Context,android.content.Intent,int)>",
                "target": [
                  "<com.startapp.sdk.adsbase.a: void a(android.content.Context,android.content.Intent,int)>",
                  "$r4 = virtualinvoke $r3.<android.content.pm.PackageManager: java.util.List queryIntentActivities(android.content.Intent,int)>($r0, $i0)"
                ]
              },
              "hash": "683a3a326641b57c7230f32054ec91eee4311e42"
            }
          ]
        }
      },
      "location": {
        "586_api": {
          "complianceCategoryDetail": "location",
          "deobfApk": "",
          "level": "high",
          "name": "586_api",
          "detail": "基站ID",
          "complianceCategory": "location",
          "category": "ComplianceInfo",
          "vulners": [
            {
              "details": {
                "url": "https://tosv.byted.org/obj/appscan-obj/aux/misc/393933313239383030333138313835586_api.html",
                "position": "<com.startapp.h8: void a(com.startapp.f8,android.telephony.CellLocation)>",
                "target": [
                  "<com.startapp.h8: void a(com.startapp.f8,android.telephony.CellLocation)>",
                  "$i0_2 = virtualinvoke $r5.<android.telephony.cdma.CdmaCellLocation: int getBaseStationLatitude()>()"
                ]
              },
              "hash": "3666f946efb31438c67afbfb12014022dd3bf1d3"
            }
          ]
        },
        "221_api": {
          "complianceCategoryDetail": "location",
          "deobfApk": "",
          "level": "high",
          "name": "221_api",
          "detail": "位置信息",
          "complianceCategory": "location",
          "category": "ComplianceInfo",
          "vulners": [
            {
              "details": {
                "url": "https://tosv.byted.org/obj/appscan-obj/aux/misc/393933313233313631313836353837221_api.html",
                "position": "<com.startapp.h8: void b(boolean)>",
                "target": [
                  "<com.startapp.h8: void b(boolean)>",
                  "$r17 = virtualinvoke $r3.<android.telephony.TelephonyManager: android.telephony.CellLocation getCellLocation()>()"
                ]
              },
              "hash": "368e64f33b341b7055df025b3f96f626fc964cec"
            }
          ]
        },
        "585_api": {
          "complianceCategoryDetail": "location",
          "deobfApk": "",
          "level": "high",
          "name": "585_api",
          "detail": "基站ID",
          "complianceCategory": "location",
          "category": "ComplianceInfo",
          "vulners": [
            {
              "details": {
                "url": "https://tosv.byted.org/obj/appscan-obj/aux/misc/393933313239363631393630333439585_api.html",
                "position": "<com.startapp.h8: void a(com.startapp.f8,android.telephony.CellLocation)>",
                "target": [
                  "<com.startapp.h8: void a(com.startapp.f8,android.telephony.CellLocation)>",
                  "$i0_3 = virtualinvoke $r5.<android.telephony.cdma.CdmaCellLocation: int getBaseStationLongitude()>()"
                ]
              },
              "hash": "61ad025488ea8ec31adc68fc199e70d364a27cf3"
            }
          ]
        },
        "583_api": {
          "complianceCategoryDetail": "location",
          "deobfApk": "",
          "level": "high",
          "name": "583_api",
          "detail": "基站ID",
          "complianceCategory": "location",
          "category": "ComplianceInfo",
          "vulners": [
            {
              "details": {
                "url": "https://tosv.byted.org/obj/appscan-obj/aux/misc/393933313239353138373536303730583_api.html",
                "position": "<com.startapp.h8: void a(com.startapp.f8,android.telephony.CellLocation)>",
                "target": [
                  "<com.startapp.h8: void a(com.startapp.f8,android.telephony.CellLocation)>",
                  "$i0 = virtualinvoke $r3.<android.telephony.gsm.GsmCellLocation: int getCid()>()"
                ]
              },
              "hash": "959f9f59f4cdaddb8657149040f8421ac7de449d"
            }
          ]
        }
      },
      "sensor": {
        "394_api": {
          "complianceCategoryDetail": "sensor",
          "deobfApk": "",
          "level": "low",
          "name": "394_api",
          "detail": "传感器",
          "complianceCategory": "sensor",
          "category": "ComplianceInfo",
          "vulners": [
            {
              "details": {
                "url": "https://tosv.byted.org/obj/appscan-obj/aux/misc/393933313236363132353332313038394_api.html",
                "position": "<com.startapp.b5: void d()>",
                "target": [
                  "<com.startapp.b5: void d()>",
                  "$z0 = virtualinvoke $r5.<android.hardware.SensorManager: boolean registerListener(android.hardware.SensorEventListener,android.hardware.Sensor,int)>($r8, $r6_1, $i0_3)"
                ]
              },
              "hash": "f2b1125ce5b8715690b3fc431885da674a8b1dd7"
            },
            {
              "details": {
                "url": "https://tosv.byted.org/obj/appscan-obj/aux/misc/393933313236373339313734353237394_api.html",
                "position": "<com.startapp.p7: void b()>",
                "target": [
                  "<com.startapp.p7: void b()>",
                  "virtualinvoke $r7_2.<android.hardware.SensorManager: boolean registerListener(android.hardware.SensorEventListener,android.hardware.Sensor,int)>($r9, $r8, $i0_2)"
                ]
              },
              "hash": "93706eb1d22cba665451a9a5378f73cc4401e7ab"
            }
          ]
        },
        "395_api": {
          "complianceCategoryDetail": "sensor",
          "deobfApk": "",
          "level": "low",
          "name": "395_api",
          "detail": "传感器",
          "complianceCategory": "sensor",
          "category": "ComplianceInfo",
          "vulners": [
            {
              "details": {
                "url": "https://tosv.byted.org/obj/appscan-obj/aux/misc/393933313236393831383436323034395_api.html",
                "position": "<com.startapp.b5: void d()>",
                "target": [
                  "<com.startapp.b5: void d()>",
                  "$z0 = virtualinvoke $r5.<android.hardware.SensorManager: boolean registerListener(android.hardware.SensorEventListener,android.hardware.Sensor,int)>($r8, $r6_1, $i0_3)"
                ]
              },
              "hash": "f2b1125ce5b8715690b3fc431885da674a8b1dd7"
            },
            {
              "details": {
                "url": "https://tosv.byted.org/obj/appscan-obj/aux/misc/393933313237323238303133393836395_api.html",
                "position": "<com.startapp.p7: void b()>",
                "target": [
                  "<com.startapp.p7: void b()>",
                  "virtualinvoke $r7_2.<android.hardware.SensorManager: boolean registerListener(android.hardware.SensorEventListener,android.hardware.Sensor,int)>($r9, $r8, $i0_2)"
                ]
              },
              "hash": "93706eb1d22cba665451a9a5378f73cc4401e7ab"
            }
          ]
        },
        "647_api": {
          "complianceCategoryDetail": "sensor",
          "deobfApk": "",
          "level": "high",
          "name": "647_api",
          "detail": "加速度传感器",
          "complianceCategory": "sensor",
          "category": "ComplianceInfo",
          "vulners": [
            {
              "details": {
                "ConstValue": "1",
                "position": "<com.startapp.b5: void d()>",
                "url": "https://tosv.byted.org/obj/appscan-obj/aux/misc/393933313330313538393930383237647_api.html",
                "target": [
                  "<com.startapp.b5: void d()>",
                  "<android.hardware.SensorManager: android.hardware.Sensor getDefaultSensor(int)>",
                  "1"
                ]
              },
              "hash": "513e71598b2ccf216702e165b7570b647ce3a839"
            }
          ]
        },
        "393_api": {
          "complianceCategoryDetail": "sensor",
          "deobfApk": "",
          "level": "low",
          "name": "393_api",
          "detail": "传感器",
          "complianceCategory": "sensor",
          "category": "ComplianceInfo",
          "vulners": [
            {
              "details": {
                "url": "https://tosv.byted.org/obj/appscan-obj/aux/misc/393933313236323938313030373831393_api.html",
                "position": "<com.startapp.b5: void d()>",
                "target": [
                  "<com.startapp.b5: void d()>",
                  "$z0 = virtualinvoke $r5.<android.hardware.SensorManager: boolean registerListener(android.hardware.SensorEventListener,android.hardware.Sensor,int)>($r8, $r6_1, $i0_3)"
                ]
              },
              "hash": "f2b1125ce5b8715690b3fc431885da674a8b1dd7"
            },
            {
              "details": {
                "url": "https://tosv.byted.org/obj/appscan-obj/aux/misc/393933313236343931343432333035393_api.html",
                "position": "<com.startapp.p7: void b()>",
                "target": [
                  "<com.startapp.p7: void b()>",
                  "virtualinvoke $r7_2.<android.hardware.SensorManager: boolean registerListener(android.hardware.SensorEventListener,android.hardware.Sensor,int)>($r9, $r8, $i0_2)"
                ]
              },
              "hash": "93706eb1d22cba665451a9a5378f73cc4401e7ab"
            }
          ]
        },
        "397_api": {
          "complianceCategoryDetail": "sensor",
          "deobfApk": "",
          "level": "low",
          "name": "397_api",
          "detail": "传感器",
          "complianceCategory": "sensor",
          "category": "ComplianceInfo",
          "vulners": [
            {
              "details": {
                "url": "https://tosv.byted.org/obj/appscan-obj/aux/misc/393933313237373331383036303231397_api.html",
                "position": "<com.startapp.b5: void d()>",
                "target": [
                  "<com.startapp.b5: void d()>",
                  "$z0 = virtualinvoke $r5.<android.hardware.SensorManager: boolean registerListener(android.hardware.SensorEventListener,android.hardware.Sensor,int)>($r8, $r6_1, $i0_3)"
                ]
              },
              "hash": "f2b1125ce5b8715690b3fc431885da674a8b1dd7"
            },
            {
              "details": {
                "url": "https://tosv.byted.org/obj/appscan-obj/aux/misc/393933313237383534343137313034397_api.html",
                "position": "<com.startapp.p7: void b()>",
                "target": [
                  "<com.startapp.p7: void b()>",
                  "virtualinvoke $r7_2.<android.hardware.SensorManager: boolean registerListener(android.hardware.SensorEventListener,android.hardware.Sensor,int)>($r9, $r8, $i0_2)"
                ]
              },
              "hash": "93706eb1d22cba665451a9a5378f73cc4401e7ab"
            }
          ]
        },
        "648_api": {
          "complianceCategoryDetail": "sensor",
          "deobfApk": "",
          "level": "high",
          "name": "648_api",
          "detail": "加速度传感器",
          "complianceCategory": "sensor",
          "category": "ComplianceInfo",
          "vulners": [
            {
              "details": {
                "ConstValue": "1",
                "position": "<com.startapp.b5: void d()>",
                "url": "https://tosv.byted.org/obj/appscan-obj/aux/misc/393933313330323935303436393636648_api.html",
                "target": [
                  "<com.startapp.b5: void d()>",
                  "<android.hardware.SensorManager: android.hardware.Sensor getDefaultSensor(int)>",
                  "1"
                ]
              },
              "hash": "513e71598b2ccf216702e165b7570b647ce3a839"
            }
          ]
        },
        "396_api": {
          "complianceCategoryDetail": "sensor",
          "deobfApk": "",
          "level": "low",
          "name": "396_api",
          "detail": "传感器",
          "complianceCategory": "sensor",
          "category": "ComplianceInfo",
          "vulners": [
            {
              "details": {
                "url": "https://tosv.byted.org/obj/appscan-obj/aux/misc/393933313237343237303232383839396_api.html",
                "position": "<com.startapp.b5: void d()>",
                "target": [
                  "<com.startapp.b5: void d()>",
                  "$z0 = virtualinvoke $r5.<android.hardware.SensorManager: boolean registerListener(android.hardware.SensorEventListener,android.hardware.Sensor,int)>($r8, $r6_1, $i0_3)"
                ]
              },
              "hash": "f2b1125ce5b8715690b3fc431885da674a8b1dd7"
            },
            {
              "details": {
                "url": "https://tosv.byted.org/obj/appscan-obj/aux/misc/393933313237353538343531393035396_api.html",
                "position": "<com.startapp.p7: void b()>",
                "target": [
                  "<com.startapp.p7: void b()>",
                  "virtualinvoke $r7_2.<android.hardware.SensorManager: boolean registerListener(android.hardware.SensorEventListener,android.hardware.Sensor,int)>($r9, $r8, $i0_2)"
                ]
              },
              "hash": "93706eb1d22cba665451a9a5378f73cc4401e7ab"
            }
          ]
        },
        "651_api": {
          "complianceCategoryDetail": "sensor",
          "deobfApk": "",
          "level": "high",
          "name": "651_api",
          "detail": "加速度传感器",
          "complianceCategory": "sensor",
          "category": "ComplianceInfo",
          "vulners": [
            {
              "details": {
                "ConstValue": "1",
                "position": "<com.startapp.b5: void d()>",
                "url": "https://tosv.byted.org/obj/appscan-obj/aux/misc/393933313335333635303330393738651_api.html",
                "target": [
                  "<com.startapp.b5: void d()>",
                  "<android.hardware.SensorManager: boolean registerListener(android.hardware.SensorEventListener,android.hardware.Sensor,int)>",
                  "1"
                ]
              },
              "hash": "513e71598b2ccf216702e165b7570b647ce3a839"
            }
          ]
        },
        "398_api": {
          "complianceCategoryDetail": "sensor",
          "deobfApk": "",
          "level": "low",
          "name": "398_api",
          "detail": "传感器",
          "complianceCategory": "sensor",
          "category": "ComplianceInfo",
          "vulners": [
            {
              "details": {
                "url": "https://tosv.byted.org/obj/appscan-obj/aux/misc/393933313238303736353135303039398_api.html",
                "position": "<com.startapp.b5: void d()>",
                "target": [
                  "<com.startapp.b5: void d()>",
                  "$z0 = virtualinvoke $r5.<android.hardware.SensorManager: boolean registerListener(android.hardware.SensorEventListener,android.hardware.Sensor,int)>($r8, $r6_1, $i0_3)"
                ]
              },
              "hash": "f2b1125ce5b8715690b3fc431885da674a8b1dd7"
            },
            {
              "details": {
                "url": "https://tosv.byted.org/obj/appscan-obj/aux/misc/393933313238333834363738363738398_api.html",
                "position": "<com.startapp.p7: void b()>",
                "target": [
                  "<com.startapp.p7: void b()>",
                  "virtualinvoke $r7_2.<android.hardware.SensorManager: boolean registerListener(android.hardware.SensorEventListener,android.hardware.Sensor,int)>($r9, $r8, $i0_2)"
                ]
              },
              "hash": "93706eb1d22cba665451a9a5378f73cc4401e7ab"
            }
          ]
        },
        "650_api": {
          "complianceCategoryDetail": "sensor",
          "deobfApk": "",
          "level": "high",
          "name": "650_api",
          "detail": "加速度传感器",
          "complianceCategory": "sensor",
          "category": "ComplianceInfo",
          "vulners": [
            {
              "details": {
                "ConstValue": "1",
                "position": "<com.startapp.b5: void d()>",
                "url": "https://tosv.byted.org/obj/appscan-obj/aux/misc/393933313335333539393339333937650_api.html",
                "target": [
                  "<com.startapp.b5: void d()>",
                  "<android.hardware.SensorManager: boolean registerListener(android.hardware.SensorEventListener,android.hardware.Sensor,int)>",
                  "1"
                ]
              },
              "hash": "513e71598b2ccf216702e165b7570b647ce3a839"
            }
          ]
        }
      },
      "clipboard data": {
        "453_api": {
          "complianceCategoryDetail": "clipboard data",
          "deobfApk": "",
          "level": "high",
          "name": "453_api",
          "detail": "剪贴板",
          "complianceCategory": "clipboard data",
          "category": "ComplianceInfo",
          "vulners": [
            {
              "details": {
                "url": "https://tosv.byted.org/obj/appscan-obj/aux/misc/393933313238383635303335393637453_api.html",
                "position": "<com.startapp.sdk.adsbase.adinformation.AdInformationObject$a: void onClick(android.view.View)>",
                "target": [
                  "<com.startapp.sdk.adsbase.adinformation.AdInformationObject$a: void onClick(android.view.View)>",
                  "virtualinvoke $r16.<android.content.ClipboardManager: void setPrimaryClip(android.content.ClipData)>($r17)"
                ]
              },
              "hash": "66c388fd36c41302bb996cafac5e37f52c54871a"
            }
          ]
        }
      }
    },
    "DeepLinkInfo": {
      "SmartRouterParameterList": [
        "adTag",
        "orientation",
        "videoAd",
        "fullscreen",
        "listModelUuid",
        "position",
        "placement",
        "activityShouldLockOrientation"
      ],
      "AdsCommandsParameterList": [
        "d",
        "apc",
        "status"
      ]
    },
    "JsBridgeInfo": {},
    "UrlRegion": {
      "filter": {
        "N/A:N/A": {
          "value": {
            "境外": {
              "api.ok.ru": {
                "value": {
                  "https://api.ok.ru/fb.do": {
                    "classes.dex.ru.ok.android.sdk.util.OkRequestUtil$Request": "const-string v1, \"https://api.ok.ru/fb.do\"\n"
                  }
                },
                "meta": {
                  "A": {
                    "108.160.162.109": "US"
                  },
                  "ICP": "ICP record undetected",
                  "ISP": [
                    "Dropbox, Inc."
                  ],
                  "locations": [
                    "US"
                  ],
                  "plugins": [
                    "DNS",
                    "ICP"
                  ]
                }
              },
              "connect.ok.ru": {
                "value": {
                  "https://connect.ok.ru/dk?st.cmd=": {
                    "classes.dex.ru.ok.android.sdk.AbstractWidgetActivity": "const-string v1, \"https://connect.ok.ru/dk?st.cmd=\"\n"
                  }
                },
                "meta": {
                  "A": {
                    "199.59.149.203": "US"
                  },
                  "ICP": "ICP record undetected",
                  "ISP": [
                    "Twitter Inc."
                  ],
                  "locations": [
                    "US"
                  ],
                  "plugins": [
                    "DNS",
                    "ICP"
                  ]
                }
              }
            }
          },
          "meta": {
            "url": "N/A",
            "description": "未查到组件信息",
            "version": "N/A"
          }
        }
      },
      "full": {
        "N/A:N/A": {
          "value": {
            "US": {
              "api.ok.ru": {
                "meta": {
                  "A": {
                    "108.160.162.109": "US"
                  },
                  "ICP": "ICP record undetected",
                  "ISP": [
                    "Dropbox, Inc."
                  ],
                  "locations": [
                    "US"
                  ],
                  "plugins": [
                    "DNS",
                    "ICP"
                  ]
                },
                "value": {
                  "https://api.ok.ru/fb.do": {
                    "classes.dex.ru.ok.android.sdk.util.OkRequestUtil$Request": "const-string v1, \"https://api.ok.ru/fb.do\"\n"
                  }
                }
              },
              "connect.ok.ru": {
                "meta": {
                  "A": {
                    "199.59.149.203": "US"
                  },
                  "ICP": "ICP record undetected",
                  "ISP": [
                    "Twitter Inc."
                  ],
                  "locations": [
                    "US"
                  ],
                  "plugins": [
                    "DNS",
                    "ICP"
                  ]
                },
                "value": {
                  "https://connect.ok.ru/dk?st.cmd=": {
                    "classes.dex.ru.ok.android.sdk.AbstractWidgetActivity": "const-string v1, \"https://connect.ok.ru/dk?st.cmd=\"\n"
                  }
                }
              }
            }
          },
          "meta": {
            "url": "N/A",
            "description": "未查到组件信息",
            "version": "N/A"
          }
        }
      }
    },
    "profiler": "https://tosv.byted.org/obj/appscan-obj/aux/misc/393933313431363337333239373033profiler.json",
    "HTTP_API": [],
    "BasicInfo": {
      "AppInfo": {
        "name": "",
        "size": "1.46MB",
        "package": "com.startapp.startappsdk",
        "versionName": null,
        "versionCode": null,
        "target_sdk": "33",
        "min_sdk": "8",
        "max_sdk": "",
        "sha1": "6eaaa017f341ac5c1fe0385b459479467d4e96c7"
      },
      "SignInfo": {
        "Is signed v1": false,
        "Is signed v2": false,
        "Is signed v3": false,
        "certs": [],
        "pkeys": []
      },
      "ComponentsInfo": {
        "exportedReceivers": [
          "com.startapp.g1",
          "com.startapp.x6$a",
          "com.startapp.sdk.adsbase.SimpleTokenUtils$a",
          "com.startapp.sdk.adsbase.remoteconfig.BootCompleteListener"
        ],
        "unExportedActivities": [
          "com.startapp.sdk.ads.list3d.List3DActivity",
          "com.startapp.sdk.ads.interstitials.OverlayActivity",
          "com.startapp.sdk.adsbase.consent.ConsentActivity"
        ],
        "unExportedProviders": [
          "com.startapp.sdk.adsbase.StartAppInitProvider"
        ],
        "unExportedServices": [
          "com.startapp.sdk.cachedservice.BackgroundService",
          "com.startapp.sdk.jobs.SchedulerService"
        ]
      },
      "PermissionInfo": [
        "android.permission.ACCESS_NETWORK_STATE",
        "android.permission.RECEIVE_BOOT_COMPLETED",
        "android.permission.ACCESS_WIFI_STATE",
        "com.google.android.gms.permission.AD_ID",
        "android.permission.INTERNET",
        "com.google.android.finsky.permission.BIND_GET_INSTALL_REFERRER_SERVICE"
      ],
      "DeobfApk": ""
    },
    "PermissionUsedDetails": {
      "declaredPermissions": [
        "android.permission.ACCESS_NETWORK_STATE",
        "android.permission.RECEIVE_BOOT_COMPLETED",
        "android.permission.ACCESS_WIFI_STATE",
        "com.google.android.gms.permission.AD_ID",
        "android.permission.INTERNET",
        "com.google.android.finsky.permission.BIND_GET_INSTALL_REFERRER_SERVICE"
      ],
      "usedPermissions": {
        "android.permission.INTERNET": {
          "level": "normal|instant",
          "description": "Allows applications to open network sockets",
          "positions": [
            "Default"
          ],
          "details": [
            {
              "caller": "N/A",
              "api": "N/A",
              "url": "N/A"
            }
          ]
        }
      },
      "declaredButNoUsed": {
        "android.permission.ACCESS_NETWORK_STATE": {
          "level": "normal|instant",
          "description": "Allows applications to access information about networks"
        },
        "android.permission.RECEIVE_BOOT_COMPLETED": {
          "level": "normal",
          "description": "Allows an application to receive the android.content.Intent#ACTION_BOOT_COMPLETED that is broadcast after the system finishes booting. If you don't request this permission, you will not receive the broadcast at that time. Though holding this permission does not have any security implications, it can have a negative impact on the user experience by increasing the amount of time it takes the system to start and allowing applications to have themselves running without the user being aware of them. As such, you must explicitly declare your use of this facility to make that visible to the user"
        },
        "android.permission.ACCESS_WIFI_STATE": {
          "level": "normal",
          "description": "Allows applications to access information about Wi-Fi networks"
        },
        "com.google.android.gms.permission.AD_ID": null,
        "com.google.android.finsky.permission.BIND_GET_INSTALL_REFERRER_SERVICE": null
      },
      "usedButNotDeclared": {}
    },
    "SDKComplianceList": []
  },
  0
]