[
  {
    "SecurityInfo": {},
    "ComplianceInfo": {
      "carrier info": {
        "299_api": {
          "complianceCategoryDetail": "carrier info",
          "deobfApk": "",
          "level": "low",
          "name": "299_api",
          "detail": "获取移动网络类型，比如GSM、CDMA、LTE等。可能会被照明弹记录。",
          "complianceCategory": "carrier info",
          "category": "ComplianceInfo",
          "vulners": [
            {
              "details": {
                "url": "https://tosv.byted.org/obj/appscan-obj/aux/misc/393933353033323935313730303034299_api.html",
                "position": "<com.unity3d.services.core.connectivity.ConnectivityMonitor: void initConnectionStatus()>",
                "target": [
                  "<com.unity3d.services.core.connectivity.ConnectivityMonitor: void initConnectionStatus()>",
                  "$i0_1 = virtualinvoke r4.<android.telephony.TelephonyManager: int getNetworkType()>()"
                ]
              },
              "hash": "c0c4085220590bcc77983397a11590a559ef14b3"
            },
            {
              "details": {
                "url": "https://tosv.byted.org/obj/appscan-obj/aux/misc/393933353033373237393031333437299_api.html",
                "position": "<com.unity3d.services.core.connectivity.ConnectivityMonitor: void connectionStatusChanged()>",
                "target": [
                  "<com.unity3d.services.core.connectivity.ConnectivityMonitor: void connectionStatusChanged()>",
                  "$i1 = virtualinvoke r4.<android.telephony.TelephonyManager: int getNetworkType()>()"
                ]
              },
              "hash": "fec28c62acacdfa8cc13d398b5cb5018d548918a"
            },
            {
              "details": {
                "url": "https://tosv.byted.org/obj/appscan-obj/aux/misc/393933353033383531313233313733299_api.html",
                "position": "<com.unity3d.services.core.device.Device: int getNetworkType()>",
                "target": [
                  "<com.unity3d.services.core.device.Device: int getNetworkType()>",
                  "$i0 = virtualinvoke r2.<android.telephony.TelephonyManager: int getNetworkType()>()"
                ]
              },
              "hash": "8c4c4fd5ca29212bedbfe584684ad9cf07a73b76"
            }
          ]
        }
      },
      "GAID": {
        "515_api": {
          "complianceCategoryDetail": "GAID",
          "deobfApk": "",
          "level": "high",
          "name": "515_api",
          "detail": "GAID",
          "complianceCategory": "GAID",
          "category": "ComplianceInfo",
          "vulners": [
            {
              "details": {
                "position": "<com.unity3d.services.core.device.AdvertisingId: void fetchAdvertisingId(android.content.Context)>",
                "url": "https://tosv.byted.org/obj/appscan-obj/aux/misc/393933353131303730393037393230515_api.html",
                "target": [
                  "<com.unity3d.services.core.device.AdvertisingId: void fetchAdvertisingId(android.content.Context)>->@const_str:com.google.android.gms.ads.identifier.service.START",
                  "specialinvoke r3.<android.content.Intent: void <init>(java.lang.String)>(\"com.google.android.gms.ads.identifier.service.START\")"
                ],
                "entryMethod": "<com.unity3d.services.core.device.AdvertisingId: void fetchAdvertisingId(android.content.Context)>",
                "Source": [
                  "specialinvoke r3.<android.content.Intent: void <init>(java.lang.String)>(\"com.google.android.gms.ads.identifier.service.START\")"
                ]
              },
              "hash": "bcb3030cd16f216d77abf21426477a4827fc9518"
            }
          ]
        }
      },
      "sensor": {
        "394_api": {
          "complianceCategoryDetail": "sensor",
          "deobfApk": "",
          "level": "low",
          "name": "394_api",
          "detail": "传感器",
          "complianceCategory": "sensor",
          "category": "ComplianceInfo",
          "vulners": [
            {
              "details": {
                "url": "https://tosv.byted.org/obj/appscan-obj/aux/misc/393933353035323637393436393336394_api.html",
                "position": "<com.unity3d.services.core.sensorinfo.SensorInfoListener: boolean startAccelerometerListener(int)>",
                "target": [
                  "<com.unity3d.services.core.sensorinfo.SensorInfoListener: boolean startAccelerometerListener(int)>",
                  "$z0 = virtualinvoke r3.<android.hardware.SensorManager: boolean registerListener(android.hardware.SensorEventListener,android.hardware.Sensor,int)>($r0_3, $r4, $i0)"
                ]
              },
              "hash": "96417c69f692f1c13a5197d91458cd0d6784e9ea"
            }
          ]
        },
        "395_api": {
          "complianceCategoryDetail": "sensor",
          "deobfApk": "",
          "level": "low",
          "name": "395_api",
          "detail": "传感器",
          "complianceCategory": "sensor",
          "category": "ComplianceInfo",
          "vulners": [
            {
              "details": {
                "url": "https://tosv.byted.org/obj/appscan-obj/aux/misc/393933353035343031313938323530395_api.html",
                "position": "<com.unity3d.services.core.sensorinfo.SensorInfoListener: boolean startAccelerometerListener(int)>",
                "target": [
                  "<com.unity3d.services.core.sensorinfo.SensorInfoListener: boolean startAccelerometerListener(int)>",
                  "$z0 = virtualinvoke r3.<android.hardware.SensorManager: boolean registerListener(android.hardware.SensorEventListener,android.hardware.Sensor,int)>($r0_3, $r4, $i0)"
                ]
              },
              "hash": "96417c69f692f1c13a5197d91458cd0d6784e9ea"
            }
          ]
        },
        "311_api": {
          "complianceCategoryDetail": "sensor",
          "deobfApk": "",
          "level": "low",
          "name": "311_api",
          "detail": "传感器",
          "complianceCategory": "sensor",
          "category": "ComplianceInfo",
          "vulners": [
            {
              "details": {
                "url": "https://tosv.byted.org/obj/appscan-obj/aux/misc/393933353034313130313139323937311_api.html",
                "position": "<com.unity3d.services.core.device.Device: java.util.List getSensorList()>",
                "target": [
                  "<com.unity3d.services.core.device.Device: java.util.List getSensorList()>",
                  "$r3 = virtualinvoke r2.<android.hardware.SensorManager: java.util.List getSensorList(int)>(-1)"
                ]
              },
              "hash": "9b8349739c16fd58215f9cbd12dfd5d64d598cad"
            }
          ]
        },
        "647_api": {
          "complianceCategoryDetail": "sensor",
          "deobfApk": "",
          "level": "high",
          "name": "647_api",
          "detail": "加速度传感器",
          "complianceCategory": "sensor",
          "category": "ComplianceInfo",
          "vulners": [
            {
              "details": {
                "ConstValue": "1",
                "position": "<com.unity3d.services.core.sensorinfo.SensorInfoListener: boolean startAccelerometerListener(int)>",
                "url": "https://tosv.byted.org/obj/appscan-obj/aux/misc/393933353037353332333434373639647_api.html",
                "target": [
                  "<com.unity3d.services.core.sensorinfo.SensorInfoListener: boolean startAccelerometerListener(int)>",
                  "<android.hardware.SensorManager: android.hardware.Sensor getDefaultSensor(int)>",
                  "1"
                ]
              },
              "hash": "b764ec04b3ff9cea8c8e758f1ad1d08a37105a1b"
            }
          ]
        },
        "393_api": {
          "complianceCategoryDetail": "sensor",
          "deobfApk": "",
          "level": "low",
          "name": "393_api",
          "detail": "传感器",
          "complianceCategory": "sensor",
          "category": "ComplianceInfo",
          "vulners": [
            {
              "details": {
                "url": "https://tosv.byted.org/obj/appscan-obj/aux/misc/393933353035313134313336393432393_api.html",
                "position": "<com.unity3d.services.core.sensorinfo.SensorInfoListener: boolean startAccelerometerListener(int)>",
                "target": [
                  "<com.unity3d.services.core.sensorinfo.SensorInfoListener: boolean startAccelerometerListener(int)>",
                  "$z0 = virtualinvoke r3.<android.hardware.SensorManager: boolean registerListener(android.hardware.SensorEventListener,android.hardware.Sensor,int)>($r0_3, $r4, $i0)"
                ]
              },
              "hash": "96417c69f692f1c13a5197d91458cd0d6784e9ea"
            }
          ]
        },
        "397_api": {
          "complianceCategoryDetail": "sensor",
          "deobfApk": "",
          "level": "low",
          "name": "397_api",
          "detail": "传感器",
          "complianceCategory": "sensor",
          "category": "ComplianceInfo",
          "vulners": [
            {
              "details": {
                "url": "https://tosv.byted.org/obj/appscan-obj/aux/misc/393933353035373530343931383737397_api.html",
                "position": "<com.unity3d.services.core.sensorinfo.SensorInfoListener: boolean startAccelerometerListener(int)>",
                "target": [
                  "<com.unity3d.services.core.sensorinfo.SensorInfoListener: boolean startAccelerometerListener(int)>",
                  "$z0 = virtualinvoke r3.<android.hardware.SensorManager: boolean registerListener(android.hardware.SensorEventListener,android.hardware.Sensor,int)>($r0_3, $r4, $i0)"
                ]
              },
              "hash": "96417c69f692f1c13a5197d91458cd0d6784e9ea"
            }
          ]
        },
        "648_api": {
          "complianceCategoryDetail": "sensor",
          "deobfApk": "",
          "level": "high",
          "name": "648_api",
          "detail": "加速度传感器",
          "complianceCategory": "sensor",
          "category": "ComplianceInfo",
          "vulners": [
            {
              "details": {
                "ConstValue": "1",
                "position": "<com.unity3d.services.core.sensorinfo.SensorInfoListener: boolean startAccelerometerListener(int)>",
                "url": "https://tosv.byted.org/obj/appscan-obj/aux/misc/393933353037373834373637393931648_api.html",
                "target": [
                  "<com.unity3d.services.core.sensorinfo.SensorInfoListener: boolean startAccelerometerListener(int)>",
                  "<android.hardware.SensorManager: android.hardware.Sensor getDefaultSensor(int)>",
                  "1"
                ]
              },
              "hash": "b764ec04b3ff9cea8c8e758f1ad1d08a37105a1b"
            }
          ]
        },
        "396_api": {
          "complianceCategoryDetail": "sensor",
          "deobfApk": "",
          "level": "low",
          "name": "396_api",
          "detail": "传感器",
          "complianceCategory": "sensor",
          "category": "ComplianceInfo",
          "vulners": [
            {
              "details": {
                "url": "https://tosv.byted.org/obj/appscan-obj/aux/misc/393933353035353137333937373933396_api.html",
                "position": "<com.unity3d.services.core.sensorinfo.SensorInfoListener: boolean startAccelerometerListener(int)>",
                "target": [
                  "<com.unity3d.services.core.sensorinfo.SensorInfoListener: boolean startAccelerometerListener(int)>",
                  "$z0 = virtualinvoke r3.<android.hardware.SensorManager: boolean registerListener(android.hardware.SensorEventListener,android.hardware.Sensor,int)>($r0_3, $r4, $i0)"
                ]
              },
              "hash": "96417c69f692f1c13a5197d91458cd0d6784e9ea"
            }
          ]
        },
        "651_api": {
          "complianceCategoryDetail": "sensor",
          "deobfApk": "",
          "level": "high",
          "name": "651_api",
          "detail": "加速度传感器",
          "complianceCategory": "sensor",
          "category": "ComplianceInfo",
          "vulners": [
            {
              "details": {
                "ConstValue": "1",
                "position": "<com.unity3d.services.core.sensorinfo.SensorInfoListener: boolean startAccelerometerListener(int)>",
                "url": "https://tosv.byted.org/obj/appscan-obj/aux/misc/393933353131383439363137363437651_api.html",
                "target": [
                  "<com.unity3d.services.core.sensorinfo.SensorInfoListener: boolean startAccelerometerListener(int)>",
                  "<android.hardware.SensorManager: boolean registerListener(android.hardware.SensorEventListener,android.hardware.Sensor,int)>",
                  "1"
                ]
              },
              "hash": "b764ec04b3ff9cea8c8e758f1ad1d08a37105a1b"
            }
          ]
        },
        "398_api": {
          "complianceCategoryDetail": "sensor",
          "deobfApk": "",
          "level": "low",
          "name": "398_api",
          "detail": "传感器",
          "complianceCategory": "sensor",
          "category": "ComplianceInfo",
          "vulners": [
            {
              "details": {
                "url": "https://tosv.byted.org/obj/appscan-obj/aux/misc/393933353035393530313730343737398_api.html",
                "position": "<com.unity3d.services.core.sensorinfo.SensorInfoListener: boolean startAccelerometerListener(int)>",
                "target": [
                  "<com.unity3d.services.core.sensorinfo.SensorInfoListener: boolean startAccelerometerListener(int)>",
                  "$z0 = virtualinvoke r3.<android.hardware.SensorManager: boolean registerListener(android.hardware.SensorEventListener,android.hardware.Sensor,int)>($r0_3, $r4, $i0)"
                ]
              },
              "hash": "96417c69f692f1c13a5197d91458cd0d6784e9ea"
            }
          ]
        },
        "650_api": {
          "complianceCategoryDetail": "sensor",
          "deobfApk": "",
          "level": "high",
          "name": "650_api",
          "detail": "加速度传感器",
          "complianceCategory": "sensor",
          "category": "ComplianceInfo",
          "vulners": [
            {
              "details": {
                "ConstValue": "1",
                "position": "<com.unity3d.services.core.sensorinfo.SensorInfoListener: boolean startAccelerometerListener(int)>",
                "url": "https://tosv.byted.org/obj/appscan-obj/aux/misc/393933353131363639343934393631650_api.html",
                "target": [
                  "<com.unity3d.services.core.sensorinfo.SensorInfoListener: boolean startAccelerometerListener(int)>",
                  "<android.hardware.SensorManager: boolean registerListener(android.hardware.SensorEventListener,android.hardware.Sensor,int)>",
                  "1"
                ]
              },
              "hash": "b764ec04b3ff9cea8c8e758f1ad1d08a37105a1b"
            }
          ]
        }
      },
      "location": {
        "357_api": {
          "complianceCategoryDetail": "location",
          "deobfApk": "",
          "level": "low",
          "name": "357_api",
          "detail": "提示用户webview正在申请获取地理位置",
          "complianceCategory": "location",
          "category": "ComplianceInfo",
          "vulners": [
            {
              "details": {
                "url": "https://tosv.byted.org/obj/appscan-obj/aux/misc/393933353034373434313731393433357_api.html",
                "position": "<com.unity3d.services.ads.webplayer.WebPlayerView$WebPlayerChromeClient: void onGeolocationPermissionsShowPrompt(java.lang.String,android.webkit.GeolocationPermissions$Callback)>",
                "target": [
                  "<com.unity3d.services.ads.webplayer.WebPlayerView$WebPlayerChromeClient: void onGeolocationPermissionsShowPrompt(java.lang.String,android.webkit.GeolocationPermissions$Callback)>",
                  "specialinvoke r0.<android.webkit.WebChromeClient: void onGeolocationPermissionsShowPrompt(java.lang.String,android.webkit.GeolocationPermissions$Callback)>($r1, $r2)"
                ]
              },
              "hash": "cb70d8cc6253f97af2c2a51454fa7e6ada33125f"
            }
          ]
        }
      }
    },
    "DeepLinkInfo": {
      "SmartRouterParameterList": [
        "activityId",
        "displayCutoutMode",
        "orientation",
        "systemUiVisibility"
      ]
    },
    "JsBridgeInfo": {},
    "UrlRegion": {
      "filter": {
        "N/A:N/A": {
          "value": {
            "境外": {
              "api.ok.ru": {
                "value": {
                  "https://api.ok.ru/fb.do": {
                    "classes.dex.ru.ok.android.sdk.util.OkRequestUtil$Request": "const-string v1, \"https://api.ok.ru/fb.do\"\n"
                  }
                },
                "meta": {
                  "A": {
                    "108.160.162.109": "US"
                  },
                  "ICP": "ICP record undetected",
                  "ISP": [
                    "Dropbox, Inc."
                  ],
                  "locations": [
                    "US"
                  ],
                  "plugins": [
                    "DNS",
                    "ICP"
                  ]
                }
              },
              "connect.ok.ru": {
                "value": {
                  "https://connect.ok.ru/dk?st.cmd=": {
                    "classes.dex.ru.ok.android.sdk.AbstractWidgetActivity": "const-string v1, \"https://connect.ok.ru/dk?st.cmd=\"\n"
                  }
                },
                "meta": {
                  "A": {
                    "199.59.149.203": "US"
                  },
                  "ICP": "ICP record undetected",
                  "ISP": [
                    "Twitter Inc."
                  ],
                  "locations": [
                    "US"
                  ],
                  "plugins": [
                    "DNS",
                    "ICP"
                  ]
                }
              }
            }
          },
          "meta": {
            "url": "N/A",
            "description": "未查到组件信息",
            "version": "N/A"
          }
        }
      },
      "full": {
        "N/A:N/A": {
          "value": {
            "US": {
              "api.ok.ru": {
                "meta": {
                  "A": {
                    "108.160.162.109": "US"
                  },
                  "ICP": "ICP record undetected",
                  "ISP": [
                    "Dropbox, Inc."
                  ],
                  "locations": [
                    "US"
                  ],
                  "plugins": [
                    "DNS",
                    "ICP"
                  ]
                },
                "value": {
                  "https://api.ok.ru/fb.do": {
                    "classes.dex.ru.ok.android.sdk.util.OkRequestUtil$Request": "const-string v1, \"https://api.ok.ru/fb.do\"\n"
                  }
                }
              },
              "connect.ok.ru": {
                "meta": {
                  "A": {
                    "199.59.149.203": "US"
                  },
                  "ICP": "ICP record undetected",
                  "ISP": [
                    "Twitter Inc."
                  ],
                  "locations": [
                    "US"
                  ],
                  "plugins": [
                    "DNS",
                    "ICP"
                  ]
                },
                "value": {
                  "https://connect.ok.ru/dk?st.cmd=": {
                    "classes.dex.ru.ok.android.sdk.AbstractWidgetActivity": "const-string v1, \"https://connect.ok.ru/dk?st.cmd=\"\n"
                  }
                }
              }
            }
          },
          "meta": {
            "url": "N/A",
            "description": "未查到组件信息",
            "version": "N/A"
          }
        }
      }
    },
    "profiler": "https://tosv.byted.org/obj/appscan-obj/aux/misc/393933353138363636313538343235profiler.json",
    "HTTP_API": [],
    "BasicInfo": {
      "AppInfo": {
        "name": "",
        "size": "1.07MB",
        "package": "com.unity3d.ads",
        "versionName": null,
        "versionCode": null,
        "target_sdk": "32",
        "min_sdk": "19",
        "max_sdk": "",
        "sha1": "b284a414f1e2fbd40e7695fa4281cbfba106e7df"
      },
      "SignInfo": {
        "Is signed v1": false,
        "Is signed v2": false,
        "Is signed v3": false,
        "certs": [],
        "pkeys": []
      },
      "ComponentsInfo": {
        "exportedReceivers": [
          "com.unity3d.services.core.broadcast.BroadcastEventReceiver",
          "com.unity3d.services.core.connectivity.ConnectivityChangeReceiver"
        ],
        "unExportedActivities": [
          "com.unity3d.services.ads.adunit.AdUnitActivity",
          "com.unity3d.services.ads.adunit.AdUnitTransparentSoftwareActivity",
          "com.unity3d.services.ads.adunit.AdUnitTransparentActivity",
          "com.unity3d.services.ads.adunit.AdUnitSoftwareActivity"
        ]
      },
      "PermissionInfo": [
        "android.permission.ACCESS_NETWORK_STATE",
        "com.google.android.gms.permission.AD_ID",
        "android.permission.INTERNET"
      ],
      "DeobfApk": ""
    },
    "PermissionUsedDetails": {
      "declaredPermissions": [
        "android.permission.ACCESS_NETWORK_STATE",
        "com.google.android.gms.permission.AD_ID",
        "android.permission.INTERNET"
      ],
      "usedPermissions": {
        "android.permission.INTERNET": {
          "level": "normal|instant",
          "description": "Allows applications to open network sockets",
          "positions": [
            "Default"
          ],
          "details": [
            {
              "caller": "N/A",
              "api": "N/A",
              "url": "N/A"
            }
          ]
        }
      },
      "declaredButNoUsed": {
        "android.permission.ACCESS_NETWORK_STATE": {
          "level": "normal|instant",
          "description": "Allows applications to access information about networks"
        },
        "com.google.android.gms.permission.AD_ID": null
      },
      "usedButNotDeclared": {}
    },
    "SDKComplianceList": []
  },
  0
]