[
  {
    "SecurityInfo": {},
    "ComplianceInfo": {
      "Android_ID": {
        "550_api": {
          "complianceCategoryDetail": "Android_ID",
          "deobfApk": "",
          "level": "high",
          "name": "550_api",
          "detail": "Android_ID",
          "complianceCategory": "Android_ID",
          "category": "ComplianceInfo",
          "vulners": [
            {
              "details": {
                "ConstValue": "android_id",
                "position": "<com.appsflyer.internal.AFb1xSDK: void values(android.content.Context,java.util.Map)>",
                "url": "https://tosv.byted.org/obj/appscan-obj/aux/misc/393932333839383339393238303633550_api.html",
                "target": [
                  "<com.appsflyer.internal.AFb1xSDK: void values(android.content.Context,java.util.Map)>",
                  "<android.provider.Settings$Secure: java.lang.String getString(android.content.ContentResolver,java.lang.String)>",
                  "android_id"
                ]
              },
              "hash": "2c7938dbc625032cddbf8a58c0c8c9464f352cac"
            }
          ]
        }
      },
      "GAID": {
        "515_api": {
          "complianceCategoryDetail": "GAID",
          "deobfApk": "",
          "level": "high",
          "name": "515_api",
          "detail": "GAID",
          "complianceCategory": "GAID",
          "category": "ComplianceInfo",
          "vulners": [
            {
              "details": {
                "position": "<com.appsflyer.internal.AFa1eSDK: com.appsflyer.internal.AFa1eSDK$AFa1ySDK values(android.content.Context)>",
                "url": "https://tosv.byted.org/obj/appscan-obj/aux/misc/393932333933373030383839303238515_api.html",
                "target": [
                  "<com.appsflyer.internal.AFa1eSDK: com.appsflyer.internal.AFa1eSDK$AFa1ySDK values(android.content.Context)>->@const_str:com.google.android.gms.ads.identifier.service.START",
                  "specialinvoke $r6.<android.content.Intent: void <init>(java.lang.String)>(\"com.google.android.gms.ads.identifier.service.START\")"
                ],
                "entryMethod": "<com.appsflyer.internal.AFa1eSDK: com.appsflyer.internal.AFa1eSDK$AFa1ySDK values(android.content.Context)>",
                "Source": [
                  "specialinvoke $r6.<android.content.Intent: void <init>(java.lang.String)>(\"com.google.android.gms.ads.identifier.service.START\")"
                ]
              },
              "hash": "49c92a2942397d5f5b03a3efccac5339010caaf9"
            }
          ]
        }
      },
      "sensor": {
        "394_api": {
          "complianceCategoryDetail": "sensor",
          "deobfApk": "",
          "level": "low",
          "name": "394_api",
          "detail": "传感器",
          "complianceCategory": "sensor",
          "category": "ComplianceInfo",
          "vulners": [
            {
              "details": {
                "url": "https://tosv.byted.org/obj/appscan-obj/aux/misc/393932333838313631323836393534394_api.html",
                "position": "<com.appsflyer.internal.AFa1dSDK$1: void run()>",
                "target": [
                  "<com.appsflyer.internal.AFa1dSDK$1: void run()>",
                  "virtualinvoke $r2_2.<android.hardware.SensorManager: boolean registerListener(android.hardware.SensorEventListener,android.hardware.Sensor,int,android.os.Handler)>($r9, $r6, 0, $r10)"
                ]
              },
              "hash": "9336179936be0eff26e8508fe55e4f61e8011834"
            }
          ]
        },
        "395_api": {
          "complianceCategoryDetail": "sensor",
          "deobfApk": "",
          "level": "low",
          "name": "395_api",
          "detail": "传感器",
          "complianceCategory": "sensor",
          "category": "ComplianceInfo",
          "vulners": [
            {
              "details": {
                "url": "https://tosv.byted.org/obj/appscan-obj/aux/misc/393932333838343338373238333031395_api.html",
                "position": "<com.appsflyer.internal.AFa1dSDK$1: void run()>",
                "target": [
                  "<com.appsflyer.internal.AFa1dSDK$1: void run()>",
                  "virtualinvoke $r2_2.<android.hardware.SensorManager: boolean registerListener(android.hardware.SensorEventListener,android.hardware.Sensor,int,android.os.Handler)>($r9, $r6, 0, $r10)"
                ]
              },
              "hash": "9336179936be0eff26e8508fe55e4f61e8011834"
            }
          ]
        },
        "311_api": {
          "complianceCategoryDetail": "sensor",
          "deobfApk": "",
          "level": "low",
          "name": "311_api",
          "detail": "传感器",
          "complianceCategory": "sensor",
          "category": "ComplianceInfo",
          "vulners": [
            {
              "details": {
                "url": "https://tosv.byted.org/obj/appscan-obj/aux/misc/393932333836363839373433303837311_api.html",
                "position": "<com.appsflyer.internal.AFa1dSDK$1: void run()>",
                "target": [
                  "<com.appsflyer.internal.AFa1dSDK$1: void run()>",
                  "$r3 = virtualinvoke $r2.<android.hardware.SensorManager: java.util.List getSensorList(int)>($i0)"
                ]
              },
              "hash": "567d5cb6eb1a9df0824e2b2b456420c6cfa2c8b2"
            },
            {
              "details": {
                "url": "https://tosv.byted.org/obj/appscan-obj/aux/misc/393932333837303935373337363234311_api.html",
                "position": "<com.appsflyer.internal.AFa1ySDK$AFa1xSDK: java.lang.String valueOf()>",
                "target": [
                  "<com.appsflyer.internal.AFa1ySDK$AFa1xSDK: java.lang.String valueOf()>",
                  "$r16 = virtualinvoke $r15.<android.hardware.SensorManager: java.util.List getSensorList(int)>($i0_23)"
                ]
              },
              "hash": "cfd0aa26ee1a61f86a4ffa12aee9452073fb25be"
            }
          ]
        },
        "393_api": {
          "complianceCategoryDetail": "sensor",
          "deobfApk": "",
          "level": "low",
          "name": "393_api",
          "detail": "传感器",
          "complianceCategory": "sensor",
          "category": "ComplianceInfo",
          "vulners": [
            {
              "details": {
                "url": "https://tosv.byted.org/obj/appscan-obj/aux/misc/393932333837393834373132393837393_api.html",
                "position": "<com.appsflyer.internal.AFa1dSDK$1: void run()>",
                "target": [
                  "<com.appsflyer.internal.AFa1dSDK$1: void run()>",
                  "virtualinvoke $r2_2.<android.hardware.SensorManager: boolean registerListener(android.hardware.SensorEventListener,android.hardware.Sensor,int,android.os.Handler)>($r9, $r6, 0, $r10)"
                ]
              },
              "hash": "9336179936be0eff26e8508fe55e4f61e8011834"
            }
          ]
        },
        "397_api": {
          "complianceCategoryDetail": "sensor",
          "deobfApk": "",
          "level": "low",
          "name": "397_api",
          "detail": "传感器",
          "complianceCategory": "sensor",
          "category": "ComplianceInfo",
          "vulners": [
            {
              "details": {
                "url": "https://tosv.byted.org/obj/appscan-obj/aux/misc/393932333838373335363132323235397_api.html",
                "position": "<com.appsflyer.internal.AFa1dSDK$1: void run()>",
                "target": [
                  "<com.appsflyer.internal.AFa1dSDK$1: void run()>",
                  "virtualinvoke $r2_2.<android.hardware.SensorManager: boolean registerListener(android.hardware.SensorEventListener,android.hardware.Sensor,int,android.os.Handler)>($r9, $r6, 0, $r10)"
                ]
              },
              "hash": "9336179936be0eff26e8508fe55e4f61e8011834"
            }
          ]
        },
        "396_api": {
          "complianceCategoryDetail": "sensor",
          "deobfApk": "",
          "level": "low",
          "name": "396_api",
          "detail": "传感器",
          "complianceCategory": "sensor",
          "category": "ComplianceInfo",
          "vulners": [
            {
              "details": {
                "url": "https://tosv.byted.org/obj/appscan-obj/aux/misc/393932333838363231353430303130396_api.html",
                "position": "<com.appsflyer.internal.AFa1dSDK$1: void run()>",
                "target": [
                  "<com.appsflyer.internal.AFa1dSDK$1: void run()>",
                  "virtualinvoke $r2_2.<android.hardware.SensorManager: boolean registerListener(android.hardware.SensorEventListener,android.hardware.Sensor,int,android.os.Handler)>($r9, $r6, 0, $r10)"
                ]
              },
              "hash": "9336179936be0eff26e8508fe55e4f61e8011834"
            }
          ]
        },
        "398_api": {
          "complianceCategoryDetail": "sensor",
          "deobfApk": "",
          "level": "low",
          "name": "398_api",
          "detail": "传感器",
          "complianceCategory": "sensor",
          "category": "ComplianceInfo",
          "vulners": [
            {
              "details": {
                "url": "https://tosv.byted.org/obj/appscan-obj/aux/misc/393932333838383739343134383732398_api.html",
                "position": "<com.appsflyer.internal.AFa1dSDK$1: void run()>",
                "target": [
                  "<com.appsflyer.internal.AFa1dSDK$1: void run()>",
                  "virtualinvoke $r2_2.<android.hardware.SensorManager: boolean registerListener(android.hardware.SensorEventListener,android.hardware.Sensor,int,android.os.Handler)>($r9, $r6, 0, $r10)"
                ]
              },
              "hash": "9336179936be0eff26e8508fe55e4f61e8011834"
            }
          ]
        }
      }
    },
    "DeepLinkInfo": {},
    "JsBridgeInfo": {},
    "UrlRegion": {
      "filter": {
        "N/A:N/A": {
          "value": {
            "境外": {
              "api.ok.ru": {
                "value": {
                  "https://api.ok.ru/fb.do": {
                    "classes.dex.ru.ok.android.sdk.util.OkRequestUtil$Request": "const-string v1, \"https://api.ok.ru/fb.do\"\n"
                  }
                },
                "meta": {
                  "A": {
                    "108.160.162.109": "US"
                  },
                  "ICP": "ICP record undetected",
                  "ISP": [
                    "Dropbox, Inc."
                  ],
                  "locations": [
                    "US"
                  ],
                  "plugins": [
                    "DNS",
                    "ICP"
                  ]
                }
              },
              "connect.ok.ru": {
                "value": {
                  "https://connect.ok.ru/dk?st.cmd=": {
                    "classes.dex.ru.ok.android.sdk.AbstractWidgetActivity": "const-string v1, \"https://connect.ok.ru/dk?st.cmd=\"\n"
                  }
                },
                "meta": {
                  "A": {
                    "199.59.149.203": "US"
                  },
                  "ICP": "ICP record undetected",
                  "ISP": [
                    "Twitter Inc."
                  ],
                  "locations": [
                    "US"
                  ],
                  "plugins": [
                    "DNS",
                    "ICP"
                  ]
                }
              }
            }
          },
          "meta": {
            "url": "N/A",
            "description": "未查到组件信息",
            "version": "N/A"
          }
        }
      },
      "full": {
        "N/A:N/A": {
          "value": {
            "US": {
              "api.ok.ru": {
                "meta": {
                  "A": {
                    "108.160.162.109": "US"
                  },
                  "ICP": "ICP record undetected",
                  "ISP": [
                    "Dropbox, Inc."
                  ],
                  "locations": [
                    "US"
                  ],
                  "plugins": [
                    "DNS",
                    "ICP"
                  ]
                },
                "value": {
                  "https://api.ok.ru/fb.do": {
                    "classes.dex.ru.ok.android.sdk.util.OkRequestUtil$Request": "const-string v1, \"https://api.ok.ru/fb.do\"\n"
                  }
                }
              },
              "connect.ok.ru": {
                "meta": {
                  "A": {
                    "199.59.149.203": "US"
                  },
                  "ICP": "ICP record undetected",
                  "ISP": [
                    "Twitter Inc."
                  ],
                  "locations": [
                    "US"
                  ],
                  "plugins": [
                    "DNS",
                    "ICP"
                  ]
                },
                "value": {
                  "https://connect.ok.ru/dk?st.cmd=": {
                    "classes.dex.ru.ok.android.sdk.AbstractWidgetActivity": "const-string v1, \"https://connect.ok.ru/dk?st.cmd=\"\n"
                  }
                }
              }
            }
          },
          "meta": {
            "url": "N/A",
            "description": "未查到组件信息",
            "version": "N/A"
          }
        }
      }
    },
    "profiler": "https://tosv.byted.org/obj/appscan-obj/aux/misc/393932343031323932353033383536profiler.json",
    "HTTP_API": [],
    "BasicInfo": {
      "AppInfo": {
        "name": "",
        "size": "0.65MB",
        "package": "com.appsflyer",
        "versionName": null,
        "versionCode": null,
        "target_sdk": "32",
        "min_sdk": "14",
        "max_sdk": "",
        "sha1": "3f7d33be7b48c40272134dc38498657221787a1c"
      },
      "SignInfo": {
        "Is signed v1": false,
        "Is signed v2": false,
        "Is signed v3": false,
        "certs": [],
        "pkeys": []
      },
      "ComponentsInfo": {},
      "PermissionInfo": [
        "android.permission.ACCESS_NETWORK_STATE",
        "com.google.android.gms.permission.AD_ID",
        "android.permission.INTERNET"
      ],
      "DeobfApk": ""
    },
    "PermissionUsedDetails": {
      "declaredPermissions": [
        "android.permission.ACCESS_NETWORK_STATE",
        "com.google.android.gms.permission.AD_ID",
        "android.permission.INTERNET"
      ],
      "usedPermissions": {
        "android.permission.INTERNET": {
          "level": "normal|instant",
          "description": "Allows applications to open network sockets",
          "positions": [
            "Default"
          ],
          "details": [
            {
              "caller": "N/A",
              "api": "N/A",
              "url": "N/A"
            }
          ]
        }
      },
      "declaredButNoUsed": {
        "android.permission.ACCESS_NETWORK_STATE": {
          "level": "normal|instant",
          "description": "Allows applications to access information about networks"
        },
        "com.google.android.gms.permission.AD_ID": null
      },
      "usedButNotDeclared": {}
    },
    "SDKComplianceList": []
  },
  0
]