[
  {
    "SecurityInfo": {},
    "ComplianceInfo": {
      "Android_ID": {
        "550_api": {
          "complianceCategoryDetail": "Android_ID",
          "deobfApk": "",
          "level": "high",
          "name": "550_api",
          "detail": "Android_ID",
          "complianceCategory": "Android_ID",
          "category": "ComplianceInfo",
          "vulners": [
            {
              "details": {
                "ConstValue": "android_id",
                "position": "<com.my.target.o1: void a(android.content.Context)>",
                "url": "https://tosv.byted.org/obj/appscan-obj/aux/misc/393932373930353632383439303831550_api.html",
                "target": [
                  "<com.my.target.o1: void a(android.content.Context)>",
                  "<android.provider.Settings$Secure: java.lang.String getString(android.content.ContentResolver,java.lang.String)>",
                  "android_id"
                ]
              },
              "hash": "0ea384d951690d4c92f25a70f3078b416950cb37"
            }
          ]
        }
      },
      "bluetooth": {
        "297_api": {
          "complianceCategoryDetail": "bluetooth",
          "deobfApk": "",
          "level": "low",
          "name": "297_api",
          "detail": "获取连接的蓝牙设备名字",
          "complianceCategory": "bluetooth",
          "category": "ComplianceInfo",
          "vulners": [
            {
              "details": {
                "url": "https://tosv.byted.org/obj/appscan-obj/aux/misc/393932373838313430353632353934297_api.html",
                "position": "<com.my.target.f0: java.util.List a(android.bluetooth.BluetoothAdapter,java.lang.reflect.Method)>",
                "target": [
                  "<com.my.target.f0: java.util.List a(android.bluetooth.BluetoothAdapter,java.lang.reflect.Method)>",
                  "$r11 = virtualinvoke $r6.<android.bluetooth.BluetoothDevice: java.lang.String getName()>()"
                ]
              },
              "hash": "f6e33162165fc2a31c065b290a48081be110d914"
            }
          ]
        },
        "212_api": {
          "complianceCategoryDetail": "bluetooth",
          "deobfApk": "",
          "level": "low",
          "name": "212_api",
          "detail": "获取远程设备的Bluetooth Class",
          "complianceCategory": "bluetooth",
          "category": "ComplianceInfo",
          "vulners": [
            {
              "details": {
                "url": "https://tosv.byted.org/obj/appscan-obj/aux/misc/393932373836333936343234303638212_api.html",
                "position": "<com.my.target.f0: java.util.List a(android.bluetooth.BluetoothAdapter,java.lang.reflect.Method)>",
                "target": [
                  "<com.my.target.f0: java.util.List a(android.bluetooth.BluetoothAdapter,java.lang.reflect.Method)>",
                  "$r8 = virtualinvoke $r6.<android.bluetooth.BluetoothDevice: android.bluetooth.BluetoothClass getBluetoothClass()>()"
                ]
              },
              "hash": "2d94747c03f99ac5fd9ddbc2e4eebc0709e93c9f"
            }
          ]
        },
        "213_api": {
          "complianceCategoryDetail": "bluetooth",
          "deobfApk": "",
          "level": "high",
          "name": "213_api",
          "detail": "返回与本地适配器绑定（配对）的蓝牙设备对象的集合，会包含目标设备的MAC地址。",
          "complianceCategory": "bluetooth",
          "category": "ComplianceInfo",
          "vulners": [
            {
              "details": {
                "url": "https://tosv.byted.org/obj/appscan-obj/aux/misc/393932373836363134323235373932213_api.html",
                "position": "<com.my.target.f0: java.util.List a(android.bluetooth.BluetoothAdapter,java.lang.reflect.Method)>",
                "target": [
                  "<com.my.target.f0: java.util.List a(android.bluetooth.BluetoothAdapter,java.lang.reflect.Method)>",
                  "$r3 = virtualinvoke $r2.<android.bluetooth.BluetoothAdapter: java.util.Set getBondedDevices()>()"
                ]
              },
              "hash": "9ebd5371c6ef5f810167b4add2e91fc83d06a86c"
            }
          ]
        }
      },
      "applist": {
        "374_api": {
          "complianceCategoryDetail": "applist",
          "deobfApk": "",
          "level": "low",
          "name": "374_api",
          "detail": "可获取所有能够启动给定Intent的activity",
          "complianceCategory": "applist",
          "category": "ComplianceInfo",
          "vulners": [
            {
              "details": {
                "url": "https://tosv.byted.org/obj/appscan-obj/aux/misc/393932373839323334303639373134374_api.html",
                "position": "<com.my.target.i6: boolean a(android.content.Context,java.lang.String)>",
                "target": [
                  "<com.my.target.i6: boolean a(android.content.Context,java.lang.String)>",
                  "$r6 = virtualinvoke $r3.<android.content.pm.PackageManager: java.util.List queryIntentActivities(android.content.Intent,int)>($r4, 65536)"
                ]
              },
              "hash": "257607bf61afaea72894ac044b9c37b90412e211"
            }
          ]
        }
      },
      "SSIDBSSID": {
        "309_api": {
          "complianceCategoryDetail": "SSIDBSSID",
          "deobfApk": "",
          "level": "high",
          "name": "309_api",
          "detail": "SSID、BSSID",
          "complianceCategory": "SSIDBSSID",
          "category": "ComplianceInfo",
          "vulners": [
            {
              "details": {
                "url": "https://tosv.byted.org/obj/appscan-obj/aux/misc/393932373838343332373938383939309_api.html",
                "position": "<com.my.target.g1$e: void <init>(android.content.Context)>",
                "target": [
                  "<com.my.target.g1$e: void <init>(android.content.Context)>",
                  "$r6 = virtualinvoke $r4.<android.net.wifi.WifiManager: java.util.List getScanResults()>()"
                ]
              },
              "hash": "75404b2362a79c0ce72689cdccf135c678d99f41"
            }
          ]
        },
        "555_api": {
          "complianceCategoryDetail": "SSIDBSSID",
          "deobfApk": "",
          "level": "high",
          "name": "555_api",
          "detail": "SSID",
          "complianceCategory": "SSIDBSSID",
          "category": "ComplianceInfo",
          "vulners": [
            {
              "details": {
                "url": "https://tosv.byted.org/obj/appscan-obj/aux/misc/393932373930373438383237323231555_api.html",
                "position": "<com.my.target.g1: void c(android.content.Context,java.util.Map)>",
                "target": [
                  "<com.my.target.g1: void c(android.content.Context,java.util.Map)>",
                  "$r6_1 = virtualinvoke $r5.<android.net.wifi.WifiInfo: java.lang.String getSSID()>()"
                ]
              },
              "hash": "6788a763ce70844c45646fd95b929b0960a2eb18"
            }
          ]
        },
        "557_api": {
          "complianceCategoryDetail": "SSIDBSSID",
          "deobfApk": "",
          "level": "high",
          "name": "557_api",
          "detail": "BSSID",
          "complianceCategory": "SSIDBSSID",
          "category": "ComplianceInfo",
          "vulners": [
            {
              "details": {
                "url": "https://tosv.byted.org/obj/appscan-obj/aux/misc/393932373930393030393832313937557_api.html",
                "position": "<com.my.target.g1: void c(android.content.Context,java.util.Map)>",
                "target": [
                  "<com.my.target.g1: void c(android.content.Context,java.util.Map)>",
                  "$r6 = virtualinvoke $r5.<android.net.wifi.WifiInfo: java.lang.String getBSSID()>()"
                ]
              },
              "hash": "7d4385bbe513421f60545b2aebbc89e51bcf6d0f"
            }
          ]
        },
        "239_api": {
          "complianceCategoryDetail": "SSIDBSSID",
          "deobfApk": "",
          "level": "high",
          "name": "239_api",
          "detail": "SSID、BSSID",
          "complianceCategory": "SSIDBSSID",
          "category": "ComplianceInfo",
          "vulners": [
            {
              "details": {
                "url": "https://tosv.byted.org/obj/appscan-obj/aux/misc/393932373837333036373137393731239_api.html",
                "position": "<com.my.target.g1$e: void <init>(android.content.Context)>",
                "target": [
                  "<com.my.target.g1$e: void <init>(android.content.Context)>",
                  "$r5 = virtualinvoke $r4.<android.net.wifi.WifiManager: android.net.wifi.WifiInfo getConnectionInfo()>()"
                ]
              },
              "hash": "ac5d78d34d50ae2bb3f6b835a7dcf42f61853695"
            }
          ]
        }
      },
      "location": {
        "575_api": {
          "complianceCategoryDetail": "location",
          "deobfApk": "",
          "level": "high",
          "name": "575_api",
          "detail": "纬度",
          "complianceCategory": "location",
          "category": "ComplianceInfo",
          "vulners": [
            {
              "details": {
                "url": "https://tosv.byted.org/obj/appscan-obj/aux/misc/393932373931313339343237383934575_api.html",
                "position": "<com.my.target.g1: void b(android.content.Context,java.util.Map)>",
                "target": [
                  "<com.my.target.g1: void b(android.content.Context,java.util.Map)>",
                  "$d0 = virtualinvoke $r6_1.<android.location.Location: double getLatitude()>()"
                ]
              },
              "hash": "da8b499655563a6cb4dc741d5ff4df7a1ddb23c2"
            }
          ]
        },
        "221_api": {
          "complianceCategoryDetail": "location",
          "deobfApk": "",
          "level": "high",
          "name": "221_api",
          "detail": "位置信息",
          "complianceCategory": "location",
          "category": "ComplianceInfo",
          "vulners": [
            {
              "details": {
                "url": "https://tosv.byted.org/obj/appscan-obj/aux/misc/393932373836393137303330363736221_api.html",
                "position": "<com.my.target.g1$c: com.my.target.g1$b b(android.telephony.TelephonyManager)>",
                "target": [
                  "<com.my.target.g1$c: com.my.target.g1$b b(android.telephony.TelephonyManager)>",
                  "$r1 = virtualinvoke $r0.<android.telephony.TelephonyManager: android.telephony.CellLocation getCellLocation()>()"
                ]
              },
              "hash": "2de6fd42df7d5669c18241df67c6b9f694493770"
            }
          ]
        },
        "576_api": {
          "complianceCategoryDetail": "location",
          "deobfApk": "",
          "level": "high",
          "name": "576_api",
          "detail": "经度",
          "complianceCategory": "location",
          "category": "ComplianceInfo",
          "vulners": [
            {
              "details": {
                "url": "https://tosv.byted.org/obj/appscan-obj/aux/misc/393932373931333335303434303731576_api.html",
                "position": "<com.my.target.g1: void b(android.content.Context,java.util.Map)>",
                "target": [
                  "<com.my.target.g1: void b(android.content.Context,java.util.Map)>",
                  "$d0_1 = virtualinvoke $r6_1.<android.location.Location: double getLongitude()>()"
                ]
              },
              "hash": "1defbe2fd7656ac9acd69b0e5b2242a51253abfa"
            }
          ]
        },
        "203_api": {
          "complianceCategoryDetail": "location",
          "deobfApk": "",
          "level": "high",
          "name": "203_api",
          "detail": "位置信息",
          "complianceCategory": "location",
          "category": "ComplianceInfo",
          "vulners": [
            {
              "details": {
                "url": "https://tosv.byted.org/obj/appscan-obj/aux/misc/393932373835373130373831373231203_api.html",
                "position": "<com.my.target.g1$c: java.util.List a(android.telephony.TelephonyManager)>",
                "target": [
                  "<com.my.target.g1$c: java.util.List a(android.telephony.TelephonyManager)>",
                  "$r3 = virtualinvoke $r0.<android.telephony.TelephonyManager: java.util.List getAllCellInfo()>()"
                ]
              },
              "hash": "402c5a1ad2c337e249fcac61512bb37fc9601e8a"
            }
          ]
        },
        "280_api": {
          "complianceCategoryDetail": "location",
          "deobfApk": "",
          "level": "high",
          "name": "280_api",
          "detail": "位置信息",
          "complianceCategory": "location",
          "category": "ComplianceInfo",
          "vulners": [
            {
              "details": {
                "url": "https://tosv.byted.org/obj/appscan-obj/aux/misc/393932373837383137353234313235280_api.html",
                "position": "<com.my.target.g1: void b(android.content.Context,java.util.Map)>",
                "target": [
                  "<com.my.target.g1: void b(android.content.Context,java.util.Map)>",
                  "$r9 = virtualinvoke $r3.<android.location.LocationManager: android.location.Location getLastKnownLocation(java.lang.String)>($r8_1)"
                ]
              },
              "hash": "c7b7fc13d2dd92e6fbaa034491a388bba20d91ee"
            }
          ]
        },
        "583_api": {
          "complianceCategoryDetail": "location",
          "deobfApk": "",
          "level": "high",
          "name": "583_api",
          "detail": "基站ID",
          "complianceCategory": "location",
          "category": "ComplianceInfo",
          "vulners": [
            {
              "details": {
                "url": "https://tosv.byted.org/obj/appscan-obj/aux/misc/393932373931353632303538393133583_api.html",
                "position": "<com.my.target.g1$c: com.my.target.g1$b b(android.telephony.TelephonyManager)>",
                "target": [
                  "<com.my.target.g1$c: com.my.target.g1$b b(android.telephony.TelephonyManager)>",
                  "$i1_3 = virtualinvoke $r3.<android.telephony.gsm.GsmCellLocation: int getCid()>()"
                ]
              },
              "hash": "88b22093813c5bcf29e0ca2e5cf205ed4cae3a4e"
            }
          ]
        }
      },
      "clipboard data": {
        "453_api": {
          "complianceCategoryDetail": "clipboard data",
          "deobfApk": "",
          "level": "high",
          "name": "453_api",
          "detail": "剪贴板",
          "complianceCategory": "clipboard data",
          "category": "ComplianceInfo",
          "vulners": [
            {
              "details": {
                "url": "https://tosv.byted.org/obj/appscan-obj/aux/misc/393932373839393530343237343335453_api.html",
                "position": "<com.my.target.f: void onActionClick(com.my.target.common.menu.MenuAction)>",
                "target": [
                  "<com.my.target.f: void onActionClick(com.my.target.common.menu.MenuAction)>",
                  "virtualinvoke $r8.<android.content.ClipboardManager: void setPrimaryClip(android.content.ClipData)>($r9)"
                ]
              },
              "hash": "7aba3116b37460e3c7979db71753d75608db049b"
            }
          ]
        }
      }
    },
    "DeepLinkInfo": {},
    "JsBridgeInfo": {},
    "UrlRegion": {
      "filter": {
        "N/A:N/A": {
          "value": {
            "境外": {
              "api.ok.ru": {
                "value": {
                  "https://api.ok.ru/fb.do": {
                    "classes.dex.ru.ok.android.sdk.util.OkRequestUtil$Request": "const-string v1, \"https://api.ok.ru/fb.do\"\n"
                  }
                },
                "meta": {
                  "A": {
                    "108.160.162.109": "US"
                  },
                  "ICP": "ICP record undetected",
                  "ISP": [
                    "Dropbox, Inc."
                  ],
                  "locations": [
                    "US"
                  ],
                  "plugins": [
                    "DNS",
                    "ICP"
                  ]
                }
              },
              "connect.ok.ru": {
                "value": {
                  "https://connect.ok.ru/dk?st.cmd=": {
                    "classes.dex.ru.ok.android.sdk.AbstractWidgetActivity": "const-string v1, \"https://connect.ok.ru/dk?st.cmd=\"\n"
                  }
                },
                "meta": {
                  "A": {
                    "199.59.149.203": "US"
                  },
                  "ICP": "ICP record undetected",
                  "ISP": [
                    "Twitter Inc."
                  ],
                  "locations": [
                    "US"
                  ],
                  "plugins": [
                    "DNS",
                    "ICP"
                  ]
                }
              }
            }
          },
          "meta": {
            "url": "N/A",
            "description": "未查到组件信息",
            "version": "N/A"
          }
        }
      },
      "full": {
        "N/A:N/A": {
          "value": {
            "US": {
              "api.ok.ru": {
                "meta": {
                  "A": {
                    "108.160.162.109": "US"
                  },
                  "ICP": "ICP record undetected",
                  "ISP": [
                    "Dropbox, Inc."
                  ],
                  "locations": [
                    "US"
                  ],
                  "plugins": [
                    "DNS",
                    "ICP"
                  ]
                },
                "value": {
                  "https://api.ok.ru/fb.do": {
                    "classes.dex.ru.ok.android.sdk.util.OkRequestUtil$Request": "const-string v1, \"https://api.ok.ru/fb.do\"\n"
                  }
                }
              },
              "connect.ok.ru": {
                "meta": {
                  "A": {
                    "199.59.149.203": "US"
                  },
                  "ICP": "ICP record undetected",
                  "ISP": [
                    "Twitter Inc."
                  ],
                  "locations": [
                    "US"
                  ],
                  "plugins": [
                    "DNS",
                    "ICP"
                  ]
                },
                "value": {
                  "https://connect.ok.ru/dk?st.cmd=": {
                    "classes.dex.ru.ok.android.sdk.AbstractWidgetActivity": "const-string v1, \"https://connect.ok.ru/dk?st.cmd=\"\n"
                  }
                }
              }
            }
          },
          "meta": {
            "url": "N/A",
            "description": "未查到组件信息",
            "version": "N/A"
          }
        }
      }
    },
    "profiler": "https://tosv.byted.org/obj/appscan-obj/aux/misc/393932373938313238323832373636profiler.json",
    "HTTP_API": [],
    "BasicInfo": {
      "AppInfo": {
        "name": "",
        "size": "1.19MB",
        "package": "com.my.target",
        "versionName": null,
        "versionCode": null,
        "target_sdk": "32",
        "min_sdk": "16",
        "max_sdk": "",
        "sha1": "cd809fe04f6ff773596dfa168b1391c7443fc506"
      },
      "SignInfo": {
        "Is signed v1": false,
        "Is signed v2": false,
        "Is signed v3": false,
        "certs": [],
        "pkeys": []
      },
      "ComponentsInfo": {
        "unExportedActivities": [
          "com.my.target.common.MyTargetActivity"
        ],
        "unExportedProviders": [
          "com.my.target.common.MyTargetContentProvider"
        ]
      },
      "PermissionInfo": [
        "android.permission.ACCESS_NETWORK_STATE",
        "com.google.android.gms.permission.AD_ID",
        "android.permission.INTERNET"
      ],
      "DeobfApk": ""
    },
    "PermissionUsedDetails": {
      "declaredPermissions": [
        "android.permission.ACCESS_NETWORK_STATE",
        "com.google.android.gms.permission.AD_ID",
        "android.permission.INTERNET"
      ],
      "usedPermissions": {
        "android.permission.INTERNET": {
          "level": "normal|instant",
          "description": "Allows applications to open network sockets",
          "positions": [
            "Default"
          ],
          "details": [
            {
              "caller": "N/A",
              "api": "N/A",
              "url": "N/A"
            }
          ]
        }
      },
      "declaredButNoUsed": {
        "android.permission.ACCESS_NETWORK_STATE": {
          "level": "normal|instant",
          "description": "Allows applications to access information about networks"
        },
        "com.google.android.gms.permission.AD_ID": null
      },
      "usedButNotDeclared": {}
    },
    "SDKComplianceList": []
  },
  0
]