[
  {
    "SecurityInfo": {},
    "ComplianceInfo": {
      "carrier info": {
        "299_api": {
          "complianceCategoryDetail": "carrier info",
          "deobfApk": "",
          "level": "low",
          "name": "299_api",
          "detail": "获取移动网络类型，比如GSM、CDMA、LTE等。可能会被照明弹记录。",
          "complianceCategory": "carrier info",
          "category": "ComplianceInfo",
          "vulners": [
            {
              "details": {
                "url": "https://tosv.byted.org/obj/appscan-obj/aux/misc/393933333036323533393838363439299_api.html",
                "position": "<com.yandex.metrica.impl.ob.wj: java.lang.Object b()>",
                "target": [
                  "<com.yandex.metrica.impl.ob.wj: java.lang.Object b()>",
                  "$i0_18 = virtualinvoke $r4_5.<android.telephony.TelephonyManager: int getNetworkType()>()"
                ]
              },
              "hash": "9b70bf90d0410394413cfc12d1797ae73af219e6"
            }
          ]
        }
      },
      "wifi": {
        "471_api": {
          "complianceCategoryDetail": "wifi",
          "deobfApk": "",
          "level": "low",
          "name": "471_api",
          "detail": "执行WiFi扫描，可能会被照明弹记录",
          "complianceCategory": "wifi",
          "category": "ComplianceInfo",
          "vulners": [
            {
              "details": {
                "url": "https://tosv.byted.org/obj/appscan-obj/aux/misc/393933333039323234353733323133471_api.html",
                "position": "<com.yandex.metrica.impl.ob.H2: boolean a(java.util.concurrent.CountDownLatch,com.yandex.metrica.impl.ob.V)>",
                "target": [
                  "<com.yandex.metrica.impl.ob.H2: boolean a(java.util.concurrent.CountDownLatch,com.yandex.metrica.impl.ob.V)>",
                  "$z0_1 = virtualinvoke $r8.<android.net.wifi.WifiManager: boolean startScan()>()"
                ]
              },
              "hash": "f8d5ff5e4d6d258ed8e8d013f1e3fedaeb09821e"
            }
          ]
        }
      },
      "SSIDBSSID": {
        "309_api": {
          "complianceCategoryDetail": "SSIDBSSID",
          "deobfApk": "",
          "level": "high",
          "name": "309_api",
          "detail": "SSID、BSSID",
          "complianceCategory": "SSIDBSSID",
          "category": "ComplianceInfo",
          "vulners": [
            {
              "details": {
                "url": "https://tosv.byted.org/obj/appscan-obj/aux/misc/393933333036343438393233373436309_api.html",
                "position": "<com.yandex.metrica.impl.ob.H2: java.util.List c()>",
                "target": [
                  "<com.yandex.metrica.impl.ob.H2: java.util.List c()>",
                  "$r6 = virtualinvoke $r5.<android.net.wifi.WifiManager: java.util.List getScanResults()>()"
                ]
              },
              "hash": "b9bcd3e85638d9ba167d47fee6467309498340b4"
            }
          ]
        },
        "555_api": {
          "complianceCategoryDetail": "SSIDBSSID",
          "deobfApk": "",
          "level": "high",
          "name": "555_api",
          "detail": "SSID",
          "complianceCategory": "SSIDBSSID",
          "category": "ComplianceInfo",
          "vulners": [
            {
              "details": {
                "url": "https://tosv.byted.org/obj/appscan-obj/aux/misc/393933333039373037343339353236555_api.html",
                "position": "<com.yandex.metrica.impl.ob.H2: java.util.List c()>",
                "target": [
                  "<com.yandex.metrica.impl.ob.H2: java.util.List c()>",
                  "$r12_16 = virtualinvoke $r10_4.<android.net.wifi.WifiInfo: java.lang.String getSSID()>()"
                ]
              },
              "hash": "eb31410bbab9abaae168e84d85a92cacc58710e8"
            }
          ]
        },
        "502_api": {
          "complianceCategoryDetail": "SSIDBSSID",
          "deobfApk": "",
          "level": "high",
          "name": "502_api",
          "detail": "SSID、BSSID",
          "complianceCategory": "SSIDBSSID",
          "category": "ComplianceInfo",
          "vulners": [
            {
              "details": {
                "position": "<com.yandex.metrica.impl.ob.J2: void a()>",
                "url": "https://tosv.byted.org/obj/appscan-obj/aux/misc/393933333136363538313735383636502_api.html",
                "target": [
                  "<com.yandex.metrica.impl.ob.J2: void a()>->@const_str:android.net.wifi.SCAN_RESULTS",
                  "<com.yandex.metrica.impl.ob.J2: void a()>->$r3",
                  "<com.yandex.metrica.impl.ob.b0: android.content.Intent a(android.content.Context,android.content.IntentFilter)>->@parameter1",
                  "<com.yandex.metrica.impl.ob.b0: android.content.Intent a(android.content.Context,android.content.IntentFilter)>->$r4"
                ],
                "entryMethod": "<com.yandex.metrica.impl.ob.J2: void a()>",
                "Source": [
                  "virtualinvoke $r3.<android.content.IntentFilter: void addAction(java.lang.String)>(\"android.net.wifi.SCAN_RESULTS\")"
                ],
                "Sink": [
                  "$r2 = virtualinvoke $r3.<android.content.Context: android.content.Intent registerReceiver(android.content.BroadcastReceiver,android.content.IntentFilter)>($r1, $r4)"
                ]
              },
              "hash": "7dc7a0cb452de6de59287194052a23689a466722"
            },
            {
              "details": {
                "position": "<com.yandex.metrica.impl.ob.J2: void a(com.yandex.metrica.impl.ob.lm)>",
                "url": "https://tosv.byted.org/obj/appscan-obj/aux/misc/393933333136383831333333303733502_api.html",
                "target": [
                  "<com.yandex.metrica.impl.ob.J2: void a(com.yandex.metrica.impl.ob.lm)>->@const_str:android.net.wifi.SCAN_RESULTS",
                  "<com.yandex.metrica.impl.ob.J2: void a(com.yandex.metrica.impl.ob.lm)>->$r4",
                  "<com.yandex.metrica.impl.ob.b0: android.content.Intent a(android.content.Context,android.content.IntentFilter)>->@parameter1",
                  "<com.yandex.metrica.impl.ob.b0: android.content.Intent a(android.content.Context,android.content.IntentFilter)>->$r4"
                ],
                "entryMethod": "<com.yandex.metrica.impl.ob.J2: void a(com.yandex.metrica.impl.ob.lm)>",
                "Source": [
                  "virtualinvoke $r4.<android.content.IntentFilter: void addAction(java.lang.String)>(\"android.net.wifi.SCAN_RESULTS\")"
                ],
                "Sink": [
                  "$r2 = virtualinvoke $r3.<android.content.Context: android.content.Intent registerReceiver(android.content.BroadcastReceiver,android.content.IntentFilter)>($r1, $r4)"
                ]
              },
              "hash": "1d9079d22ff23312b32746518a556baf593dc273"
            }
          ]
        },
        "557_api": {
          "complianceCategoryDetail": "SSIDBSSID",
          "deobfApk": "",
          "level": "high",
          "name": "557_api",
          "detail": "BSSID",
          "complianceCategory": "SSIDBSSID",
          "category": "ComplianceInfo",
          "vulners": [
            {
              "details": {
                "url": "https://tosv.byted.org/obj/appscan-obj/aux/misc/393933333039383637313630303636557_api.html",
                "position": "<com.yandex.metrica.impl.ob.H2: java.util.List c()>",
                "target": [
                  "<com.yandex.metrica.impl.ob.H2: java.util.List c()>",
                  "$r11_1 = virtualinvoke $r9.<android.net.wifi.WifiInfo: java.lang.String getBSSID()>()"
                ]
              },
              "hash": "c8469cdfd1e2e0b615d6290877737cf992945301"
            }
          ]
        },
        "239_api": {
          "complianceCategoryDetail": "SSIDBSSID",
          "deobfApk": "",
          "level": "high",
          "name": "239_api",
          "detail": "SSID、BSSID",
          "complianceCategory": "SSIDBSSID",
          "category": "ComplianceInfo",
          "vulners": [
            {
              "details": {
                "url": "https://tosv.byted.org/obj/appscan-obj/aux/misc/393933333035353834313533323135239_api.html",
                "position": "<com.yandex.metrica.impl.ob.H2: java.util.List c()>",
                "target": [
                  "<com.yandex.metrica.impl.ob.H2: java.util.List c()>",
                  "$r9 = virtualinvoke $r5_3.<android.net.wifi.WifiManager: android.net.wifi.WifiInfo getConnectionInfo()>()"
                ]
              },
              "hash": "5b79c078b25550626c84856e82eae5d65fadb2b1"
            }
          ]
        }
      },
      "location": {
        "417_api": {
          "complianceCategoryDetail": "location",
          "deobfApk": "",
          "level": "low",
          "name": "417_api",
          "detail": "位置信息",
          "complianceCategory": "location",
          "category": "ComplianceInfo",
          "vulners": [
            {
              "details": {
                "url": "https://tosv.byted.org/obj/appscan-obj/aux/misc/393933333038373330363931383939417_api.html",
                "position": "<com.yandex.metrica.impl.ob.Tc: boolean c()>",
                "target": [
                  "<com.yandex.metrica.impl.ob.Tc: boolean c()>",
                  "virtualinvoke $r1.<android.location.LocationManager: void requestLocationUpdates(java.lang.String,long,float,android.location.LocationListener,android.os.Looper)>($r2, $l0, 0.0F, $r3, $r4)"
                ]
              },
              "hash": "cf3423b8721f48bba346603047863e2d312a0435"
            }
          ]
        },
        "358_api": {
          "complianceCategoryDetail": "location",
          "deobfApk": "",
          "level": "low",
          "name": "358_api",
          "detail": "位置信息",
          "complianceCategory": "location",
          "category": "ComplianceInfo",
          "vulners": [
            {
              "details": {
                "url": "https://tosv.byted.org/obj/appscan-obj/aux/misc/393933333036393535373134313739358_api.html",
                "position": "<com.yandex.metrica.gpllibrary.GplLocationCallback: void onLocationResult(com.google.android.gms.location.LocationResult)>",
                "target": [
                  "<com.yandex.metrica.gpllibrary.GplLocationCallback: void onLocationResult(com.google.android.gms.location.LocationResult)>",
                  "interfaceinvoke $r1.<android.location.LocationListener: void onLocationChanged(android.location.Location)>($r2)"
                ]
              },
              "hash": "84695442a30f113ab210f3da9daabc76241a695f"
            },
            {
              "details": {
                "url": "https://tosv.byted.org/obj/appscan-obj/aux/misc/393933333037303931353235363034358_api.html",
                "position": "<com.yandex.metrica.impl.ob.Tc: void b()>",
                "target": [
                  "<com.yandex.metrica.impl.ob.Tc: void b()>",
                  "interfaceinvoke $r8.<android.location.LocationListener: void onLocationChanged(android.location.Location)>($r6_4)"
                ]
              },
              "hash": "589ca9f4802c8a7a786673a0181979ba0dff5a20"
            },
            {
              "details": {
                "url": "https://tosv.byted.org/obj/appscan-obj/aux/misc/393933333037323732383535323237358_api.html",
                "position": "<com.yandex.metrica.gpllibrary.GplOnSuccessListener: void onSuccess(android.location.Location)>",
                "target": [
                  "<com.yandex.metrica.gpllibrary.GplOnSuccessListener: void onSuccess(android.location.Location)>",
                  "interfaceinvoke $r2.<android.location.LocationListener: void onLocationChanged(android.location.Location)>($r1)"
                ]
              },
              "hash": "f3bcc17ae7d58d34d8279d9bd69ee77737a2d80b"
            }
          ]
        },
        "221_api": {
          "complianceCategoryDetail": "location",
          "deobfApk": "",
          "level": "high",
          "name": "221_api",
          "detail": "位置信息",
          "complianceCategory": "location",
          "category": "ComplianceInfo",
          "vulners": [
            {
              "details": {
                "url": "https://tosv.byted.org/obj/appscan-obj/aux/misc/393933333035313139393839363834221_api.html",
                "position": "<com.yandex.metrica.impl.ob.wj: java.lang.Object b()>",
                "target": [
                  "<com.yandex.metrica.impl.ob.wj: java.lang.Object b()>",
                  "$r7_4 = virtualinvoke $r4_3.<android.telephony.TelephonyManager: android.telephony.CellLocation getCellLocation()>()"
                ]
              },
              "hash": "ce355cfe9c164f66b3b885a1a27905fd31e54cf6"
            }
          ]
        },
        "576_api": {
          "complianceCategoryDetail": "location",
          "deobfApk": "",
          "level": "high",
          "name": "576_api",
          "detail": "经度",
          "complianceCategory": "location",
          "category": "ComplianceInfo",
          "vulners": [
            {
              "details": {
                "url": "https://tosv.byted.org/obj/appscan-obj/aux/misc/393933333130383830353836363339576_api.html",
                "position": "<com.yandex.metrica.impl.ob.Vb: java.lang.String a(com.yandex.metrica.impl.ob.Hc)>",
                "target": [
                  "<com.yandex.metrica.impl.ob.Vb: java.lang.String a(com.yandex.metrica.impl.ob.Hc)>",
                  "$d0_1 = virtualinvoke $r5_1.<android.location.Location: double getLongitude()>()"
                ]
              },
              "hash": "65ff0e87736b3e13942c7c184f638fe855422fa3"
            },
            {
              "details": {
                "url": "https://tosv.byted.org/obj/appscan-obj/aux/misc/393933333131303338323036373838576_api.html",
                "position": "<com.yandex.metrica.impl.ob.m1: java.lang.String a(android.location.Location)>",
                "target": [
                  "<com.yandex.metrica.impl.ob.m1: java.lang.String a(android.location.Location)>",
                  "$d0_2 = virtualinvoke $r2.<android.location.Location: double getLongitude()>()"
                ]
              },
              "hash": "532aa8e6ccaeab7a8d79bf3308e8a9330267e828"
            },
            {
              "details": {
                "url": "https://tosv.byted.org/obj/appscan-obj/aux/misc/393933333131313936313036373438576_api.html",
                "position": "<com.yandex.metrica.impl.ob.na: org.json.JSONObject a(android.location.Location)>",
                "target": [
                  "<com.yandex.metrica.impl.ob.na: org.json.JSONObject a(android.location.Location)>",
                  "$d0_2 = virtualinvoke $r1.<android.location.Location: double getLongitude()>()"
                ]
              },
              "hash": "6858c68132e4aef9243f0bd18147f9b8538df53c"
            },
            {
              "details": {
                "url": "https://tosv.byted.org/obj/appscan-obj/aux/misc/393933333131333633313235343732576_api.html",
                "position": "<com.yandex.metrica.impl.ob.i0: void a(org.json.JSONObject,com.yandex.metrica.impl.ob.K2)>",
                "target": [
                  "<com.yandex.metrica.impl.ob.i0: void a(org.json.JSONObject,com.yandex.metrica.impl.ob.K2)>",
                  "$d0_1 = virtualinvoke $r2.<android.location.Location: double getLongitude()>()"
                ]
              },
              "hash": "971c34792ab2f9e7231cd9200ac176833a54f933"
            },
            {
              "details": {
                "url": "https://tosv.byted.org/obj/appscan-obj/aux/misc/393933333131353237363834393230576_api.html",
                "position": "<com.yandex.metrica.impl.ob.ad: com.yandex.metrica.impl.ob.pf$b a(com.yandex.metrica.impl.ob.Hc)>",
                "target": [
                  "<com.yandex.metrica.impl.ob.ad: com.yandex.metrica.impl.ob.pf$b a(com.yandex.metrica.impl.ob.Hc)>",
                  "$d0_1 = virtualinvoke $r3.<android.location.Location: double getLongitude()>()"
                ]
              },
              "hash": "92d7f363661c26778429eba9582ed0f8415ea015"
            },
            {
              "details": {
                "url": "https://tosv.byted.org/obj/appscan-obj/aux/misc/393933333131363730333238303033576_api.html",
                "position": "<com.yandex.metrica.impl.ob.Lg$a: boolean b(java.lang.Object)>",
                "target": [
                  "<com.yandex.metrica.impl.ob.Lg$a: boolean b(java.lang.Object)>",
                  "$d1_1 = virtualinvoke $r10.<android.location.Location: double getLongitude()>()"
                ]
              },
              "hash": "c137c714d048b7525541773a887c200f41ff4796"
            }
          ]
        },
        "577_api": {
          "complianceCategoryDetail": "location",
          "deobfApk": "",
          "level": "high",
          "name": "577_api",
          "detail": "基站ID",
          "complianceCategory": "location",
          "category": "ComplianceInfo",
          "vulners": [
            {
              "details": {
                "url": "https://tosv.byted.org/obj/appscan-obj/aux/misc/393933333131383131373839323732577_api.html",
                "position": "<com.yandex.metrica.impl.ob.Vb: java.lang.String a(com.yandex.metrica.impl.ob.Hc)>",
                "target": [
                  "<com.yandex.metrica.impl.ob.Vb: java.lang.String a(com.yandex.metrica.impl.ob.Hc)>",
                  "$d0_2 = virtualinvoke $r5_13.<android.location.Location: double getAltitude()>()"
                ]
              },
              "hash": "f702bb017e94b71990b4be3ab24f98db6aa99408"
            },
            {
              "details": {
                "url": "https://tosv.byted.org/obj/appscan-obj/aux/misc/393933333131393239343939343334577_api.html",
                "position": "<com.yandex.metrica.impl.ob.m1: java.lang.String a(android.location.Location)>",
                "target": [
                  "<com.yandex.metrica.impl.ob.m1: java.lang.String a(android.location.Location)>",
                  "$d0_1 = virtualinvoke $r2.<android.location.Location: double getAltitude()>()"
                ]
              },
              "hash": "5952d4505ea749a0ab95750147bd4ca8d88c21ac"
            },
            {
              "details": {
                "url": "https://tosv.byted.org/obj/appscan-obj/aux/misc/393933333132363039363531393038577_api.html",
                "position": "<com.yandex.metrica.impl.ob.na: org.json.JSONObject a(android.location.Location)>",
                "target": [
                  "<com.yandex.metrica.impl.ob.na: org.json.JSONObject a(android.location.Location)>",
                  "$d0_1 = virtualinvoke $r1.<android.location.Location: double getAltitude()>()"
                ]
              },
              "hash": "fcb3a2e6d4ed18327e7c3cc2e966a2135083dca1"
            },
            {
              "details": {
                "url": "https://tosv.byted.org/obj/appscan-obj/aux/misc/393933333132393537303030353138577_api.html",
                "position": "<com.yandex.metrica.impl.ob.i0: void a(org.json.JSONObject,com.yandex.metrica.impl.ob.K2)>",
                "target": [
                  "<com.yandex.metrica.impl.ob.i0: void a(org.json.JSONObject,com.yandex.metrica.impl.ob.K2)>",
                  "$d0_2 = virtualinvoke $r2.<android.location.Location: double getAltitude()>()"
                ]
              },
              "hash": "e7d9ff3c038bf2b460f950a33d17389d5f9f8d1f"
            },
            {
              "details": {
                "url": "https://tosv.byted.org/obj/appscan-obj/aux/misc/393933333133313130343934333932577_api.html",
                "position": "<com.yandex.metrica.impl.ob.ad: com.yandex.metrica.impl.ob.pf$b a(com.yandex.metrica.impl.ob.Hc)>",
                "target": [
                  "<com.yandex.metrica.impl.ob.ad: com.yandex.metrica.impl.ob.pf$b a(com.yandex.metrica.impl.ob.Hc)>",
                  "$d0_2 = virtualinvoke $r3.<android.location.Location: double getAltitude()>()"
                ]
              },
              "hash": "6d3e9e1194f620397a073c64a1a916f25251760e"
            },
            {
              "details": {
                "url": "https://tosv.byted.org/obj/appscan-obj/aux/misc/393933333133323634373933343036577_api.html",
                "position": "<com.yandex.metrica.impl.ob.Lg$a: boolean b(java.lang.Object)>",
                "target": [
                  "<com.yandex.metrica.impl.ob.Lg$a: boolean b(java.lang.Object)>",
                  "$d1_2 = virtualinvoke $r10.<android.location.Location: double getAltitude()>()"
                ]
              },
              "hash": "d55e84cb08132c891e1ca772ef9bea891213cb5a"
            }
          ]
        },
        "415_api": {
          "complianceCategoryDetail": "location",
          "deobfApk": "",
          "level": "low",
          "name": "415_api",
          "detail": "位置信息",
          "complianceCategory": "location",
          "category": "ComplianceInfo",
          "vulners": [
            {
              "details": {
                "url": "https://tosv.byted.org/obj/appscan-obj/aux/misc/393933333038333532373437363534415_api.html",
                "position": "<com.yandex.metrica.impl.ob.Tc: boolean c()>",
                "target": [
                  "<com.yandex.metrica.impl.ob.Tc: boolean c()>",
                  "virtualinvoke $r1.<android.location.LocationManager: void requestLocationUpdates(java.lang.String,long,float,android.location.LocationListener,android.os.Looper)>($r2, $l0, 0.0F, $r3, $r4)"
                ]
              },
              "hash": "cf3423b8721f48bba346603047863e2d312a0435"
            }
          ]
        },
        "413_api": {
          "complianceCategoryDetail": "location",
          "deobfApk": "",
          "level": "low",
          "name": "413_api",
          "detail": "位置信息",
          "complianceCategory": "location",
          "category": "ComplianceInfo",
          "vulners": [
            {
              "details": {
                "url": "https://tosv.byted.org/obj/appscan-obj/aux/misc/393933333038303434323138373933413_api.html",
                "position": "<com.yandex.metrica.impl.ob.Tc: boolean c()>",
                "target": [
                  "<com.yandex.metrica.impl.ob.Tc: boolean c()>",
                  "virtualinvoke $r1.<android.location.LocationManager: void requestLocationUpdates(java.lang.String,long,float,android.location.LocationListener,android.os.Looper)>($r2, $l0, 0.0F, $r3, $r4)"
                ]
              },
              "hash": "cf3423b8721f48bba346603047863e2d312a0435"
            }
          ]
        },
        "411_api": {
          "complianceCategoryDetail": "location",
          "deobfApk": "",
          "level": "low",
          "name": "411_api",
          "detail": "位置信息",
          "complianceCategory": "location",
          "category": "ComplianceInfo",
          "vulners": [
            {
              "details": {
                "url": "https://tosv.byted.org/obj/appscan-obj/aux/misc/393933333037363535393432313536411_api.html",
                "position": "<com.yandex.metrica.impl.ob.Tc: boolean c()>",
                "target": [
                  "<com.yandex.metrica.impl.ob.Tc: boolean c()>",
                  "virtualinvoke $r1.<android.location.LocationManager: void requestLocationUpdates(java.lang.String,long,float,android.location.LocationListener,android.os.Looper)>($r2, $l0, 0.0F, $r3, $r4)"
                ]
              },
              "hash": "cf3423b8721f48bba346603047863e2d312a0435"
            }
          ]
        },
        "575_api": {
          "complianceCategoryDetail": "location",
          "deobfApk": "",
          "level": "high",
          "name": "575_api",
          "detail": "纬度",
          "complianceCategory": "location",
          "category": "ComplianceInfo",
          "vulners": [
            {
              "details": {
                "url": "https://tosv.byted.org/obj/appscan-obj/aux/misc/393933333130303634333637353033575_api.html",
                "position": "<com.yandex.metrica.impl.ob.Vb: java.lang.String a(com.yandex.metrica.impl.ob.Hc)>",
                "target": [
                  "<com.yandex.metrica.impl.ob.Vb: java.lang.String a(com.yandex.metrica.impl.ob.Hc)>",
                  "$d0 = virtualinvoke $r5.<android.location.Location: double getLatitude()>()"
                ]
              },
              "hash": "3c8de3be0ea0b312f10b3e965178e591aa4a4ef9"
            },
            {
              "details": {
                "url": "https://tosv.byted.org/obj/appscan-obj/aux/misc/393933333130323234343132313334575_api.html",
                "position": "<com.yandex.metrica.impl.ob.m1: java.lang.String a(android.location.Location)>",
                "target": [
                  "<com.yandex.metrica.impl.ob.m1: java.lang.String a(android.location.Location)>",
                  "$d0_3 = virtualinvoke $r2.<android.location.Location: double getLatitude()>()"
                ]
              },
              "hash": "5d1bf2edc9cf85e42543fc0d6cef89fc3a5fca74"
            },
            {
              "details": {
                "url": "https://tosv.byted.org/obj/appscan-obj/aux/misc/393933333130333534323436313531575_api.html",
                "position": "<com.yandex.metrica.impl.ob.na: org.json.JSONObject a(android.location.Location)>",
                "target": [
                  "<com.yandex.metrica.impl.ob.na: org.json.JSONObject a(android.location.Location)>",
                  "$d0_3 = virtualinvoke $r1.<android.location.Location: double getLatitude()>()"
                ]
              },
              "hash": "2e279aeb4700a38772a584cf7b788f191668ad48"
            },
            {
              "details": {
                "url": "https://tosv.byted.org/obj/appscan-obj/aux/misc/393933333130343739303730373337575_api.html",
                "position": "<com.yandex.metrica.impl.ob.i0: void a(org.json.JSONObject,com.yandex.metrica.impl.ob.K2)>",
                "target": [
                  "<com.yandex.metrica.impl.ob.i0: void a(org.json.JSONObject,com.yandex.metrica.impl.ob.K2)>",
                  "$d0 = virtualinvoke $r2.<android.location.Location: double getLatitude()>()"
                ]
              },
              "hash": "a628e27e14654fff1dcfbf0012fec3c7a7cd9a89"
            },
            {
              "details": {
                "url": "https://tosv.byted.org/obj/appscan-obj/aux/misc/393933333130363135373431303735575_api.html",
                "position": "<com.yandex.metrica.impl.ob.ad: com.yandex.metrica.impl.ob.pf$b a(com.yandex.metrica.impl.ob.Hc)>",
                "target": [
                  "<com.yandex.metrica.impl.ob.ad: com.yandex.metrica.impl.ob.pf$b a(com.yandex.metrica.impl.ob.Hc)>",
                  "$d0 = virtualinvoke $r3.<android.location.Location: double getLatitude()>()"
                ]
              },
              "hash": "8318558957b6e1743bcbbf92c376c5589ac81a0b"
            },
            {
              "details": {
                "url": "https://tosv.byted.org/obj/appscan-obj/aux/misc/393933333130373432383033313733575_api.html",
                "position": "<com.yandex.metrica.impl.ob.Lg$a: boolean b(java.lang.Object)>",
                "target": [
                  "<com.yandex.metrica.impl.ob.Lg$a: boolean b(java.lang.Object)>",
                  "$d0 = virtualinvoke $r9.<android.location.Location: double getLatitude()>()"
                ]
              },
              "hash": "9b841560e540f3467a0bf85ad7cec95bbb74a56f"
            }
          ]
        },
        "416_api": {
          "complianceCategoryDetail": "location",
          "deobfApk": "",
          "level": "low",
          "name": "416_api",
          "detail": "位置信息",
          "complianceCategory": "location",
          "category": "ComplianceInfo",
          "vulners": [
            {
              "details": {
                "url": "https://tosv.byted.org/obj/appscan-obj/aux/misc/393933333038353932323537333934416_api.html",
                "position": "<com.yandex.metrica.impl.ob.Tc: boolean c()>",
                "target": [
                  "<com.yandex.metrica.impl.ob.Tc: boolean c()>",
                  "virtualinvoke $r1.<android.location.LocationManager: void requestLocationUpdates(java.lang.String,long,float,android.location.LocationListener,android.os.Looper)>($r2, $l0, 0.0F, $r3, $r4)"
                ]
              },
              "hash": "cf3423b8721f48bba346603047863e2d312a0435"
            }
          ]
        },
        "414_api": {
          "complianceCategoryDetail": "location",
          "deobfApk": "",
          "level": "low",
          "name": "414_api",
          "detail": "位置信息",
          "complianceCategory": "location",
          "category": "ComplianceInfo",
          "vulners": [
            {
              "details": {
                "url": "https://tosv.byted.org/obj/appscan-obj/aux/misc/393933333038323039303639383934414_api.html",
                "position": "<com.yandex.metrica.impl.ob.Tc: boolean c()>",
                "target": [
                  "<com.yandex.metrica.impl.ob.Tc: boolean c()>",
                  "virtualinvoke $r1.<android.location.LocationManager: void requestLocationUpdates(java.lang.String,long,float,android.location.LocationListener,android.os.Looper)>($r2, $l0, 0.0F, $r3, $r4)"
                ]
              },
              "hash": "cf3423b8721f48bba346603047863e2d312a0435"
            }
          ]
        },
        "280_api": {
          "complianceCategoryDetail": "location",
          "deobfApk": "",
          "level": "high",
          "name": "280_api",
          "detail": "位置信息",
          "complianceCategory": "location",
          "category": "ComplianceInfo",
          "vulners": [
            {
              "details": {
                "url": "https://tosv.byted.org/obj/appscan-obj/aux/misc/393933333035393538383335353932280_api.html",
                "position": "<com.yandex.metrica.impl.ob.Tc: void b()>",
                "target": [
                  "<com.yandex.metrica.impl.ob.Tc: void b()>",
                  "$r6 = virtualinvoke $r3.<android.location.LocationManager: android.location.Location getLastKnownLocation(java.lang.String)>($r5_1)"
                ]
              },
              "hash": "906db454e90c2bd9720a6e74917389c9a7cea1e2"
            }
          ]
        },
        "412_api": {
          "complianceCategoryDetail": "location",
          "deobfApk": "",
          "level": "low",
          "name": "412_api",
          "detail": "位置信息",
          "complianceCategory": "location",
          "category": "ComplianceInfo",
          "vulners": [
            {
              "details": {
                "url": "https://tosv.byted.org/obj/appscan-obj/aux/misc/393933333037383234353439333831412_api.html",
                "position": "<com.yandex.metrica.impl.ob.Tc: boolean c()>",
                "target": [
                  "<com.yandex.metrica.impl.ob.Tc: boolean c()>",
                  "virtualinvoke $r1.<android.location.LocationManager: void requestLocationUpdates(java.lang.String,long,float,android.location.LocationListener,android.os.Looper)>($r2, $l0, 0.0F, $r3, $r4)"
                ]
              },
              "hash": "cf3423b8721f48bba346603047863e2d312a0435"
            }
          ]
        },
        "583_api": {
          "complianceCategoryDetail": "location",
          "deobfApk": "",
          "level": "high",
          "name": "583_api",
          "detail": "基站ID",
          "complianceCategory": "location",
          "category": "ComplianceInfo",
          "vulners": [
            {
              "details": {
                "url": "https://tosv.byted.org/obj/appscan-obj/aux/misc/393933333133343731363336363134583_api.html",
                "position": "<com.yandex.metrica.impl.ob.wj: java.lang.Object b()>",
                "target": [
                  "<com.yandex.metrica.impl.ob.wj: java.lang.Object b()>",
                  "$i0_14 = virtualinvoke $r8_4.<android.telephony.gsm.GsmCellLocation: int getCid()>()"
                ]
              },
              "hash": "2f5c1107d05d706376705f6c420b9ece4e3ef18a"
            }
          ]
        }
      }
    },
    "DeepLinkInfo": {
      "AdsCommandsParameterList": [
        "referrer",
        "t",
        "pid",
        "psid"
      ]
    },
    "JsBridgeInfo": {},
    "UrlRegion": {
      "filter": {
        "N/A:N/A": {
          "value": {
            "境外": {
              "api.ok.ru": {
                "value": {
                  "https://api.ok.ru/fb.do": {
                    "classes.dex.ru.ok.android.sdk.util.OkRequestUtil$Request": "const-string v1, \"https://api.ok.ru/fb.do\"\n"
                  }
                },
                "meta": {
                  "A": {
                    "108.160.162.109": "US"
                  },
                  "ICP": "ICP record undetected",
                  "ISP": [
                    "Dropbox, Inc."
                  ],
                  "locations": [
                    "US"
                  ],
                  "plugins": [
                    "DNS",
                    "ICP"
                  ]
                }
              },
              "connect.ok.ru": {
                "value": {
                  "https://connect.ok.ru/dk?st.cmd=": {
                    "classes.dex.ru.ok.android.sdk.AbstractWidgetActivity": "const-string v1, \"https://connect.ok.ru/dk?st.cmd=\"\n"
                  }
                },
                "meta": {
                  "A": {
                    "199.59.149.203": "US"
                  },
                  "ICP": "ICP record undetected",
                  "ISP": [
                    "Twitter Inc."
                  ],
                  "locations": [
                    "US"
                  ],
                  "plugins": [
                    "DNS",
                    "ICP"
                  ]
                }
              }
            }
          },
          "meta": {
            "url": "N/A",
            "description": "未查到组件信息",
            "version": "N/A"
          }
        }
      },
      "full": {
        "N/A:N/A": {
          "value": {
            "US": {
              "api.ok.ru": {
                "meta": {
                  "A": {
                    "108.160.162.109": "US"
                  },
                  "ICP": "ICP record undetected",
                  "ISP": [
                    "Dropbox, Inc."
                  ],
                  "locations": [
                    "US"
                  ],
                  "plugins": [
                    "DNS",
                    "ICP"
                  ]
                },
                "value": {
                  "https://api.ok.ru/fb.do": {
                    "classes.dex.ru.ok.android.sdk.util.OkRequestUtil$Request": "const-string v1, \"https://api.ok.ru/fb.do\"\n"
                  }
                }
              },
              "connect.ok.ru": {
                "meta": {
                  "A": {
                    "199.59.149.203": "US"
                  },
                  "ICP": "ICP record undetected",
                  "ISP": [
                    "Twitter Inc."
                  ],
                  "locations": [
                    "US"
                  ],
                  "plugins": [
                    "DNS",
                    "ICP"
                  ]
                },
                "value": {
                  "https://connect.ok.ru/dk?st.cmd=": {
                    "classes.dex.ru.ok.android.sdk.AbstractWidgetActivity": "const-string v1, \"https://connect.ok.ru/dk?st.cmd=\"\n"
                  }
                }
              }
            }
          },
          "meta": {
            "url": "N/A",
            "description": "未查到组件信息",
            "version": "N/A"
          }
        }
      }
    },
    "profiler": "https://tosv.byted.org/obj/appscan-obj/aux/misc/393933333139323835333230393638profiler.json",
    "HTTP_API": [],
    "BasicInfo": {
      "AppInfo": {
        "name": "",
        "size": "2.37MB",
        "package": "com.yandex.metrica",
        "versionName": "5.3.0",
        "versionCode": "45003240",
        "target_sdk": "33",
        "min_sdk": "14",
        "max_sdk": "",
        "sha1": "ce5e21dc5aee22d4e858be9ca00242021bd7f982"
      },
      "SignInfo": {
        "Is signed v1": false,
        "Is signed v2": false,
        "Is signed v3": false,
        "certs": [],
        "pkeys": []
      },
      "ComponentsInfo": {
        "exportedProviders": [
          "com.yandex.metrica.PreloadInfoContentProvider"
        ],
        "unExportedServices": [
          "com.yandex.metrica.MetricaService"
        ]
      },
      "PermissionInfo": [
        "android.permission.ACCESS_NETWORK_STATE",
        "com.google.android.gms.permission.AD_ID",
        "android.permission.INTERNET"
      ],
      "DeobfApk": ""
    },
    "PermissionUsedDetails": {
      "declaredPermissions": [
        "android.permission.ACCESS_NETWORK_STATE",
        "com.google.android.gms.permission.AD_ID",
        "android.permission.INTERNET"
      ],
      "usedPermissions": {
        "android.permission.INTERNET": {
          "level": "normal|instant",
          "description": "Allows applications to open network sockets",
          "positions": [
            "Default"
          ],
          "details": [
            {
              "caller": "N/A",
              "api": "N/A",
              "url": "N/A"
            }
          ]
        }
      },
      "declaredButNoUsed": {
        "android.permission.ACCESS_NETWORK_STATE": {
          "level": "normal|instant",
          "description": "Allows applications to access information about networks"
        },
        "com.google.android.gms.permission.AD_ID": null
      },
      "usedButNotDeclared": {}
    },
    "SDKComplianceList": []
  },
  0
]