[
  {
    "SecurityInfo": {},
    "ComplianceInfo": {
      "carrier info": {
        "299_api": {
          "complianceCategoryDetail": "carrier info",
          "deobfApk": "",
          "level": "low",
          "name": "299_api",
          "detail": "获取移动网络类型，比如GSM、CDMA、LTE等。可能会被照明弹记录。",
          "complianceCategory": "carrier info",
          "category": "ComplianceInfo",
          "vulners": [
            {
              "details": {
                "url": "https://tosv.byted.org/obj/appscan-obj/aux/misc/393932363938333232303330373436299_api.html",
                "position": "<com.clevertap.android.sdk.Utils: java.lang.String getDeviceNetworkType(android.content.Context)>",
                "target": [
                  "<com.clevertap.android.sdk.Utils: java.lang.String getDeviceNetworkType(android.content.Context)>",
                  "i0_4 = virtualinvoke r2.<android.telephony.TelephonyManager: int getNetworkType()>()"
                ]
              },
              "hash": "e60c3146d49a637298edb97f8ff53e115ad177c7"
            }
          ]
        }
      },
      "applist": {
        "374_api": {
          "complianceCategoryDetail": "applist",
          "deobfApk": "",
          "level": "low",
          "name": "374_api",
          "detail": "可获取所有能够启动给定Intent的activity",
          "complianceCategory": "applist",
          "category": "ComplianceInfo",
          "vulners": [
            {
              "details": {
                "url": "https://tosv.byted.org/obj/appscan-obj/aux/misc/393932363939303537303337383034374_api.html",
                "position": "<com.clevertap.android.sdk.Utils: void setPackageNameFromResolveInfoList(android.content.Context,android.content.Intent)>",
                "target": [
                  "<com.clevertap.android.sdk.Utils: void setPackageNameFromResolveInfoList(android.content.Context,android.content.Intent)>",
                  "$r3 = virtualinvoke $r2.<android.content.pm.PackageManager: java.util.List queryIntentActivities(android.content.Intent,int)>($r1, 0)"
                ]
              },
              "hash": "4c958163b22b3260375dbfe4b0e38708c9cf3e51"
            }
          ]
        }
      },
      "location": {
        "575_api": {
          "complianceCategoryDetail": "location",
          "deobfApk": "",
          "level": "high",
          "name": "575_api",
          "detail": "纬度",
          "complianceCategory": "location",
          "category": "ComplianceInfo",
          "vulners": [
            {
              "details": {
                "url": "https://tosv.byted.org/obj/appscan-obj/aux/misc/393932373030343031393035343637575_api.html",
                "position": "<com.clevertap.android.sdk.utils.CTJsonConverter: org.json.JSONObject 'from'(com.clevertap.android.sdk.DeviceInfo,android.location.Location,boolean,boolean)>",
                "target": [
                  "<com.clevertap.android.sdk.utils.CTJsonConverter: org.json.JSONObject 'from'(com.clevertap.android.sdk.DeviceInfo,android.location.Location,boolean,boolean)>",
                  "$d0 = virtualinvoke $r1.<android.location.Location: double getLatitude()>()"
                ]
              },
              "hash": "bd92b4456d1cca72745ea2ecc7ecc8ec5f962710"
            },
            {
              "details": {
                "url": "https://tosv.byted.org/obj/appscan-obj/aux/misc/393932373030373837393439343136575_api.html",
                "position": "<com.clevertap.android.sdk.LocationManager: java.util.concurrent.Future _setLocation(android.location.Location)>",
                "target": [
                  "<com.clevertap.android.sdk.LocationManager: java.util.concurrent.Future _setLocation(android.location.Location)>",
                  "$d0 = virtualinvoke $r1.<android.location.Location: double getLatitude()>()"
                ]
              },
              "hash": "5debc4d11659974e8fe3ffbe4606636a7d2420d2"
            }
          ]
        },
        "576_api": {
          "complianceCategoryDetail": "location",
          "deobfApk": "",
          "level": "high",
          "name": "576_api",
          "detail": "经度",
          "complianceCategory": "location",
          "category": "ComplianceInfo",
          "vulners": [
            {
              "details": {
                "url": "https://tosv.byted.org/obj/appscan-obj/aux/misc/393932373030393239373431393838576_api.html",
                "position": "<com.clevertap.android.sdk.utils.CTJsonConverter: org.json.JSONObject 'from'(com.clevertap.android.sdk.DeviceInfo,android.location.Location,boolean,boolean)>",
                "target": [
                  "<com.clevertap.android.sdk.utils.CTJsonConverter: org.json.JSONObject 'from'(com.clevertap.android.sdk.DeviceInfo,android.location.Location,boolean,boolean)>",
                  "$d0_1 = virtualinvoke $r1.<android.location.Location: double getLongitude()>()"
                ]
              },
              "hash": "d2335069f5370af496c20cad64d34a6d158c4434"
            },
            {
              "details": {
                "url": "https://tosv.byted.org/obj/appscan-obj/aux/misc/393932373031313736303737333932576_api.html",
                "position": "<com.clevertap.android.sdk.LocationManager: java.util.concurrent.Future _setLocation(android.location.Location)>",
                "target": [
                  "<com.clevertap.android.sdk.LocationManager: java.util.concurrent.Future _setLocation(android.location.Location)>",
                  "$d0_1 = virtualinvoke $r1.<android.location.Location: double getLongitude()>()"
                ]
              },
              "hash": "3284892c1ada5fd3c58c50897e4f9a6ff9a424c6"
            }
          ]
        },
        "280_api": {
          "complianceCategoryDetail": "location",
          "deobfApk": "",
          "level": "high",
          "name": "280_api",
          "detail": "位置信息",
          "complianceCategory": "location",
          "category": "ComplianceInfo",
          "vulners": [
            {
              "details": {
                "url": "https://tosv.byted.org/obj/appscan-obj/aux/misc/393932363937373932323737333934280_api.html",
                "position": "<com.clevertap.android.sdk.LocationManager: android.location.Location _getLocation()>",
                "target": [
                  "<com.clevertap.android.sdk.LocationManager: android.location.Location _getLocation()>",
                  "$r9 = virtualinvoke r3.<android.location.LocationManager: android.location.Location getLastKnownLocation(java.lang.String)>(r8)"
                ]
              },
              "hash": "0feff3c1d85c7952e4d4ec7891c063fef0b6e3c6"
            }
          ]
        }
      },
      "clipboard data": {
        "453_api": {
          "complianceCategoryDetail": "clipboard data",
          "deobfApk": "",
          "level": "high",
          "name": "453_api",
          "detail": "剪贴板",
          "complianceCategory": "clipboard data",
          "category": "ComplianceInfo",
          "vulners": [
            {
              "details": {
                "url": "https://tosv.byted.org/obj/appscan-obj/aux/misc/393932363939353839343231393035453_api.html",
                "position": "<com.clevertap.android.sdk.inbox.CTInboxButtonClickListener: void copyToClipboard(android.content.Context)>",
                "target": [
                  "<com.clevertap.android.sdk.inbox.CTInboxButtonClickListener: void copyToClipboard(android.content.Context)>",
                  "virtualinvoke r4.<android.content.ClipboardManager: void setPrimaryClip(android.content.ClipData)>($r10)"
                ]
              },
              "hash": "6697400b79ce74afb206ab615ce66c79878339cf"
            }
          ]
        }
      }
    },
    "DeepLinkInfo": {
      "SmartRouterParameterList": [
        "displayHardPermissionDialog",
        "shouldShowFallbackSettings"
      ]
    },
    "JsBridgeInfo": {},
    "UrlRegion": {
      "filter": {
        "N/A:N/A": {
          "value": {
            "境外": {
              "api.ok.ru": {
                "value": {
                  "https://api.ok.ru/fb.do": {
                    "classes.dex.ru.ok.android.sdk.util.OkRequestUtil$Request": "const-string v1, \"https://api.ok.ru/fb.do\"\n"
                  }
                },
                "meta": {
                  "A": {
                    "108.160.162.109": "US"
                  },
                  "ICP": "ICP record undetected",
                  "ISP": [
                    "Dropbox, Inc."
                  ],
                  "locations": [
                    "US"
                  ],
                  "plugins": [
                    "DNS",
                    "ICP"
                  ]
                }
              },
              "connect.ok.ru": {
                "value": {
                  "https://connect.ok.ru/dk?st.cmd=": {
                    "classes.dex.ru.ok.android.sdk.AbstractWidgetActivity": "const-string v1, \"https://connect.ok.ru/dk?st.cmd=\"\n"
                  }
                },
                "meta": {
                  "A": {
                    "199.59.149.203": "US"
                  },
                  "ICP": "ICP record undetected",
                  "ISP": [
                    "Twitter Inc."
                  ],
                  "locations": [
                    "US"
                  ],
                  "plugins": [
                    "DNS",
                    "ICP"
                  ]
                }
              }
            }
          },
          "meta": {
            "url": "N/A",
            "description": "未查到组件信息",
            "version": "N/A"
          }
        }
      },
      "full": {
        "N/A:N/A": {
          "value": {
            "US": {
              "api.ok.ru": {
                "meta": {
                  "A": {
                    "108.160.162.109": "US"
                  },
                  "ICP": "ICP record undetected",
                  "ISP": [
                    "Dropbox, Inc."
                  ],
                  "locations": [
                    "US"
                  ],
                  "plugins": [
                    "DNS",
                    "ICP"
                  ]
                },
                "value": {
                  "https://api.ok.ru/fb.do": {
                    "classes.dex.ru.ok.android.sdk.util.OkRequestUtil$Request": "const-string v1, \"https://api.ok.ru/fb.do\"\n"
                  }
                }
              },
              "connect.ok.ru": {
                "meta": {
                  "A": {
                    "199.59.149.203": "US"
                  },
                  "ICP": "ICP record undetected",
                  "ISP": [
                    "Twitter Inc."
                  ],
                  "locations": [
                    "US"
                  ],
                  "plugins": [
                    "DNS",
                    "ICP"
                  ]
                },
                "value": {
                  "https://connect.ok.ru/dk?st.cmd=": {
                    "classes.dex.ru.ok.android.sdk.AbstractWidgetActivity": "const-string v1, \"https://connect.ok.ru/dk?st.cmd=\"\n"
                  }
                }
              }
            }
          },
          "meta": {
            "url": "N/A",
            "description": "未查到组件信息",
            "version": "N/A"
          }
        }
      }
    },
    "profiler": "https://tosv.byted.org/obj/appscan-obj/aux/misc/393932373033323032313134363338profiler.json",
    "HTTP_API": [],
    "BasicInfo": {
      "AppInfo": {
        "name": "",
        "size": "1.02MB",
        "package": "com.clevertap.android.sdk",
        "versionName": null,
        "versionCode": null,
        "target_sdk": "33",
        "min_sdk": "19",
        "max_sdk": "",
        "sha1": "a38ab3e65896c3a0eef7897baae62072da7e3723"
      },
      "SignInfo": {
        "Is signed v1": false,
        "Is signed v2": false,
        "Is signed v3": false,
        "certs": [],
        "pkeys": []
      },
      "ComponentsInfo": {
        "unExportedActivities": [
          "com.clevertap.android.sdk.inbox.CTInboxActivity",
          "com.clevertap.android.sdk.InAppNotificationActivity"
        ],
        "unExportedServices": [
          "com.clevertap.android.sdk.pushnotification.amp.CTBackgroundIntentService",
          "com.clevertap.android.sdk.pushnotification.amp.CTBackgroundJobService"
        ],
        "unExportedReceivers": [
          "com.clevertap.android.sdk.pushnotification.CTPushNotificationReceiver"
        ]
      },
      "PermissionInfo": [
        "android.permission.POST_NOTIFICATIONS"
      ],
      "DeobfApk": ""
    },
    "PermissionUsedDetails": {
      "declaredPermissions": [
        "android.permission.POST_NOTIFICATIONS"
      ],
      "usedPermissions": {},
      "declaredButNoUsed": {
        "android.permission.POST_NOTIFICATIONS": null
      },
      "usedButNotDeclared": {}
    },
    "SDKComplianceList": []
  },
  0
]