[
  {
    "SecurityInfo": {},
    "ComplianceInfo": {
      "location": {
        "575_api": {
          "complianceCategoryDetail": "location",
          "deobfApk": "",
          "level": "high",
          "name": "575_api",
          "detail": "纬度",
          "complianceCategory": "location",
          "category": "ComplianceInfo",
          "vulners": [
            {
              "details": {
                "url": "https://tosv.byted.org/obj/appscan-obj/aux/misc/393932383634313134303032353738575_api.html",
                "position": "<com.snowplowanalytics.core.utils.Util: com.snowplowanalytics.snowplow.payload.SelfDescribingJson getGeoLocationContext(android.content.Context)>",
                "target": [
                  "<com.snowplowanalytics.core.utils.Util: com.snowplowanalytics.snowplow.payload.SelfDescribingJson getGeoLocationContext(android.content.Context)>",
                  "$d0 = virtualinvoke $r2.<android.location.Location: double getLatitude()>()"
                ]
              },
              "hash": "c2316b41dfdbe4915481db8ccb498b5194721897"
            }
          ]
        },
        "576_api": {
          "complianceCategoryDetail": "location",
          "deobfApk": "",
          "level": "high",
          "name": "576_api",
          "detail": "经度",
          "complianceCategory": "location",
          "category": "ComplianceInfo",
          "vulners": [
            {
              "details": {
                "url": "https://tosv.byted.org/obj/appscan-obj/aux/misc/393932383634323736373930343931576_api.html",
                "position": "<com.snowplowanalytics.core.utils.Util: com.snowplowanalytics.snowplow.payload.SelfDescribingJson getGeoLocationContext(android.content.Context)>",
                "target": [
                  "<com.snowplowanalytics.core.utils.Util: com.snowplowanalytics.snowplow.payload.SelfDescribingJson getGeoLocationContext(android.content.Context)>",
                  "$d0_1 = virtualinvoke $r2.<android.location.Location: double getLongitude()>()"
                ]
              },
              "hash": "f5e56977356d5e628b0cabf26d458a97ff5c345b"
            }
          ]
        },
        "577_api": {
          "complianceCategoryDetail": "location",
          "deobfApk": "",
          "level": "high",
          "name": "577_api",
          "detail": "基站ID",
          "complianceCategory": "location",
          "category": "ComplianceInfo",
          "vulners": [
            {
              "details": {
                "url": "https://tosv.byted.org/obj/appscan-obj/aux/misc/393932383634353334353039343736577_api.html",
                "position": "<com.snowplowanalytics.core.utils.Util: com.snowplowanalytics.snowplow.payload.SelfDescribingJson getGeoLocationContext(android.content.Context)>",
                "target": [
                  "<com.snowplowanalytics.core.utils.Util: com.snowplowanalytics.snowplow.payload.SelfDescribingJson getGeoLocationContext(android.content.Context)>",
                  "$d0_2 = virtualinvoke $r2.<android.location.Location: double getAltitude()>()"
                ]
              },
              "hash": "f69b3a7d13e830f08d109acfee8272fd66eeb378"
            }
          ]
        },
        "280_api": {
          "complianceCategoryDetail": "location",
          "deobfApk": "",
          "level": "high",
          "name": "280_api",
          "detail": "位置信息",
          "complianceCategory": "location",
          "category": "ComplianceInfo",
          "vulners": [
            {
              "details": {
                "url": "https://tosv.byted.org/obj/appscan-obj/aux/misc/393932383632363339303131353739280_api.html",
                "position": "<com.snowplowanalytics.core.utils.Util: android.location.Location getLastKnownLocation(android.content.Context)>",
                "target": [
                  "<com.snowplowanalytics.core.utils.Util: android.location.Location getLastKnownLocation(android.content.Context)>",
                  "r3_3 = virtualinvoke r4_2.<android.location.LocationManager: android.location.Location getLastKnownLocation(java.lang.String)>(r8_2)"
                ]
              },
              "hash": "08481bfd4c250deb770ff7b99dc20b8949cfe080"
            }
          ]
        }
      }
    },
    "DeepLinkInfo": {},
    "JsBridgeInfo": {},
    "UrlRegion": {
      "filter": {
        "N/A:N/A": {
          "value": {
            "境外": {
              "api.ok.ru": {
                "value": {
                  "https://api.ok.ru/fb.do": {
                    "classes.dex.ru.ok.android.sdk.util.OkRequestUtil$Request": "const-string v1, \"https://api.ok.ru/fb.do\"\n"
                  }
                },
                "meta": {
                  "A": {
                    "108.160.162.109": "US"
                  },
                  "ICP": "ICP record undetected",
                  "ISP": [
                    "Dropbox, Inc."
                  ],
                  "locations": [
                    "US"
                  ],
                  "plugins": [
                    "DNS",
                    "ICP"
                  ]
                }
              },
              "connect.ok.ru": {
                "value": {
                  "https://connect.ok.ru/dk?st.cmd=": {
                    "classes.dex.ru.ok.android.sdk.AbstractWidgetActivity": "const-string v1, \"https://connect.ok.ru/dk?st.cmd=\"\n"
                  }
                },
                "meta": {
                  "A": {
                    "199.59.149.203": "US"
                  },
                  "ICP": "ICP record undetected",
                  "ISP": [
                    "Twitter Inc."
                  ],
                  "locations": [
                    "US"
                  ],
                  "plugins": [
                    "DNS",
                    "ICP"
                  ]
                }
              }
            }
          },
          "meta": {
            "url": "N/A",
            "description": "未查到组件信息",
            "version": "N/A"
          }
        }
      },
      "full": {
        "N/A:N/A": {
          "value": {
            "US": {
              "api.ok.ru": {
                "meta": {
                  "A": {
                    "108.160.162.109": "US"
                  },
                  "ICP": "ICP record undetected",
                  "ISP": [
                    "Dropbox, Inc."
                  ],
                  "locations": [
                    "US"
                  ],
                  "plugins": [
                    "DNS",
                    "ICP"
                  ]
                },
                "value": {
                  "https://api.ok.ru/fb.do": {
                    "classes.dex.ru.ok.android.sdk.util.OkRequestUtil$Request": "const-string v1, \"https://api.ok.ru/fb.do\"\n"
                  }
                }
              },
              "connect.ok.ru": {
                "meta": {
                  "A": {
                    "199.59.149.203": "US"
                  },
                  "ICP": "ICP record undetected",
                  "ISP": [
                    "Twitter Inc."
                  ],
                  "locations": [
                    "US"
                  ],
                  "plugins": [
                    "DNS",
                    "ICP"
                  ]
                },
                "value": {
                  "https://connect.ok.ru/dk?st.cmd=": {
                    "classes.dex.ru.ok.android.sdk.AbstractWidgetActivity": "const-string v1, \"https://connect.ok.ru/dk?st.cmd=\"\n"
                  }
                }
              }
            }
          },
          "meta": {
            "url": "N/A",
            "description": "未查到组件信息",
            "version": "N/A"
          }
        }
      }
    },
    "profiler": "https://tosv.byted.org/obj/appscan-obj/aux/misc/393932383636323539323831303234profiler.json",
    "HTTP_API": [],
    "BasicInfo": {
      "AppInfo": {
        "name": "",
        "size": "0.52MB",
        "package": "com.snowplowanalytics.snowplow.tracker",
        "versionName": null,
        "versionCode": null,
        "target_sdk": "",
        "min_sdk": "21",
        "max_sdk": "",
        "sha1": "3bf1e853d9c24805575f081a910296b35d974a05"
      },
      "SignInfo": {
        "Is signed v1": false,
        "Is signed v2": false,
        "Is signed v3": false,
        "certs": [],
        "pkeys": []
      },
      "ComponentsInfo": {},
      "PermissionInfo": [
        "android.permission.ACCESS_NETWORK_STATE"
      ],
      "DeobfApk": ""
    },
    "PermissionUsedDetails": {
      "declaredPermissions": [
        "android.permission.ACCESS_NETWORK_STATE"
      ],
      "usedPermissions": {},
      "declaredButNoUsed": {
        "android.permission.ACCESS_NETWORK_STATE": {
          "level": "normal|instant",
          "description": "Allows applications to access information about networks"
        }
      },
      "usedButNotDeclared": {}
    },
    "SDKComplianceList": []
  },
  0
]