[
  {
    "SecurityInfo": {},
    "ComplianceInfo": {
      "carrier info": {
        "299_api": {
          "complianceCategoryDetail": "carrier info",
          "deobfApk": "",
          "level": "low",
          "name": "299_api",
          "detail": "获取移动网络类型，比如GSM、CDMA、LTE等。可能会被照明弹记录。",
          "complianceCategory": "carrier info",
          "category": "ComplianceInfo",
          "vulners": [
            {
              "details": {
                "url": "https://tosv.byted.org/obj/appscan-obj/aux/misc/393933313834343034363934373139299_api.html",
                "position": "<com.inmobi.media.ji: int a(android.telephony.TelephonyManager)>",
                "target": [
                  "<com.inmobi.media.ji: int a(android.telephony.TelephonyManager)>",
                  "$i0_2 = virtualinvoke $r0.<android.telephony.TelephonyManager: int getNetworkType()>()"
                ]
              },
              "hash": "dcfe5e2bbbfdc03a1c750970b39ef0de82e4bbb8"
            }
          ]
        },
        "253_api": {
          "complianceCategoryDetail": "carrier info",
          "deobfApk": "",
          "level": "low",
          "name": "253_api",
          "detail": "获取移动网络类型，比如GSM、CDMA、LTE等。可能会被照明弹记录。",
          "complianceCategory": "carrier info",
          "category": "ComplianceInfo",
          "vulners": [
            {
              "details": {
                "url": "https://tosv.byted.org/obj/appscan-obj/aux/misc/393933313833343636313035393730253_api.html",
                "position": "<com.inmobi.media.ji: int a(android.telephony.TelephonyManager)>",
                "target": [
                  "<com.inmobi.media.ji: int a(android.telephony.TelephonyManager)>",
                  "$i0_1 = virtualinvoke $r0.<android.telephony.TelephonyManager: int getDataNetworkType()>()"
                ]
              },
              "hash": "60b14385962ae5dcd33c6ffb1aa4dc0d78bdfb8a"
            }
          ]
        }
      },
      "wifi": {
        "471_api": {
          "complianceCategoryDetail": "wifi",
          "deobfApk": "",
          "level": "low",
          "name": "471_api",
          "detail": "执行WiFi扫描，可能会被照明弹记录",
          "complianceCategory": "wifi",
          "category": "ComplianceInfo",
          "vulners": [
            {
              "details": {
                "url": "https://tosv.byted.org/obj/appscan-obj/aux/misc/393933313837373632333930393936471_api.html",
                "position": "<com.inmobi.media.jl: void a(android.os.Looper)>",
                "target": [
                  "<com.inmobi.media.jl: void a(android.os.Looper)>",
                  "virtualinvoke $r4.<android.net.wifi.WifiManager: boolean startScan()>()"
                ]
              },
              "hash": "b0f31ddc2ca504d3ab25b94ad8d8f87befbb50f3"
            }
          ]
        }
      },
      "Android_ID": {
        "550_api": {
          "complianceCategoryDetail": "Android_ID",
          "deobfApk": "",
          "level": "high",
          "name": "550_api",
          "detail": "Android_ID",
          "complianceCategory": "Android_ID",
          "category": "ComplianceInfo",
          "vulners": [
            {
              "details": {
                "ConstValue": "android_id",
                "position": "<com.inmobi.media.iz: java.lang.String d()>",
                "url": "https://tosv.byted.org/obj/appscan-obj/aux/misc/393933313838323133323931323934550_api.html",
                "target": [
                  "<com.inmobi.media.iz: java.lang.String d()>",
                  "<android.provider.Settings$Secure: java.lang.String getString(android.content.ContentResolver,java.lang.String)>",
                  "android_id"
                ]
              },
              "hash": "fc61894f564d06bedd48ceff3e9318882c6fe47e"
            }
          ]
        }
      },
      "applist": {
        "374_api": {
          "complianceCategoryDetail": "applist",
          "deobfApk": "",
          "level": "low",
          "name": "374_api",
          "detail": "可获取所有能够启动给定Intent的activity",
          "complianceCategory": "applist",
          "category": "ComplianceInfo",
          "vulners": [
            {
              "details": {
                "url": "https://tosv.byted.org/obj/appscan-obj/aux/misc/393933313835363039383037393939374_api.html",
                "position": "<com.inmobi.media.h: java.lang.String a(android.content.Context)>",
                "target": [
                  "<com.inmobi.media.h: java.lang.String a(android.content.Context)>",
                  "$r8 = virtualinvoke $r4.<android.content.pm.PackageManager: java.util.List queryIntentActivities(android.content.Intent,int)>($r0, 0)"
                ]
              },
              "hash": "d1eb7ea90a1b20990242f333b096546cb6cd5c77"
            },
            {
              "details": {
                "url": "https://tosv.byted.org/obj/appscan-obj/aux/misc/393933313835393037313832393137374_api.html",
                "position": "<com.inmobi.media.h: boolean a(android.content.Context,android.content.Intent)>",
                "target": [
                  "<com.inmobi.media.h: boolean a(android.content.Context,android.content.Intent)>",
                  "$r3 = virtualinvoke $r2.<android.content.pm.PackageManager: java.util.List queryIntentActivities(android.content.Intent,int)>($r1, 64)"
                ]
              },
              "hash": "ed92dbcfabe70fff6dde113f05f2c90b50bc1d90"
            }
          ]
        }
      },
      "SSIDBSSID": {
        "309_api": {
          "complianceCategoryDetail": "SSIDBSSID",
          "deobfApk": "",
          "level": "high",
          "name": "309_api",
          "detail": "SSID、BSSID",
          "complianceCategory": "SSIDBSSID",
          "category": "ComplianceInfo",
          "vulners": [
            {
              "details": {
                "url": "https://tosv.byted.org/obj/appscan-obj/aux/misc/393933313834363939313031333339309_api.html",
                "position": "<com.inmobi.media.jl$2: void onReceive(android.content.Context,android.content.Intent)>",
                "target": [
                  "<com.inmobi.media.jl$2: void onReceive(android.content.Context,android.content.Intent)>",
                  "$r6 = virtualinvoke $r5.<android.net.wifi.WifiManager: java.util.List getScanResults()>()"
                ]
              },
              "hash": "f5a9b948d8fb841feff924713baf9fac2c0df484"
            }
          ]
        },
        "555_api": {
          "complianceCategoryDetail": "SSIDBSSID",
          "deobfApk": "",
          "level": "high",
          "name": "555_api",
          "detail": "SSID",
          "complianceCategory": "SSIDBSSID",
          "category": "ComplianceInfo",
          "vulners": [
            {
              "details": {
                "url": "https://tosv.byted.org/obj/appscan-obj/aux/misc/393933313838343338333438303035555_api.html",
                "position": "<com.inmobi.media.jk: com.inmobi.media.jj a(boolean,boolean)>",
                "target": [
                  "<com.inmobi.media.jk: com.inmobi.media.jj a(boolean,boolean)>",
                  "$r6 = virtualinvoke $r4.<android.net.wifi.WifiInfo: java.lang.String getSSID()>()"
                ]
              },
              "hash": "0f27cd45df288a4ec1482c05135b6b4d66ed91e8"
            }
          ]
        },
        "557_api": {
          "complianceCategoryDetail": "SSIDBSSID",
          "deobfApk": "",
          "level": "high",
          "name": "557_api",
          "detail": "BSSID",
          "complianceCategory": "SSIDBSSID",
          "category": "ComplianceInfo",
          "vulners": [
            {
              "details": {
                "url": "https://tosv.byted.org/obj/appscan-obj/aux/misc/393933313838353734393534343130557_api.html",
                "position": "<com.inmobi.media.jk: com.inmobi.media.jj a(boolean,boolean)>",
                "target": [
                  "<com.inmobi.media.jk: com.inmobi.media.jj a(boolean,boolean)>",
                  "$r5 = virtualinvoke $r4.<android.net.wifi.WifiInfo: java.lang.String getBSSID()>()"
                ]
              },
              "hash": "525584aaff09904fd737e8b0f2ae2074c6692dc9"
            }
          ]
        },
        "239_api": {
          "complianceCategoryDetail": "SSIDBSSID",
          "deobfApk": "",
          "level": "high",
          "name": "239_api",
          "detail": "SSID、BSSID",
          "complianceCategory": "SSIDBSSID",
          "category": "ComplianceInfo",
          "vulners": [
            {
              "details": {
                "url": "https://tosv.byted.org/obj/appscan-obj/aux/misc/393933313833313639383133333530239_api.html",
                "position": "<com.inmobi.media.jk: com.inmobi.media.jj a(boolean,boolean)>",
                "target": [
                  "<com.inmobi.media.jk: com.inmobi.media.jj a(boolean,boolean)>",
                  "$r4 = virtualinvoke $r3.<android.net.wifi.WifiManager: android.net.wifi.WifiInfo getConnectionInfo()>()"
                ]
              },
              "hash": "c375c393d40562d570c7ef818eaef72d5d95eb2b"
            }
          ]
        }
      },
      "location": {
        "423_api": {
          "complianceCategoryDetail": "location",
          "deobfApk": "",
          "level": "low",
          "name": "423_api",
          "detail": "位置信息",
          "complianceCategory": "location",
          "category": "ComplianceInfo",
          "vulners": [
            {
              "details": {
                "url": "https://tosv.byted.org/obj/appscan-obj/aux/misc/393933313837323233303533303330423_api.html",
                "position": "<com.inmobi.media.jd: void b()>",
                "target": [
                  "<com.inmobi.media.jd: void b()>",
                  "virtualinvoke $r1_2.<android.location.LocationManager: void requestSingleUpdate(java.lang.String,android.location.LocationListener,android.os.Looper)>($r3, r0, $r5)"
                ]
              },
              "hash": "829ad519e0d6e4e6d3fb96fb66d98e372073e42b"
            }
          ]
        },
        "587_api": {
          "complianceCategoryDetail": "location",
          "deobfApk": "",
          "level": "high",
          "name": "587_api",
          "detail": "基站ID",
          "complianceCategory": "location",
          "category": "ComplianceInfo",
          "vulners": [
            {
              "details": {
                "url": "https://tosv.byted.org/obj/appscan-obj/aux/misc/393933313930383135373739373334587_api.html",
                "position": "<com.inmobi.media.ji: java.util.Map a()>",
                "target": [
                  "<com.inmobi.media.ji: java.util.Map a()>",
                  "$i2 = virtualinvoke $r13.<android.telephony.cdma.CdmaCellLocation: int getBaseStationId()>()"
                ]
              },
              "hash": "2d338b5fb93fc02416a33e1ecf8eb7e2cb0b80d1"
            }
          ]
        },
        "221_api": {
          "complianceCategoryDetail": "location",
          "deobfApk": "",
          "level": "high",
          "name": "221_api",
          "detail": "位置信息",
          "complianceCategory": "location",
          "category": "ComplianceInfo",
          "vulners": [
            {
              "details": {
                "url": "https://tosv.byted.org/obj/appscan-obj/aux/misc/393933313832373936333033303831221_api.html",
                "position": "<com.inmobi.media.ji: java.util.Map a()>",
                "target": [
                  "<com.inmobi.media.ji: java.util.Map a()>",
                  "$r12 = virtualinvoke $r8.<android.telephony.TelephonyManager: android.telephony.CellLocation getCellLocation()>()"
                ]
              },
              "hash": "f028b0524a2188fe17e31d10639f896c722ae665"
            }
          ]
        },
        "576_api": {
          "complianceCategoryDetail": "location",
          "deobfApk": "",
          "level": "high",
          "name": "576_api",
          "detail": "经度",
          "complianceCategory": "location",
          "category": "ComplianceInfo",
          "vulners": [
            {
              "details": {
                "url": "https://tosv.byted.org/obj/appscan-obj/aux/misc/393933313839313935363830383832576_api.html",
                "position": "<com.inmobi.media.jd: void onLocationChanged(android.location.Location)>",
                "target": [
                  "<com.inmobi.media.jd: void onLocationChanged(android.location.Location)>",
                  "virtualinvoke $r2.<android.location.Location: double getLongitude()>()"
                ]
              },
              "hash": "b0265f00032b1d229451779cad840a4c47cf7b58"
            },
            {
              "details": {
                "url": "https://tosv.byted.org/obj/appscan-obj/aux/misc/393933313839343033353830373136576_api.html",
                "position": "<com.inmobi.media.ip: java.lang.String b(android.location.Location)>",
                "target": [
                  "<com.inmobi.media.ip: java.lang.String b(android.location.Location)>",
                  "$d0_1 = virtualinvoke $r0.<android.location.Location: double getLongitude()>()"
                ]
              },
              "hash": "92bdc9c77b643169e90c44f4e94b07f72d67821c"
            },
            {
              "details": {
                "url": "https://tosv.byted.org/obj/appscan-obj/aux/misc/393933313839353731333233393931576_api.html",
                "position": "<com.inmobi.media.jd: java.lang.String a(android.location.Location)>",
                "target": [
                  "<com.inmobi.media.jd: java.lang.String a(android.location.Location)>",
                  "$d0_1 = virtualinvoke $r0.<android.location.Location: double getLongitude()>()"
                ]
              },
              "hash": "490138a0813a822af1ede5527a00ab9d082076ba"
            }
          ]
        },
        "579_api": {
          "complianceCategoryDetail": "location",
          "deobfApk": "",
          "level": "high",
          "name": "579_api",
          "detail": "基站ID",
          "complianceCategory": "location",
          "category": "ComplianceInfo",
          "vulners": [
            {
              "details": {
                "url": "https://tosv.byted.org/obj/appscan-obj/aux/misc/393933313839383833363734313736579_api.html",
                "position": "<com.inmobi.media.ji: java.util.Map a()>",
                "target": [
                  "<com.inmobi.media.ji: java.util.Map a()>",
                  "$i2_1 = virtualinvoke $r14.<android.telephony.gsm.GsmCellLocation: int getPsc()>()"
                ]
              },
              "hash": "239e8c75f86deaffdaa3782bdf47d351099add3c"
            }
          ]
        },
        "420_api": {
          "complianceCategoryDetail": "location",
          "deobfApk": "",
          "level": "low",
          "name": "420_api",
          "detail": "位置信息",
          "complianceCategory": "location",
          "category": "ComplianceInfo",
          "vulners": [
            {
              "details": {
                "url": "https://tosv.byted.org/obj/appscan-obj/aux/misc/393933313836333536383537313836420_api.html",
                "position": "<com.inmobi.media.jd: void b()>",
                "target": [
                  "<com.inmobi.media.jd: void b()>",
                  "virtualinvoke $r1_2.<android.location.LocationManager: void requestSingleUpdate(java.lang.String,android.location.LocationListener,android.os.Looper)>($r3, r0, $r5)"
                ]
              },
              "hash": "829ad519e0d6e4e6d3fb96fb66d98e372073e42b"
            }
          ]
        },
        "203_api": {
          "complianceCategoryDetail": "location",
          "deobfApk": "",
          "level": "high",
          "name": "203_api",
          "detail": "位置信息",
          "complianceCategory": "location",
          "category": "ComplianceInfo",
          "vulners": [
            {
              "details": {
                "url": "https://tosv.byted.org/obj/appscan-obj/aux/misc/393933313832303431383932383439203_api.html",
                "position": "<com.inmobi.media.ji: java.util.Map a()>",
                "target": [
                  "<com.inmobi.media.ji: java.util.Map a()>",
                  "$r10 = virtualinvoke $r8.<android.telephony.TelephonyManager: java.util.List getAllCellInfo()>()"
                ]
              },
              "hash": "c6ea85e64e8bd2e4aefecd06087bb2e7989fbcb2"
            },
            {
              "details": {
                "url": "https://tosv.byted.org/obj/appscan-obj/aux/misc/393933313832333838343838343239203_api.html",
                "position": "<com.inmobi.media.ji: java.util.Map b()>",
                "target": [
                  "<com.inmobi.media.ji: java.util.Map b()>",
                  "$r10 = virtualinvoke $r8.<android.telephony.TelephonyManager: java.util.List getAllCellInfo()>()"
                ]
              },
              "hash": "ef58192d7ea15b5bdb11b3fb10f68945d3076405"
            }
          ]
        },
        "422_api": {
          "complianceCategoryDetail": "location",
          "deobfApk": "",
          "level": "low",
          "name": "422_api",
          "detail": "位置信息",
          "complianceCategory": "location",
          "category": "ComplianceInfo",
          "vulners": [
            {
              "details": {
                "url": "https://tosv.byted.org/obj/appscan-obj/aux/misc/393933313836383136333439323239422_api.html",
                "position": "<com.inmobi.media.jd: void b()>",
                "target": [
                  "<com.inmobi.media.jd: void b()>",
                  "virtualinvoke $r1_2.<android.location.LocationManager: void requestSingleUpdate(java.lang.String,android.location.LocationListener,android.os.Looper)>($r3, r0, $r5)"
                ]
              },
              "hash": "829ad519e0d6e4e6d3fb96fb66d98e372073e42b"
            }
          ]
        },
        "584_api": {
          "complianceCategoryDetail": "location",
          "deobfApk": "",
          "level": "high",
          "name": "584_api",
          "detail": "基站ID",
          "complianceCategory": "location",
          "category": "ComplianceInfo",
          "vulners": [
            {
              "details": {
                "url": "https://tosv.byted.org/obj/appscan-obj/aux/misc/393933313930323636353235323033584_api.html",
                "position": "<com.inmobi.media.ji: java.util.Map a()>",
                "target": [
                  "<com.inmobi.media.ji: java.util.Map a()>",
                  "$i1_4 = virtualinvoke $r13.<android.telephony.cdma.CdmaCellLocation: int getNetworkId()>()"
                ]
              },
              "hash": "aea3e6b708d1de7b9af327f5cf78a522866e662e"
            }
          ]
        },
        "357_api": {
          "complianceCategoryDetail": "location",
          "deobfApk": "",
          "level": "low",
          "name": "357_api",
          "detail": "提示用户webview正在申请获取地理位置",
          "complianceCategory": "location",
          "category": "ComplianceInfo",
          "vulners": [
            {
              "details": {
                "url": "https://tosv.byted.org/obj/appscan-obj/aux/misc/393933313835333230363233393338357_api.html",
                "position": "<com.inmobi.media.q$10: void onGeolocationPermissionsShowPrompt(java.lang.String,android.webkit.GeolocationPermissions$Callback)>",
                "target": [
                  "<com.inmobi.media.q$10: void onGeolocationPermissionsShowPrompt(java.lang.String,android.webkit.GeolocationPermissions$Callback)>",
                  "specialinvoke r0.<android.webkit.WebChromeClient: void onGeolocationPermissionsShowPrompt(java.lang.String,android.webkit.GeolocationPermissions$Callback)>($r1, $r2)"
                ]
              },
              "hash": "a37472ab40f07177a9641362a6a2ef54061b24fc"
            }
          ]
        },
        "575_api": {
          "complianceCategoryDetail": "location",
          "deobfApk": "",
          "level": "high",
          "name": "575_api",
          "detail": "纬度",
          "complianceCategory": "location",
          "category": "ComplianceInfo",
          "vulners": [
            {
              "details": {
                "url": "https://tosv.byted.org/obj/appscan-obj/aux/misc/393933313838373839333531353633575_api.html",
                "position": "<com.inmobi.media.jd: void onLocationChanged(android.location.Location)>",
                "target": [
                  "<com.inmobi.media.jd: void onLocationChanged(android.location.Location)>",
                  "virtualinvoke $r2.<android.location.Location: double getLatitude()>()"
                ]
              },
              "hash": "89dd17b060d68a3b14f36245ab45ef69ead83c42"
            },
            {
              "details": {
                "url": "https://tosv.byted.org/obj/appscan-obj/aux/misc/393933313838393132323433393537575_api.html",
                "position": "<com.inmobi.media.ip: java.lang.String b(android.location.Location)>",
                "target": [
                  "<com.inmobi.media.ip: java.lang.String b(android.location.Location)>",
                  "$d0 = virtualinvoke $r0.<android.location.Location: double getLatitude()>()"
                ]
              },
              "hash": "9baf3442246e2f973935df6903647f4f3d0ad3b2"
            },
            {
              "details": {
                "url": "https://tosv.byted.org/obj/appscan-obj/aux/misc/393933313839303536313232303837575_api.html",
                "position": "<com.inmobi.media.jd: java.lang.String a(android.location.Location)>",
                "target": [
                  "<com.inmobi.media.jd: java.lang.String a(android.location.Location)>",
                  "$d0 = virtualinvoke $r0.<android.location.Location: double getLatitude()>()"
                ]
              },
              "hash": "48365606a463a959222d04bdde451e36c55c0ce4"
            }
          ]
        },
        "578_api": {
          "complianceCategoryDetail": "location",
          "deobfApk": "",
          "level": "high",
          "name": "578_api",
          "detail": "基站ID",
          "complianceCategory": "location",
          "category": "ComplianceInfo",
          "vulners": [
            {
              "details": {
                "url": "https://tosv.byted.org/obj/appscan-obj/aux/misc/393933313839373436323034393834578_api.html",
                "position": "<com.inmobi.media.ji: java.util.Map a()>",
                "target": [
                  "<com.inmobi.media.ji: java.util.Map a()>",
                  "$i0_10 = virtualinvoke $r13.<android.telephony.cdma.CdmaCellLocation: int getSystemId()>()"
                ]
              },
              "hash": "68279aa6d8c52e161b93e58c6d881afa1c5e7837"
            }
          ]
        },
        "421_api": {
          "complianceCategoryDetail": "location",
          "deobfApk": "",
          "level": "low",
          "name": "421_api",
          "detail": "位置信息",
          "complianceCategory": "location",
          "category": "ComplianceInfo",
          "vulners": [
            {
              "details": {
                "url": "https://tosv.byted.org/obj/appscan-obj/aux/misc/393933313836363732393834343337421_api.html",
                "position": "<com.inmobi.media.jd: void b()>",
                "target": [
                  "<com.inmobi.media.jd: void b()>",
                  "virtualinvoke $r1_2.<android.location.LocationManager: void requestSingleUpdate(java.lang.String,android.location.LocationListener,android.os.Looper)>($r3, r0, $r5)"
                ]
              },
              "hash": "829ad519e0d6e4e6d3fb96fb66d98e372073e42b"
            }
          ]
        },
        "280_api": {
          "complianceCategoryDetail": "location",
          "deobfApk": "",
          "level": "high",
          "name": "280_api",
          "detail": "位置信息",
          "complianceCategory": "location",
          "category": "ComplianceInfo",
          "vulners": [
            {
              "details": {
                "url": "https://tosv.byted.org/obj/appscan-obj/aux/misc/393933313833383638313835343634280_api.html",
                "position": "<com.inmobi.media.jd: android.location.Location j()>",
                "target": [
                  "<com.inmobi.media.jd: android.location.Location j()>",
                  "$r6 = virtualinvoke $r1_3.<android.location.LocationManager: android.location.Location getLastKnownLocation(java.lang.String)>($r5)"
                ]
              },
              "hash": "1c5ed347c92c17c1ae752db50fe04d036b1759f2"
            },
            {
              "details": {
                "url": "https://tosv.byted.org/obj/appscan-obj/aux/misc/393933313834303431363435343734280_api.html",
                "position": "<com.inmobi.media.jd: android.location.Location a(int,int)>",
                "target": [
                  "<com.inmobi.media.jd: android.location.Location a(int,int)>",
                  "$r5 = virtualinvoke $r2_1.<android.location.LocationManager: android.location.Location getLastKnownLocation(java.lang.String)>($r4)"
                ]
              },
              "hash": "b91ef74cc7c981cd91f19b924e0160d82ec19f6e"
            }
          ]
        },
        "583_api": {
          "complianceCategoryDetail": "location",
          "deobfApk": "",
          "level": "high",
          "name": "583_api",
          "detail": "基站ID",
          "complianceCategory": "location",
          "category": "ComplianceInfo",
          "vulners": [
            {
              "details": {
                "url": "https://tosv.byted.org/obj/appscan-obj/aux/misc/393933313930303737333634313535583_api.html",
                "position": "<com.inmobi.media.ji: java.util.Map a()>",
                "target": [
                  "<com.inmobi.media.ji: java.util.Map a()>",
                  "$i1_5 = virtualinvoke $r14.<android.telephony.gsm.GsmCellLocation: int getCid()>()"
                ]
              },
              "hash": "c6f06b7d21a071d42bc9f560bb33f26d61332413"
            }
          ]
        }
      }
    },
    "DeepLinkInfo": {
      "SmartRouterParameterList": [
        "impressionId",
        "allowAutoRedirection",
        "com.inmobi.ads.rendering.InMobiAdActivity.IN_APP_BROWSER_URL",
        "com.inmobi.ads.rendering.InMobiAdActivity.EXTRA_AD_ACTIVITY_TYPE",
        "creativeId"
      ],
      "AdsCommandsParameterList": [
        "fallbackTrackingUrl",
        "fallbackUrl",
        "action",
        "url",
        "primaryTrackingUrl",
        "primaryUrl"
      ]
    },
    "JsBridgeInfo": {},
    "UrlRegion": {
      "filter": {
        "N/A:N/A": {
          "value": {
            "境外": {
              "api.ok.ru": {
                "value": {
                  "https://api.ok.ru/fb.do": {
                    "classes.dex.ru.ok.android.sdk.util.OkRequestUtil$Request": "const-string v1, \"https://api.ok.ru/fb.do\"\n"
                  }
                },
                "meta": {
                  "A": {
                    "108.160.162.109": "US"
                  },
                  "ICP": "ICP record undetected",
                  "ISP": [
                    "Dropbox, Inc."
                  ],
                  "locations": [
                    "US"
                  ],
                  "plugins": [
                    "DNS",
                    "ICP"
                  ]
                }
              },
              "connect.ok.ru": {
                "value": {
                  "https://connect.ok.ru/dk?st.cmd=": {
                    "classes.dex.ru.ok.android.sdk.AbstractWidgetActivity": "const-string v1, \"https://connect.ok.ru/dk?st.cmd=\"\n"
                  }
                },
                "meta": {
                  "A": {
                    "199.59.149.203": "US"
                  },
                  "ICP": "ICP record undetected",
                  "ISP": [
                    "Twitter Inc."
                  ],
                  "locations": [
                    "US"
                  ],
                  "plugins": [
                    "DNS",
                    "ICP"
                  ]
                }
              }
            }
          },
          "meta": {
            "url": "N/A",
            "description": "未查到组件信息",
            "version": "N/A"
          }
        }
      },
      "full": {
        "N/A:N/A": {
          "value": {
            "US": {
              "api.ok.ru": {
                "meta": {
                  "A": {
                    "108.160.162.109": "US"
                  },
                  "ICP": "ICP record undetected",
                  "ISP": [
                    "Dropbox, Inc."
                  ],
                  "locations": [
                    "US"
                  ],
                  "plugins": [
                    "DNS",
                    "ICP"
                  ]
                },
                "value": {
                  "https://api.ok.ru/fb.do": {
                    "classes.dex.ru.ok.android.sdk.util.OkRequestUtil$Request": "const-string v1, \"https://api.ok.ru/fb.do\"\n"
                  }
                }
              },
              "connect.ok.ru": {
                "meta": {
                  "A": {
                    "199.59.149.203": "US"
                  },
                  "ICP": "ICP record undetected",
                  "ISP": [
                    "Twitter Inc."
                  ],
                  "locations": [
                    "US"
                  ],
                  "plugins": [
                    "DNS",
                    "ICP"
                  ]
                },
                "value": {
                  "https://connect.ok.ru/dk?st.cmd=": {
                    "classes.dex.ru.ok.android.sdk.AbstractWidgetActivity": "const-string v1, \"https://connect.ok.ru/dk?st.cmd=\"\n"
                  }
                }
              }
            }
          },
          "meta": {
            "url": "N/A",
            "description": "未查到组件信息",
            "version": "N/A"
          }
        }
      }
    },
    "profiler": "https://tosv.byted.org/obj/appscan-obj/aux/misc/393933313937343439323938353430profiler.json",
    "HTTP_API": [],
    "BasicInfo": {
      "AppInfo": {
        "name": "",
        "size": "1.11MB",
        "package": "com.inmobi.ads",
        "versionName": "10.0.9",
        "versionCode": "1",
        "target_sdk": "31",
        "min_sdk": "15",
        "max_sdk": "",
        "sha1": "38c8b4d87e616649d554759bca70e411234066c7"
      },
      "SignInfo": {
        "Is signed v1": false,
        "Is signed v2": false,
        "Is signed v3": false,
        "certs": [],
        "pkeys": []
      },
      "ComponentsInfo": {
        "exportedReceivers": [
          "com.inmobi.media.ih$b",
          "com.inmobi.media.de$a",
          "com.inmobi.media.de$b"
        ],
        "unExportedActivities": [
          "com.inmobi.ads.rendering.InMobiAdActivity"
        ]
      },
      "PermissionInfo": [
        "android.permission.ACCESS_NETWORK_STATE",
        "com.google.android.gms.permission.AD_ID",
        "android.permission.INTERNET"
      ],
      "DeobfApk": ""
    },
    "PermissionUsedDetails": {
      "declaredPermissions": [
        "android.permission.ACCESS_NETWORK_STATE",
        "com.google.android.gms.permission.AD_ID",
        "android.permission.INTERNET"
      ],
      "usedPermissions": {
        "android.permission.INTERNET": {
          "level": "normal|instant",
          "description": "Allows applications to open network sockets",
          "positions": [
            "Default"
          ],
          "details": [
            {
              "caller": "N/A",
              "api": "N/A",
              "url": "N/A"
            }
          ]
        }
      },
      "declaredButNoUsed": {
        "android.permission.ACCESS_NETWORK_STATE": {
          "level": "normal|instant",
          "description": "Allows applications to access information about networks"
        },
        "com.google.android.gms.permission.AD_ID": null
      },
      "usedButNotDeclared": {}
    },
    "SDKComplianceList": []
  },
  0
]