[
  {
    "SecurityInfo": {},
    "ComplianceInfo": {
      "telephone number": {
        "354_api": {
          "complianceCategoryDetail": "telephone number",
          "deobfApk": "",
          "level": "low",
          "name": "354_api",
          "detail": "手机号",
          "complianceCategory": "telephone number",
          "category": "ComplianceInfo",
          "vulners": [
            {
              "details": {
                "url": "https://tosv.byted.org/obj/appscan-obj/aux/misc/393932343235383035303439333730354_api.html",
                "position": "<com.truecaller.android.sdk.common.callVerification.IncomingCallListener: void onCallStateChanged(int,java.lang.String)>",
                "target": [
                  "<com.truecaller.android.sdk.common.callVerification.IncomingCallListener: void onCallStateChanged(int,java.lang.String)>",
                  "specialinvoke r0.<android.telephony.PhoneStateListener: void onCallStateChanged(int,java.lang.String)>($i0, $r1)"
                ]
              },
              "hash": "86bdde7bd9cf2c098f8251b8d4eb8cf03dcc96c5"
            }
          ]
        }
      }
    },
    "DeepLinkInfo": {},
    "JsBridgeInfo": {},
    "UrlRegion": {
      "filter": {
        "N/A:N/A": {
          "value": {
            "境外": {
              "api.ok.ru": {
                "value": {
                  "https://api.ok.ru/fb.do": {
                    "classes.dex.ru.ok.android.sdk.util.OkRequestUtil$Request": "const-string v1, \"https://api.ok.ru/fb.do\"\n"
                  }
                },
                "meta": {
                  "A": {
                    "108.160.162.109": "US"
                  },
                  "ICP": "ICP record undetected",
                  "ISP": [
                    "Dropbox, Inc."
                  ],
                  "locations": [
                    "US"
                  ],
                  "plugins": [
                    "DNS",
                    "ICP"
                  ]
                }
              },
              "connect.ok.ru": {
                "value": {
                  "https://connect.ok.ru/dk?st.cmd=": {
                    "classes.dex.ru.ok.android.sdk.AbstractWidgetActivity": "const-string v1, \"https://connect.ok.ru/dk?st.cmd=\"\n"
                  }
                },
                "meta": {
                  "A": {
                    "199.59.149.203": "US"
                  },
                  "ICP": "ICP record undetected",
                  "ISP": [
                    "Twitter Inc."
                  ],
                  "locations": [
                    "US"
                  ],
                  "plugins": [
                    "DNS",
                    "ICP"
                  ]
                }
              }
            }
          },
          "meta": {
            "url": "N/A",
            "description": "未查到组件信息",
            "version": "N/A"
          }
        }
      },
      "full": {
        "N/A:N/A": {
          "value": {
            "US": {
              "api.ok.ru": {
                "meta": {
                  "A": {
                    "108.160.162.109": "US"
                  },
                  "ICP": "ICP record undetected",
                  "ISP": [
                    "Dropbox, Inc."
                  ],
                  "locations": [
                    "US"
                  ],
                  "plugins": [
                    "DNS",
                    "ICP"
                  ]
                },
                "value": {
                  "https://api.ok.ru/fb.do": {
                    "classes.dex.ru.ok.android.sdk.util.OkRequestUtil$Request": "const-string v1, \"https://api.ok.ru/fb.do\"\n"
                  }
                }
              },
              "connect.ok.ru": {
                "meta": {
                  "A": {
                    "199.59.149.203": "US"
                  },
                  "ICP": "ICP record undetected",
                  "ISP": [
                    "Twitter Inc."
                  ],
                  "locations": [
                    "US"
                  ],
                  "plugins": [
                    "DNS",
                    "ICP"
                  ]
                },
                "value": {
                  "https://connect.ok.ru/dk?st.cmd=": {
                    "classes.dex.ru.ok.android.sdk.AbstractWidgetActivity": "const-string v1, \"https://connect.ok.ru/dk?st.cmd=\"\n"
                  }
                }
              }
            }
          },
          "meta": {
            "url": "N/A",
            "description": "未查到组件信息",
            "version": "N/A"
          }
        }
      }
    },
    "profiler": "https://tosv.byted.org/obj/appscan-obj/aux/misc/393932343238363539353230323230profiler.json",
    "HTTP_API": [
      {
        "API": "profile",
        "ReqMethod": "POST",
        "EntryMethod": "<com.truecaller.android.sdk.common.network.ProfileService: retrofit2.Call createProfile(java.lang.String,com.truecaller.android.sdk.common.models.TrueProfile)>",
        "AnnotType": [
          "Lretrofit2/http/POST;"
        ]
      },
      {
        "API": "profile",
        "ReqMethod": "GET",
        "EntryMethod": "<com.truecaller.android.sdk.common.network.ProfileService: retrofit2.Call fetchProfile(java.lang.String)>",
        "AnnotType": [
          "Lretrofit2/http/GET;"
        ]
      },
      {
        "API": "create",
        "ReqMethod": "POST",
        "EntryMethod": "<com.truecaller.android.sdk.common.network.VerificationService: retrofit2.Call createInstallation(java.lang.String,java.lang.String,com.truecaller.android.sdk.common.models.CreateInstallationModel)>",
        "AnnotType": [
          "Lretrofit2/http/POST;"
        ]
      },
      {
        "API": "verify",
        "ReqMethod": "POST",
        "EntryMethod": "<com.truecaller.android.sdk.common.network.VerificationService: retrofit2.Call verifyInstallation(java.lang.String,java.lang.String,com.truecaller.android.sdk.common.models.VerifyInstallationModel)>",
        "AnnotType": [
          "Lretrofit2/http/POST;"
        ]
      }
    ],
    "BasicInfo": {
      "AppInfo": {
        "name": "",
        "size": "0.77MB",
        "package": "com.truecaller.android.sdk",
        "versionName": null,
        "versionCode": null,
        "target_sdk": "",
        "min_sdk": "22",
        "max_sdk": "",
        "sha1": "6f391e21e47cf1679c76d96da082caf90e9e27c5"
      },
      "SignInfo": {
        "Is signed v1": false,
        "Is signed v2": false,
        "Is signed v3": false,
        "certs": [],
        "pkeys": []
      },
      "ComponentsInfo": {
        "exportedReceivers": [
          "com.truecaller.android.sdk.common.otpVerification.TruecallerOtpReceiver"
        ]
      },
      "PermissionInfo": [
        "com.truecaller.permission.sdk.internal.read_account_state"
      ],
      "DeobfApk": ""
    },
    "PermissionUsedDetails": {
      "declaredPermissions": [
        "com.truecaller.permission.sdk.internal.read_account_state"
      ],
      "usedPermissions": {},
      "declaredButNoUsed": {
        "com.truecaller.permission.sdk.internal.read_account_state": null
      },
      "usedButNotDeclared": {}
    },
    "SDKComplianceList": []
  },
  0
]