[
  {
    "SecurityInfo": {},
    "ComplianceInfo": {
      "carrier info": {
        "299_api": {
          "complianceCategoryDetail": "carrier info",
          "deobfApk": "",
          "level": "low",
          "name": "299_api",
          "detail": "获取移动网络类型，比如GSM、CDMA、LTE等。可能会被照明弹记录。",
          "complianceCategory": "carrier info",
          "category": "ComplianceInfo",
          "vulners": [
            {
              "details": {
                "url": "https://tosv.byted.org/obj/appscan-obj/aux/misc/393931383438303433393635383839299_api.html",
                "position": "<com.apptentive.android.sdk.storage.DeviceManager: void setupTelephony(android.content.Context,com.apptentive.android.sdk.storage.Device)>",
                "target": [
                  "<com.apptentive.android.sdk.storage.DeviceManager: void setupTelephony(android.content.Context,com.apptentive.android.sdk.storage.Device)>",
                  "$i0_1 = virtualinvoke r3.<android.telephony.TelephonyManager: int getNetworkType()>()"
                ]
              },
              "hash": "4dfc36ea7064c7754e35f63a34f5591854750869"
            }
          ]
        },
        "253_api": {
          "complianceCategoryDetail": "carrier info",
          "deobfApk": "",
          "level": "low",
          "name": "253_api",
          "detail": "获取移动网络类型，比如GSM、CDMA、LTE等。可能会被照明弹记录。",
          "complianceCategory": "carrier info",
          "category": "ComplianceInfo",
          "vulners": [
            {
              "details": {
                "url": "https://tosv.byted.org/obj/appscan-obj/aux/misc/393931383436393639313039393535253_api.html",
                "position": "<com.apptentive.android.sdk.storage.DeviceManager: void setupTelephony(android.content.Context,com.apptentive.android.sdk.storage.Device)>",
                "target": [
                  "<com.apptentive.android.sdk.storage.DeviceManager: void setupTelephony(android.content.Context,com.apptentive.android.sdk.storage.Device)>",
                  "$i0_3 = virtualinvoke r3.<android.telephony.TelephonyManager: int getDataNetworkType()>()"
                ]
              },
              "hash": "3af57b0b36f4a7d815d13cfddec1ada72ece684c"
            }
          ]
        }
      },
      "clipboard data": {
        "453_api": {
          "complianceCategoryDetail": "clipboard data",
          "deobfApk": "",
          "level": "high",
          "name": "453_api",
          "detail": "剪贴板",
          "complianceCategory": "clipboard data",
          "category": "ComplianceInfo",
          "vulners": [
            {
              "details": {
                "url": "https://tosv.byted.org/obj/appscan-obj/aux/misc/393931383439393733363232353433453_api.html",
                "position": "<com.apptentive.android.sdk.util.Util: void setClipboardText(android.content.Context,java.lang.String)>",
                "target": [
                  "<com.apptentive.android.sdk.util.Util: void setClipboardText(android.content.Context,java.lang.String)>",
                  "virtualinvoke r3.<android.content.ClipboardManager: void setPrimaryClip(android.content.ClipData)>($r4)"
                ]
              },
              "hash": "c010f5ad6552f1f9ecd1fa8ec59954385e4f0db8"
            }
          ]
        },
        "305_api": {
          "complianceCategoryDetail": "clipboard data",
          "deobfApk": "",
          "level": "high",
          "name": "305_api",
          "detail": "剪贴板",
          "complianceCategory": "clipboard data",
          "category": "ComplianceInfo",
          "vulners": [
            {
              "details": {
                "url": "https://tosv.byted.org/obj/appscan-obj/aux/misc/393931383438333037373537303034305_api.html",
                "position": "<com.apptentive.android.sdk.util.Util: java.lang.String getClipboardText(android.content.Context)>",
                "target": [
                  "<com.apptentive.android.sdk.util.Util: java.lang.String getClipboardText(android.content.Context)>",
                  "$r4 = virtualinvoke r2.<android.content.ClipboardManager: android.content.ClipData getPrimaryClip()>()"
                ]
              },
              "hash": "c7d757ad249aedc0c797284ba472aed36470e090"
            }
          ]
        }
      }
    },
    "DeepLinkInfo": {
      "SmartRouterParameterList": [
        "showAsModal",
        "question",
        "toolbarLayoutId",
        "fragmentTag",
        "interaction",
        "fragmentExtraData"
      ]
    },
    "JsBridgeInfo": {},
    "UrlRegion": {
      "filter": {
        "N/A:N/A": {
          "value": {
            "境外": {
              "api.ok.ru": {
                "value": {
                  "https://api.ok.ru/fb.do": {
                    "classes.dex.ru.ok.android.sdk.util.OkRequestUtil$Request": "const-string v1, \"https://api.ok.ru/fb.do\"\n"
                  }
                },
                "meta": {
                  "A": {
                    "108.160.162.109": "US"
                  },
                  "ICP": "ICP record undetected",
                  "ISP": [
                    "Dropbox, Inc."
                  ],
                  "locations": [
                    "US"
                  ],
                  "plugins": [
                    "DNS",
                    "ICP"
                  ]
                }
              },
              "connect.ok.ru": {
                "value": {
                  "https://connect.ok.ru/dk?st.cmd=": {
                    "classes.dex.ru.ok.android.sdk.AbstractWidgetActivity": "const-string v1, \"https://connect.ok.ru/dk?st.cmd=\"\n"
                  }
                },
                "meta": {
                  "A": {
                    "199.59.149.203": "US"
                  },
                  "ICP": "ICP record undetected",
                  "ISP": [
                    "Twitter Inc."
                  ],
                  "locations": [
                    "US"
                  ],
                  "plugins": [
                    "DNS",
                    "ICP"
                  ]
                }
              }
            }
          },
          "meta": {
            "url": "N/A",
            "description": "未查到组件信息",
            "version": "N/A"
          }
        }
      },
      "full": {
        "N/A:N/A": {
          "value": {
            "US": {
              "api.ok.ru": {
                "meta": {
                  "A": {
                    "108.160.162.109": "US"
                  },
                  "ICP": "ICP record undetected",
                  "ISP": [
                    "Dropbox, Inc."
                  ],
                  "locations": [
                    "US"
                  ],
                  "plugins": [
                    "DNS",
                    "ICP"
                  ]
                },
                "value": {
                  "https://api.ok.ru/fb.do": {
                    "classes.dex.ru.ok.android.sdk.util.OkRequestUtil$Request": "const-string v1, \"https://api.ok.ru/fb.do\"\n"
                  }
                }
              },
              "connect.ok.ru": {
                "meta": {
                  "A": {
                    "199.59.149.203": "US"
                  },
                  "ICP": "ICP record undetected",
                  "ISP": [
                    "Twitter Inc."
                  ],
                  "locations": [
                    "US"
                  ],
                  "plugins": [
                    "DNS",
                    "ICP"
                  ]
                },
                "value": {
                  "https://connect.ok.ru/dk?st.cmd=": {
                    "classes.dex.ru.ok.android.sdk.AbstractWidgetActivity": "const-string v1, \"https://connect.ok.ru/dk?st.cmd=\"\n"
                  }
                }
              }
            }
          },
          "meta": {
            "url": "N/A",
            "description": "未查到组件信息",
            "version": "N/A"
          }
        }
      }
    },
    "profiler": "https://tosv.byted.org/obj/appscan-obj/aux/misc/393931383533323932373632373537profiler.json",
    "HTTP_API": [],
    "BasicInfo": {
      "AppInfo": {
        "name": "",
        "size": "1.31MB",
        "package": "com.apptentive.android.sdk",
        "versionName": null,
        "versionCode": null,
        "target_sdk": "31",
        "min_sdk": "14",
        "max_sdk": "",
        "sha1": "be80bd68b96951cded6bd07e3eeeeb0be5ce1e5e"
      },
      "SignInfo": {
        "Is signed v1": false,
        "Is signed v2": false,
        "Is signed v3": false,
        "certs": [],
        "pkeys": []
      },
      "ComponentsInfo": {
        "unExportedActivities": [
          "com.apptentive.android.sdk.ApptentiveViewActivity"
        ],
        "unExportedProviders": [
          "com.apptentive.android.sdk.debug.ApptentiveAttachmentFileProvider"
        ],
        "unExportedReceivers": [
          "com.apptentive.android.sdk.module.engagement.notification.ApptentiveNotificationInteractionBroadcastReceiver",
          "com.apptentive.android.sdk.debug.LogBroadcastReceiver"
        ]
      },
      "PermissionInfo": [
        "android.permission.ACCESS_NETWORK_STATE",
        "android.permission.INTERNET",
        "android.permission.READ_EXTERNAL_STORAGE",
        "android.permission.WRITE_EXTERNAL_STORAGE"
      ],
      "DeobfApk": ""
    },
    "PermissionUsedDetails": {
      "declaredPermissions": [
        "android.permission.ACCESS_NETWORK_STATE",
        "android.permission.INTERNET",
        "android.permission.READ_EXTERNAL_STORAGE",
        "android.permission.WRITE_EXTERNAL_STORAGE"
      ],
      "usedPermissions": {
        "android.permission.WRITE_EXTERNAL_STORAGE": {
          "level": "dangerous",
          "description": "Allows an application to write to external storage. Note: If both your minSdkVersion and targetSdkVersion values are set to 3 or lower, the system implicitly grants your app this permission. If you don't need this permission, be sure your targetSdkVersion is 4 or higher. Starting in API level 19, this permission is not required to read/write files in your application-specific directories returned by android.content.Context#getExternalFilesDir and android.content.Context#getExternalCacheDir. If this permission is not whitelisted for an app that targets an API level before android.os.Build.VERSION_CODES#Q this permission cannot be granted to apps",
          "positions": [
            "Default"
          ],
          "details": [
            {
              "caller": "N/A",
              "api": "N/A",
              "url": "N/A"
            }
          ]
        },
        "android.permission.READ_EXTERNAL_STORAGE": {
          "level": "dangerous",
          "description": "Allows an application to read from external storage.Any app that declares the WRITE_EXTERNAL_STORAGE permission is implicitly granted this permission. This permission is enforced starting in API level 19. Before API level 19, this permission is not enforced and all apps still have access to read from external storage. You can test your app with the permission enforced by enabling Protect USB storage under Developer options in the Settings app on a device running Android 4.1 or higher. Also starting in API level 19, this permission is not required to read/write files in your application-specific directories returned by android.content.Context#getExternalFilesDir and android.content.Context#getExternalCacheDir. Note: If both your minSdkVersion and targetSdkVersion values are set to 3 or lower, the system implicitly grants your app this permission. If you don't need this permission, be sure your targetSdkVersion is 4 or higher",
          "positions": [
            "Default"
          ],
          "details": [
            {
              "caller": "N/A",
              "api": "N/A",
              "url": "N/A"
            }
          ]
        },
        "android.permission.INTERNET": {
          "level": "normal|instant",
          "description": "Allows applications to open network sockets",
          "positions": [
            "Default"
          ],
          "details": [
            {
              "caller": "N/A",
              "api": "N/A",
              "url": "N/A"
            }
          ]
        }
      },
      "declaredButNoUsed": {
        "android.permission.ACCESS_NETWORK_STATE": {
          "level": "normal|instant",
          "description": "Allows applications to access information about networks"
        }
      },
      "usedButNotDeclared": {}
    },
    "SDKComplianceList": []
  },
  0
]