[
  {
    "SecurityInfo": {},
    "ComplianceInfo": {
      "location": {
        "575_api": {
          "complianceCategoryDetail": "location",
          "deobfApk": "",
          "level": "high",
          "name": "575_api",
          "detail": "纬度",
          "complianceCategory": "location",
          "category": "ComplianceInfo",
          "vulners": [
            {
              "details": {
                "url": "https://tosv.byted.org/obj/appscan-obj/aux/misc/393932383831303837393035303237575_api.html",
                "position": "<com.batch.android.m0.k: void a(android.location.Location)>",
                "target": [
                  "<com.batch.android.m0.k: void a(android.location.Location)>",
                  "$d1 = virtualinvoke $r1.<android.location.Location: double getLatitude()>()"
                ]
              },
              "hash": "1775d6c11ba6c2be7012b0dd3b2ea799a38373b9"
            }
          ]
        },
        "576_api": {
          "complianceCategoryDetail": "location",
          "deobfApk": "",
          "level": "high",
          "name": "576_api",
          "detail": "经度",
          "complianceCategory": "location",
          "category": "ComplianceInfo",
          "vulners": [
            {
              "details": {
                "url": "https://tosv.byted.org/obj/appscan-obj/aux/misc/393932383831323930393233313339576_api.html",
                "position": "<com.batch.android.m0.k: void a(android.location.Location)>",
                "target": [
                  "<com.batch.android.m0.k: void a(android.location.Location)>",
                  "$d1_1 = virtualinvoke $r1.<android.location.Location: double getLongitude()>()"
                ]
              },
              "hash": "7e227ea4e050263aaac7ee6b96db0c000e98ae50"
            }
          ]
        }
      },
      "clipboard data": {
        "453_api": {
          "complianceCategoryDetail": "clipboard data",
          "deobfApk": "",
          "level": "high",
          "name": "453_api",
          "detail": "剪贴板",
          "complianceCategory": "clipboard data",
          "category": "ComplianceInfo",
          "vulners": [
            {
              "details": {
                "url": "https://tosv.byted.org/obj/appscan-obj/aux/misc/393932383830303734373131383931453_api.html",
                "position": "<com.batch.android.b.a: void performAction(android.content.Context,java.lang.String,com.batch.android.json.JSONObject,com.batch.android.UserActionSource)>",
                "target": [
                  "<com.batch.android.b.a: void performAction(android.content.Context,java.lang.String,com.batch.android.json.JSONObject,com.batch.android.UserActionSource)>",
                  "virtualinvoke $r7.<android.content.ClipboardManager: void setPrimaryClip(android.content.ClipData)>($r8)"
                ]
              },
              "hash": "8819ff9091aaa59698676a392153f92d437df8dd"
            },
            {
              "details": {
                "url": "https://tosv.byted.org/obj/appscan-obj/aux/misc/393932383830353131343930353839453_api.html",
                "position": "<com.batch.android.i.a: void a(android.content.Context)>",
                "target": [
                  "<com.batch.android.i.a: void a(android.content.Context)>",
                  "virtualinvoke $r4.<android.content.ClipboardManager: void setPrimaryClip(android.content.ClipData)>($r6)"
                ]
              },
              "hash": "c2ee0918b6d4917dd5b5a9a475c365491f3eb5a2"
            }
          ]
        }
      }
    },
    "DeepLinkInfo": {
      "SmartRouterParameterList": [
        "ROTATED",
        "permission"
      ],
      "AdsCommandsParameterList": [
        "batchAnalyticsID"
      ]
    },
    "JsBridgeInfo": {},
    "UrlRegion": {
      "filter": {
        "N/A:N/A": {
          "value": {
            "境外": {
              "api.ok.ru": {
                "value": {
                  "https://api.ok.ru/fb.do": {
                    "classes.dex.ru.ok.android.sdk.util.OkRequestUtil$Request": "const-string v1, \"https://api.ok.ru/fb.do\"\n"
                  }
                },
                "meta": {
                  "A": {
                    "108.160.162.109": "US"
                  },
                  "ICP": "ICP record undetected",
                  "ISP": [
                    "Dropbox, Inc."
                  ],
                  "locations": [
                    "US"
                  ],
                  "plugins": [
                    "DNS",
                    "ICP"
                  ]
                }
              },
              "connect.ok.ru": {
                "value": {
                  "https://connect.ok.ru/dk?st.cmd=": {
                    "classes.dex.ru.ok.android.sdk.AbstractWidgetActivity": "const-string v1, \"https://connect.ok.ru/dk?st.cmd=\"\n"
                  }
                },
                "meta": {
                  "A": {
                    "199.59.149.203": "US"
                  },
                  "ICP": "ICP record undetected",
                  "ISP": [
                    "Twitter Inc."
                  ],
                  "locations": [
                    "US"
                  ],
                  "plugins": [
                    "DNS",
                    "ICP"
                  ]
                }
              }
            }
          },
          "meta": {
            "url": "N/A",
            "description": "未查到组件信息",
            "version": "N/A"
          }
        }
      },
      "full": {
        "N/A:N/A": {
          "value": {
            "US": {
              "api.ok.ru": {
                "meta": {
                  "A": {
                    "108.160.162.109": "US"
                  },
                  "ICP": "ICP record undetected",
                  "ISP": [
                    "Dropbox, Inc."
                  ],
                  "locations": [
                    "US"
                  ],
                  "plugins": [
                    "DNS",
                    "ICP"
                  ]
                },
                "value": {
                  "https://api.ok.ru/fb.do": {
                    "classes.dex.ru.ok.android.sdk.util.OkRequestUtil$Request": "const-string v1, \"https://api.ok.ru/fb.do\"\n"
                  }
                }
              },
              "connect.ok.ru": {
                "meta": {
                  "A": {
                    "199.59.149.203": "US"
                  },
                  "ICP": "ICP record undetected",
                  "ISP": [
                    "Twitter Inc."
                  ],
                  "locations": [
                    "US"
                  ],
                  "plugins": [
                    "DNS",
                    "ICP"
                  ]
                },
                "value": {
                  "https://connect.ok.ru/dk?st.cmd=": {
                    "classes.dex.ru.ok.android.sdk.AbstractWidgetActivity": "const-string v1, \"https://connect.ok.ru/dk?st.cmd=\"\n"
                  }
                }
              }
            }
          },
          "meta": {
            "url": "N/A",
            "description": "未查到组件信息",
            "version": "N/A"
          }
        }
      }
    },
    "profiler": "https://tosv.byted.org/obj/appscan-obj/aux/misc/393932383838313638323238353138profiler.json",
    "HTTP_API": [],
    "BasicInfo": {
      "AppInfo": {
        "name": "",
        "size": "1.2MB",
        "package": "com.batch.android",
        "versionName": null,
        "versionCode": null,
        "target_sdk": "33",
        "min_sdk": "15",
        "max_sdk": "",
        "sha1": "63de2c7c6a33e878aebb47ae2f1ee487383c4f4c"
      },
      "SignInfo": {
        "Is signed v1": false,
        "Is signed v2": false,
        "Is signed v3": false,
        "certs": [],
        "pkeys": []
      },
      "ComponentsInfo": {
        "unExportedActivities": [
          "com.batch.android.MessagingActivity",
          "com.batch.android.BatchPermissionActivity",
          "com.batch.android.BatchActionActivity",
          "com.batch.android.debug.BatchDebugActivity"
        ],
        "unExportedServices": [
          "com.batch.android.BatchActionService",
          "com.batch.android.BatchDisplayReceiptJobService",
          "com.batch.android.push.PushRegistrationDiscoveryService",
          "com.batch.android.BatchPushService",
          "com.batch.android.BatchPushJobService",
          "com.batch.android.eventdispatcher.DispatcherDiscoveryService"
        ],
        "unExportedReceivers": [
          "com.batch.android.BatchPushMessageReceiver",
          "com.batch.android.BatchPushMessageDismissReceiver"
        ]
      },
      "PermissionInfo": [
        "android.permission.POST_NOTIFICATIONS",
        "android.permission.RECEIVE_BOOT_COMPLETED",
        "android.permission.VIBRATE",
        "android.permission.INTERNET",
        "android.permission.WAKE_LOCK",
        "${applicationId}.batch.permission.INTERNAL_BROADCAST"
      ],
      "DeobfApk": ""
    },
    "PermissionUsedDetails": {
      "declaredPermissions": [
        "android.permission.POST_NOTIFICATIONS",
        "android.permission.RECEIVE_BOOT_COMPLETED",
        "android.permission.VIBRATE",
        "android.permission.INTERNET",
        "android.permission.WAKE_LOCK",
        "${applicationId}.batch.permission.INTERNAL_BROADCAST"
      ],
      "usedPermissions": {
        "android.permission.INTERNET": {
          "level": "normal|instant",
          "description": "Allows applications to open network sockets",
          "positions": [
            "Default"
          ],
          "details": [
            {
              "caller": "N/A",
              "api": "N/A",
              "url": "N/A"
            }
          ]
        }
      },
      "declaredButNoUsed": {
        "android.permission.POST_NOTIFICATIONS": null,
        "android.permission.RECEIVE_BOOT_COMPLETED": {
          "level": "normal",
          "description": "Allows an application to receive the android.content.Intent#ACTION_BOOT_COMPLETED that is broadcast after the system finishes booting. If you don't request this permission, you will not receive the broadcast at that time. Though holding this permission does not have any security implications, it can have a negative impact on the user experience by increasing the amount of time it takes the system to start and allowing applications to have themselves running without the user being aware of them. As such, you must explicitly declare your use of this facility to make that visible to the user"
        },
        "android.permission.VIBRATE": {
          "level": "normal|instant",
          "description": "Allows access to the vibrator"
        },
        "android.permission.WAKE_LOCK": {
          "level": "normal|instant",
          "description": "Allows using PowerManager WakeLocks to keep processor from sleeping or screen from dimming"
        },
        "${applicationId}.batch.permission.INTERNAL_BROADCAST": null
      },
      "usedButNotDeclared": {}
    },
    "SDKComplianceList": []
  },
  0
]