[
  {
    "SecurityInfo": {},
    "ComplianceInfo": {
      "ipAddress": {
        "573_api": {
          "complianceCategoryDetail": "ipAddress",
          "deobfApk": "",
          "level": "high",
          "name": "573_api",
          "detail": "IP地址",
          "complianceCategory": "ipAddress",
          "category": "ComplianceInfo",
          "vulners": [
            {
              "details": {
                "url": "https://tosv.byted.org/obj/appscan-obj/aux/misc/393933323038373631383938383930573_api.html",
                "position": "<easypay.utils.EasyPayUtils: java.lang.String getLocalIpAddress(boolean)>",
                "target": [
                  "<easypay.utils.EasyPayUtils: java.lang.String getLocalIpAddress(boolean)>",
                  "$r0_2 = virtualinvoke r4.<java.net.NetworkInterface: java.util.Enumeration getInetAddresses()>()"
                ]
              },
              "hash": "2183a6209a16557577c01219149207d0a0c68572"
            }
          ]
        }
      },
      "sms": {
        "531_api": {
          "complianceCategoryDetail": "sms",
          "deobfApk": "",
          "level": "high",
          "name": "531_api",
          "detail": "短信",
          "complianceCategory": "sms",
          "category": "ComplianceInfo",
          "vulners": [
            {
              "details": {
                "position": "<easypay.actions.SmsUtilityHelper: void checkSMSAlreadyExist(android.content.Context)>",
                "url": "https://tosv.byted.org/obj/appscan-obj/aux/misc/393933323132333334343535323435531_api.html",
                "target": [
                  "<easypay.actions.SmsUtilityHelper: void checkSMSAlreadyExist(android.content.Context)>->@const_str:content://sms/inbox",
                  "<easypay.actions.SmsUtilityHelper: void checkSMSAlreadyExist(android.content.Context)>->$r4"
                ],
                "entryMethod": "<easypay.actions.SmsUtilityHelper: void checkSMSAlreadyExist(android.content.Context)>",
                "Source": [
                  "$r4 = staticinvoke <android.net.Uri: android.net.Uri parse(java.lang.String)>(\"content://sms/inbox\")"
                ],
                "Sink": [
                  "$r8 = virtualinvoke $r2.<android.content.ContentResolver: android.database.Cursor query(android.net.Uri,java.lang.String[],java.lang.String,java.lang.String[],java.lang.String)>($r4, null, \"date>=?\", r5, null)"
                ]
              },
              "hash": "7495719721cfe642aa80fd6be6c5870a2def0ec2"
            }
          ]
        }
      }
    },
    "DeepLinkInfo": {},
    "JsBridgeInfo": {},
    "UrlRegion": {
      "filter": {
        "N/A:N/A": {
          "value": {
            "境外": {
              "api.ok.ru": {
                "value": {
                  "https://api.ok.ru/fb.do": {
                    "classes.dex.ru.ok.android.sdk.util.OkRequestUtil$Request": "const-string v1, \"https://api.ok.ru/fb.do\"\n"
                  }
                },
                "meta": {
                  "A": {
                    "108.160.162.109": "US"
                  },
                  "ICP": "ICP record undetected",
                  "ISP": [
                    "Dropbox, Inc."
                  ],
                  "locations": [
                    "US"
                  ],
                  "plugins": [
                    "DNS",
                    "ICP"
                  ]
                }
              },
              "connect.ok.ru": {
                "value": {
                  "https://connect.ok.ru/dk?st.cmd=": {
                    "classes.dex.ru.ok.android.sdk.AbstractWidgetActivity": "const-string v1, \"https://connect.ok.ru/dk?st.cmd=\"\n"
                  }
                },
                "meta": {
                  "A": {
                    "199.59.149.203": "US"
                  },
                  "ICP": "ICP record undetected",
                  "ISP": [
                    "Twitter Inc."
                  ],
                  "locations": [
                    "US"
                  ],
                  "plugins": [
                    "DNS",
                    "ICP"
                  ]
                }
              }
            }
          },
          "meta": {
            "url": "N/A",
            "description": "未查到组件信息",
            "version": "N/A"
          }
        }
      },
      "full": {
        "N/A:N/A": {
          "value": {
            "US": {
              "api.ok.ru": {
                "meta": {
                  "A": {
                    "108.160.162.109": "US"
                  },
                  "ICP": "ICP record undetected",
                  "ISP": [
                    "Dropbox, Inc."
                  ],
                  "locations": [
                    "US"
                  ],
                  "plugins": [
                    "DNS",
                    "ICP"
                  ]
                },
                "value": {
                  "https://api.ok.ru/fb.do": {
                    "classes.dex.ru.ok.android.sdk.util.OkRequestUtil$Request": "const-string v1, \"https://api.ok.ru/fb.do\"\n"
                  }
                }
              },
              "connect.ok.ru": {
                "meta": {
                  "A": {
                    "199.59.149.203": "US"
                  },
                  "ICP": "ICP record undetected",
                  "ISP": [
                    "Twitter Inc."
                  ],
                  "locations": [
                    "US"
                  ],
                  "plugins": [
                    "DNS",
                    "ICP"
                  ]
                },
                "value": {
                  "https://connect.ok.ru/dk?st.cmd=": {
                    "classes.dex.ru.ok.android.sdk.AbstractWidgetActivity": "const-string v1, \"https://connect.ok.ru/dk?st.cmd=\"\n"
                  }
                }
              }
            }
          },
          "meta": {
            "url": "N/A",
            "description": "未查到组件信息",
            "version": "N/A"
          }
        }
      }
    },
    "profiler": "https://tosv.byted.org/obj/appscan-obj/aux/misc/393933323133373134303133343737profiler.json",
    "HTTP_API": [],
    "BasicInfo": {
      "AppInfo": {
        "name": "",
        "size": "0.27MB",
        "package": "paytm.assist.easypay.easypay",
        "versionName": null,
        "versionCode": null,
        "target_sdk": "33",
        "min_sdk": "21",
        "max_sdk": "",
        "sha1": "32cfbf287d54a2b0e6701628a358f3c32cf6aed5"
      },
      "SignInfo": {
        "Is signed v1": false,
        "Is signed v2": false,
        "Is signed v3": false,
        "certs": [],
        "pkeys": []
      },
      "ComponentsInfo": {},
      "PermissionInfo": [
        "android.permission.ACCESS_NETWORK_STATE",
        "android.permission.WAKE_LOCK",
        "android.permission.READ_PHONE_STATE"
      ],
      "DeobfApk": ""
    },
    "PermissionUsedDetails": {
      "declaredPermissions": [
        "android.permission.ACCESS_NETWORK_STATE",
        "android.permission.WAKE_LOCK",
        "android.permission.READ_PHONE_STATE"
      ],
      "usedPermissions": {},
      "declaredButNoUsed": {
        "android.permission.ACCESS_NETWORK_STATE": {
          "level": "normal|instant",
          "description": "Allows applications to access information about networks"
        },
        "android.permission.WAKE_LOCK": {
          "level": "normal|instant",
          "description": "Allows using PowerManager WakeLocks to keep processor from sleeping or screen from dimming"
        },
        "android.permission.READ_PHONE_STATE": {
          "level": "dangerous",
          "description": "Allows read only access to phone state, including the current cellular network information, the status of any ongoing calls, and a list of any android.telecom.PhoneAccounts registered on the device. Note: If both your minSdkVersion and targetSdkVersion values are set to 3 or lower, the system implicitly grants your app this permission. If you don't need this permission, be sure your targetSdkVersion is 4 or higher"
        }
      },
      "usedButNotDeclared": {}
    },
    "SDKComplianceList": []
  },
  0
]