[
  {
    "SecurityInfo": {},
    "ComplianceInfo": {
      "carrier info": {
        "299_api": {
          "complianceCategoryDetail": "carrier info",
          "deobfApk": "",
          "level": "low",
          "name": "299_api",
          "detail": "获取移动网络类型，比如GSM、CDMA、LTE等。可能会被照明弹记录。",
          "complianceCategory": "carrier info",
          "category": "ComplianceInfo",
          "vulners": [
            {
              "details": {
                "url": "https://tosv.byted.org/obj/appscan-obj/aux/misc/393932343932383439333638323639299_api.html",
                "position": "<com.flurry.sdk.av: void getCellularData(android.telephony.SignalStrength)>",
                "target": [
                  "<com.flurry.sdk.av: void getCellularData(android.telephony.SignalStrength)>",
                  "$i1_3 = virtualinvoke $r2.<android.telephony.TelephonyManager: int getNetworkType()>()"
                ]
              },
              "hash": "f662d2ae14f7234c1736aba9971f37e46b96739e"
            }
          ]
        }
      },
      "Android_ID": {
        "550_api": {
          "complianceCategoryDetail": "Android_ID",
          "deobfApk": "",
          "level": "high",
          "name": "550_api",
          "detail": "Android_ID",
          "complianceCategory": "Android_ID",
          "category": "ComplianceInfo",
          "vulners": [
            {
              "details": {
                "ConstValue": "android_id",
                "position": "<com.flurry.sdk.ag$4: void a()>",
                "url": "https://tosv.byted.org/obj/appscan-obj/aux/misc/393932343934333837353237323533550_api.html",
                "target": [
                  "<com.flurry.sdk.ag$4: void a()>",
                  "<android.provider.Settings$Secure: java.lang.String getString(android.content.ContentResolver,java.lang.String)>",
                  "android_id"
                ]
              },
              "hash": "419491b379ff4c165e30ade60e441cdb4be00743"
            }
          ]
        }
      },
      "applist": {
        "374_api": {
          "complianceCategoryDetail": "applist",
          "deobfApk": "",
          "level": "low",
          "name": "374_api",
          "detail": "可获取所有能够启动给定Intent的activity",
          "complianceCategory": "applist",
          "category": "ComplianceInfo",
          "vulners": [
            {
              "details": {
                "url": "https://tosv.byted.org/obj/appscan-obj/aux/misc/393932343933333730363534383538374_api.html",
                "position": "<com.flurry.sdk.ed: boolean a(android.content.Context,android.content.Intent)>",
                "target": [
                  "<com.flurry.sdk.ed: boolean a(android.content.Context,android.content.Intent)>",
                  "$r4_2 = virtualinvoke $r2.<android.content.pm.PackageManager: java.util.List queryIntentActivities(android.content.Intent,int)>($r1, 64)"
                ]
              },
              "hash": "789c7933456e7a543f4393023d9e0da8a9077a16"
            },
            {
              "details": {
                "url": "https://tosv.byted.org/obj/appscan-obj/aux/misc/393932343933353139333131393638374_api.html",
                "position": "<com.flurry.sdk.ed: java.lang.String a(android.content.Context)>",
                "target": [
                  "<com.flurry.sdk.ed: java.lang.String a(android.content.Context)>",
                  "$r8_2 = virtualinvoke $r3.<android.content.pm.PackageManager: java.util.List queryIntentActivities(android.content.Intent,int)>($r0, 0)"
                ]
              },
              "hash": "4a2e4460673ce66ca2c84d93dfafa180f388c63c"
            }
          ]
        }
      },
      "location": {
        "575_api": {
          "complianceCategoryDetail": "location",
          "deobfApk": "",
          "level": "high",
          "name": "575_api",
          "detail": "纬度",
          "complianceCategory": "location",
          "category": "ComplianceInfo",
          "vulners": [
            {
              "details": {
                "url": "https://tosv.byted.org/obj/appscan-obj/aux/misc/393932343934363331373134323131575_api.html",
                "position": "<com.flurry.sdk.ip: org.json.JSONObject a()>",
                "target": [
                  "<com.flurry.sdk.ip: org.json.JSONObject a()>",
                  "$d3 = virtualinvoke $r2_7.<android.location.Location: double getLatitude()>()"
                ]
              },
              "hash": "f70638c559dca09a0914e2fd400916cc79cf4871"
            }
          ]
        },
        "576_api": {
          "complianceCategoryDetail": "location",
          "deobfApk": "",
          "level": "high",
          "name": "576_api",
          "detail": "经度",
          "complianceCategory": "location",
          "category": "ComplianceInfo",
          "vulners": [
            {
              "details": {
                "url": "https://tosv.byted.org/obj/appscan-obj/aux/misc/393932343934383639363034343439576_api.html",
                "position": "<com.flurry.sdk.ip: org.json.JSONObject a()>",
                "target": [
                  "<com.flurry.sdk.ip: org.json.JSONObject a()>",
                  "$d3_1 = virtualinvoke $r2_8.<android.location.Location: double getLongitude()>()"
                ]
              },
              "hash": "803b4c4a79dc0975c5a9de5cff97bb494b941c46"
            }
          ]
        },
        "577_api": {
          "complianceCategoryDetail": "location",
          "deobfApk": "",
          "level": "high",
          "name": "577_api",
          "detail": "基站ID",
          "complianceCategory": "location",
          "category": "ComplianceInfo",
          "vulners": [
            {
              "details": {
                "url": "https://tosv.byted.org/obj/appscan-obj/aux/misc/393932343935303033363630313936577_api.html",
                "position": "<com.flurry.sdk.ip: org.json.JSONObject a()>",
                "target": [
                  "<com.flurry.sdk.ip: org.json.JSONObject a()>",
                  "$d3_3 = virtualinvoke $r2_13.<android.location.Location: double getAltitude()>()"
                ]
              },
              "hash": "a81c2c2f928aa5275b579cd5da5c377d07ee4915"
            }
          ]
        },
        "280_api": {
          "complianceCategoryDetail": "location",
          "deobfApk": "",
          "level": "high",
          "name": "280_api",
          "detail": "位置信息",
          "complianceCategory": "location",
          "category": "ComplianceInfo",
          "vulners": [
            {
              "details": {
                "url": "https://tosv.byted.org/obj/appscan-obj/aux/misc/393932343932313937393733393337280_api.html",
                "position": "<com.flurry.sdk.at: android.location.Location a()>",
                "target": [
                  "<com.flurry.sdk.at: android.location.Location a()>",
                  "$r5 = virtualinvoke $r4.<android.location.LocationManager: android.location.Location getLastKnownLocation(java.lang.String)>($r1_2)"
                ]
              },
              "hash": "8a748f27f52e01c7870a95124e27ff1a1a97a63c"
            }
          ]
        }
      }
    },
    "DeepLinkInfo": {},
    "JsBridgeInfo": {},
    "UrlRegion": {
      "filter": {
        "N/A:N/A": {
          "value": {
            "境外": {
              "api.ok.ru": {
                "value": {
                  "https://api.ok.ru/fb.do": {
                    "classes.dex.ru.ok.android.sdk.util.OkRequestUtil$Request": "const-string v1, \"https://api.ok.ru/fb.do\"\n"
                  }
                },
                "meta": {
                  "A": {
                    "108.160.162.109": "US"
                  },
                  "ICP": "ICP record undetected",
                  "ISP": [
                    "Dropbox, Inc."
                  ],
                  "locations": [
                    "US"
                  ],
                  "plugins": [
                    "DNS",
                    "ICP"
                  ]
                }
              },
              "connect.ok.ru": {
                "value": {
                  "https://connect.ok.ru/dk?st.cmd=": {
                    "classes.dex.ru.ok.android.sdk.AbstractWidgetActivity": "const-string v1, \"https://connect.ok.ru/dk?st.cmd=\"\n"
                  }
                },
                "meta": {
                  "A": {
                    "199.59.149.203": "US"
                  },
                  "ICP": "ICP record undetected",
                  "ISP": [
                    "Twitter Inc."
                  ],
                  "locations": [
                    "US"
                  ],
                  "plugins": [
                    "DNS",
                    "ICP"
                  ]
                }
              }
            }
          },
          "meta": {
            "url": "N/A",
            "description": "未查到组件信息",
            "version": "N/A"
          }
        }
      },
      "full": {
        "N/A:N/A": {
          "value": {
            "US": {
              "api.ok.ru": {
                "meta": {
                  "A": {
                    "108.160.162.109": "US"
                  },
                  "ICP": "ICP record undetected",
                  "ISP": [
                    "Dropbox, Inc."
                  ],
                  "locations": [
                    "US"
                  ],
                  "plugins": [
                    "DNS",
                    "ICP"
                  ]
                },
                "value": {
                  "https://api.ok.ru/fb.do": {
                    "classes.dex.ru.ok.android.sdk.util.OkRequestUtil$Request": "const-string v1, \"https://api.ok.ru/fb.do\"\n"
                  }
                }
              },
              "connect.ok.ru": {
                "meta": {
                  "A": {
                    "199.59.149.203": "US"
                  },
                  "ICP": "ICP record undetected",
                  "ISP": [
                    "Twitter Inc."
                  ],
                  "locations": [
                    "US"
                  ],
                  "plugins": [
                    "DNS",
                    "ICP"
                  ]
                },
                "value": {
                  "https://connect.ok.ru/dk?st.cmd=": {
                    "classes.dex.ru.ok.android.sdk.AbstractWidgetActivity": "const-string v1, \"https://connect.ok.ru/dk?st.cmd=\"\n"
                  }
                }
              }
            }
          },
          "meta": {
            "url": "N/A",
            "description": "未查到组件信息",
            "version": "N/A"
          }
        }
      }
    },
    "profiler": "https://tosv.byted.org/obj/appscan-obj/aux/misc/393932343939303934323533303337profiler.json",
    "HTTP_API": [],
    "BasicInfo": {
      "AppInfo": {
        "name": "",
        "size": "0.57MB",
        "package": "com.flurry.android.analytics.sdk",
        "versionName": null,
        "versionCode": null,
        "target_sdk": "33",
        "min_sdk": "16",
        "max_sdk": "",
        "sha1": "de6c824d764f79e4169454993846c74c21fdb0b9"
      },
      "SignInfo": {
        "Is signed v1": false,
        "Is signed v2": false,
        "Is signed v3": false,
        "certs": [],
        "pkeys": []
      },
      "ComponentsInfo": {
        "unExportedProviders": [
          "com.flurry.android.agent.FlurryContentProvider"
        ]
      },
      "PermissionInfo": [
        "android.permission.INTERNET"
      ],
      "DeobfApk": ""
    },
    "PermissionUsedDetails": {
      "declaredPermissions": [
        "android.permission.INTERNET"
      ],
      "usedPermissions": {
        "android.permission.INTERNET": {
          "level": "normal|instant",
          "description": "Allows applications to open network sockets",
          "positions": [
            "Default"
          ],
          "details": [
            {
              "caller": "N/A",
              "api": "N/A",
              "url": "N/A"
            }
          ]
        }
      },
      "declaredButNoUsed": {},
      "usedButNotDeclared": {}
    },
    "SDKComplianceList": []
  },
  0
]