[
  {
    "SecurityInfo": {},
    "ComplianceInfo": {
      "Android_ID": {
        "550_api": {
          "complianceCategoryDetail": "Android_ID",
          "deobfApk": "",
          "level": "high",
          "name": "550_api",
          "detail": "Android_ID",
          "complianceCategory": "Android_ID",
          "category": "ComplianceInfo",
          "vulners": [
            {
              "details": {
                "ConstValue": "android_id",
                "position": "<com.kochava.tracker.identifiers.internal.Identifiers: java.lang.String getAndroidId(android.content.Context)>",
                "url": "https://tosv.byted.org/obj/appscan-obj/aux/misc/393933373038363631333632333335550_api.html",
                "target": [
                  "<com.kochava.tracker.identifiers.internal.Identifiers: java.lang.String getAndroidId(android.content.Context)>",
                  "<android.provider.Settings$Secure: java.lang.String getString(android.content.ContentResolver,java.lang.String)>",
                  "android_id"
                ]
              },
              "hash": "4069163d6f532bcd748375671c35c22ac91a210b"
            }
          ]
        }
      }
    },
    "DeepLinkInfo": {},
    "JsBridgeInfo": {},
    "UrlRegion": {
      "filter": {
        "N/A:N/A": {
          "value": {
            "境外": {
              "api.ok.ru": {
                "value": {
                  "https://api.ok.ru/fb.do": {
                    "classes.dex.ru.ok.android.sdk.util.OkRequestUtil$Request": "const-string v1, \"https://api.ok.ru/fb.do\"\n"
                  }
                },
                "meta": {
                  "A": {
                    "108.160.162.109": "US"
                  },
                  "ICP": "ICP record undetected",
                  "ISP": [
                    "Dropbox, Inc."
                  ],
                  "locations": [
                    "US"
                  ],
                  "plugins": [
                    "DNS",
                    "ICP"
                  ]
                }
              },
              "connect.ok.ru": {
                "value": {
                  "https://connect.ok.ru/dk?st.cmd=": {
                    "classes.dex.ru.ok.android.sdk.AbstractWidgetActivity": "const-string v1, \"https://connect.ok.ru/dk?st.cmd=\"\n"
                  }
                },
                "meta": {
                  "A": {
                    "199.59.149.203": "US"
                  },
                  "ICP": "ICP record undetected",
                  "ISP": [
                    "Twitter Inc."
                  ],
                  "locations": [
                    "US"
                  ],
                  "plugins": [
                    "DNS",
                    "ICP"
                  ]
                }
              }
            }
          },
          "meta": {
            "url": "N/A",
            "description": "未查到组件信息",
            "version": "N/A"
          }
        }
      },
      "full": {
        "N/A:N/A": {
          "value": {
            "US": {
              "api.ok.ru": {
                "meta": {
                  "A": {
                    "108.160.162.109": "US"
                  },
                  "ICP": "ICP record undetected",
                  "ISP": [
                    "Dropbox, Inc."
                  ],
                  "locations": [
                    "US"
                  ],
                  "plugins": [
                    "DNS",
                    "ICP"
                  ]
                },
                "value": {
                  "https://api.ok.ru/fb.do": {
                    "classes.dex.ru.ok.android.sdk.util.OkRequestUtil$Request": "const-string v1, \"https://api.ok.ru/fb.do\"\n"
                  }
                }
              },
              "connect.ok.ru": {
                "meta": {
                  "A": {
                    "199.59.149.203": "US"
                  },
                  "ICP": "ICP record undetected",
                  "ISP": [
                    "Twitter Inc."
                  ],
                  "locations": [
                    "US"
                  ],
                  "plugins": [
                    "DNS",
                    "ICP"
                  ]
                },
                "value": {
                  "https://connect.ok.ru/dk?st.cmd=": {
                    "classes.dex.ru.ok.android.sdk.AbstractWidgetActivity": "const-string v1, \"https://connect.ok.ru/dk?st.cmd=\"\n"
                  }
                }
              }
            }
          },
          "meta": {
            "url": "N/A",
            "description": "未查到组件信息",
            "version": "N/A"
          }
        }
      }
    },
    "profiler": "https://tosv.byted.org/obj/appscan-obj/aux/misc/393933373134363838333538313534profiler.json",
    "HTTP_API": [],
    "BasicInfo": {
      "AppInfo": {
        "name": "",
        "size": "0.36MB",
        "package": "com.kochava.tracker",
        "versionName": null,
        "versionCode": null,
        "target_sdk": "33",
        "min_sdk": "16",
        "max_sdk": "",
        "sha1": "4dc4d6060f74bafee81a59cd811f284cb6187b99"
      },
      "SignInfo": {
        "Is signed v1": false,
        "Is signed v2": false,
        "Is signed v3": false,
        "certs": [],
        "pkeys": []
      },
      "ComponentsInfo": {},
      "PermissionInfo": [
        "android.permission.ACCESS_NETWORK_STATE",
        "android.permission.INTERNET"
      ],
      "DeobfApk": ""
    },
    "PermissionUsedDetails": {
      "declaredPermissions": [
        "android.permission.ACCESS_NETWORK_STATE",
        "android.permission.INTERNET"
      ],
      "usedPermissions": {
        "android.permission.INTERNET": {
          "level": "normal|instant",
          "description": "Allows applications to open network sockets",
          "positions": [
            "Default"
          ],
          "details": [
            {
              "caller": "N/A",
              "api": "N/A",
              "url": "N/A"
            }
          ]
        }
      },
      "declaredButNoUsed": {
        "android.permission.ACCESS_NETWORK_STATE": {
          "level": "normal|instant",
          "description": "Allows applications to access information about networks"
        }
      },
      "usedButNotDeclared": {}
    },
    "SDKComplianceList": []
  },
  0
]