[
  {
    "SecurityInfo": {},
    "ComplianceInfo": {},
    "DeepLinkInfo": {},
    "JsBridgeInfo": {},
    "UrlRegion": {
      "filter": {
        "N/A:N/A": {
          "value": {
            "境外": {
              "api.ok.ru": {
                "value": {
                  "https://api.ok.ru/fb.do": {
                    "classes.dex.ru.ok.android.sdk.util.OkRequestUtil$Request": "const-string v1, \"https://api.ok.ru/fb.do\"\n"
                  }
                },
                "meta": {
                  "A": {
                    "108.160.162.109": "US"
                  },
                  "ICP": "ICP record undetected",
                  "ISP": [
                    "Dropbox, Inc."
                  ],
                  "locations": [
                    "US"
                  ],
                  "plugins": [
                    "DNS",
                    "ICP"
                  ]
                }
              },
              "connect.ok.ru": {
                "value": {
                  "https://connect.ok.ru/dk?st.cmd=": {
                    "classes.dex.ru.ok.android.sdk.AbstractWidgetActivity": "const-string v1, \"https://connect.ok.ru/dk?st.cmd=\"\n"
                  }
                },
                "meta": {
                  "A": {
                    "199.59.149.203": "US"
                  },
                  "ICP": "ICP record undetected",
                  "ISP": [
                    "Twitter Inc."
                  ],
                  "locations": [
                    "US"
                  ],
                  "plugins": [
                    "DNS",
                    "ICP"
                  ]
                }
              }
            }
          },
          "meta": {
            "url": "N/A",
            "description": "未查到组件信息",
            "version": "N/A"
          }
        }
      },
      "full": {
        "N/A:N/A": {
          "value": {
            "US": {
              "api.ok.ru": {
                "meta": {
                  "A": {
                    "108.160.162.109": "US"
                  },
                  "ICP": "ICP record undetected",
                  "ISP": [
                    "Dropbox, Inc."
                  ],
                  "locations": [
                    "US"
                  ],
                  "plugins": [
                    "DNS",
                    "ICP"
                  ]
                },
                "value": {
                  "https://api.ok.ru/fb.do": {
                    "classes.dex.ru.ok.android.sdk.util.OkRequestUtil$Request": "const-string v1, \"https://api.ok.ru/fb.do\"\n"
                  }
                }
              },
              "connect.ok.ru": {
                "meta": {
                  "A": {
                    "199.59.149.203": "US"
                  },
                  "ICP": "ICP record undetected",
                  "ISP": [
                    "Twitter Inc."
                  ],
                  "locations": [
                    "US"
                  ],
                  "plugins": [
                    "DNS",
                    "ICP"
                  ]
                },
                "value": {
                  "https://connect.ok.ru/dk?st.cmd=": {
                    "classes.dex.ru.ok.android.sdk.AbstractWidgetActivity": "const-string v1, \"https://connect.ok.ru/dk?st.cmd=\"\n"
                  }
                }
              }
            }
          },
          "meta": {
            "url": "N/A",
            "description": "未查到组件信息",
            "version": "N/A"
          }
        }
      }
    },
    "profiler": "https://tosv.byted.org/obj/appscan-obj/aux/misc/393932353330393330383430373137profiler.json",
    "HTTP_API": [
      {
        "API": "/v1/api/story/delete/mystory",
        "ReqMethod": "UnKnown",
        "EntryMethod": "<com.kakao.sdk.story.StoryApi: retrofit2.Call delete(java.lang.String)>",
        "AnnotType": [
          "Lretrofit2/http/DELETE;"
        ]
      },
      {
        "API": "/v1/api/story/isstoryuser",
        "ReqMethod": "GET",
        "EntryMethod": "<com.kakao.sdk.story.StoryApi: retrofit2.Call isStoryUser()>",
        "AnnotType": [
          "Lretrofit2/http/GET;"
        ]
      },
      {
        "API": "/v1/api/story/linkinfo",
        "ReqMethod": "GET",
        "EntryMethod": "<com.kakao.sdk.story.StoryApi: retrofit2.Call linkInfo(java.lang.String)>",
        "AnnotType": [
          "Lretrofit2/http/GET;"
        ]
      },
      {
        "API": "/v1/api/story/post/link",
        "ReqMethod": "POST",
        "EntryMethod": "<com.kakao.sdk.story.StoryApi: retrofit2.Call postLink(com.kakao.sdk.story.model.LinkInfo,java.lang.String,com.kakao.sdk.story.model.Story$Permission,boolean,java.util.Map,java.util.Map,java.util.Map,java.util.Map)>",
        "AnnotType": [
          "Lretrofit2/http/POST;"
        ]
      },
      {
        "API": "/v1/api/story/post/note",
        "ReqMethod": "POST",
        "EntryMethod": "<com.kakao.sdk.story.StoryApi: retrofit2.Call postNote(java.lang.String,com.kakao.sdk.story.model.Story$Permission,boolean,java.util.Map,java.util.Map,java.util.Map,java.util.Map)>",
        "AnnotType": [
          "Lretrofit2/http/POST;"
        ]
      },
      {
        "API": "/v1/api/story/post/photo",
        "ReqMethod": "POST",
        "EntryMethod": "<com.kakao.sdk.story.StoryApi: retrofit2.Call postPhoto(java.lang.String,java.lang.String,com.kakao.sdk.story.model.Story$Permission,boolean,java.util.Map,java.util.Map,java.util.Map,java.util.Map)>",
        "AnnotType": [
          "Lretrofit2/http/POST;"
        ]
      },
      {
        "API": "/v1/api/story/profile",
        "ReqMethod": "GET",
        "EntryMethod": "<com.kakao.sdk.story.StoryApi: retrofit2.Call profile(java.lang.Boolean)>",
        "AnnotType": [
          "Lretrofit2/http/GET;"
        ]
      },
      {
        "API": "/v1/api/story/mystories",
        "ReqMethod": "GET",
        "EntryMethod": "<com.kakao.sdk.story.StoryApi: retrofit2.Call stories(java.lang.String)>",
        "AnnotType": [
          "Lretrofit2/http/GET;"
        ]
      },
      {
        "API": "/v1/api/story/mystory",
        "ReqMethod": "GET",
        "EntryMethod": "<com.kakao.sdk.story.StoryApi: retrofit2.Call story(java.lang.String)>",
        "AnnotType": [
          "Lretrofit2/http/GET;"
        ]
      },
      {
        "API": "/v1/api/story/upload/multi",
        "ReqMethod": "POST",
        "EntryMethod": "<com.kakao.sdk.story.StoryApi: retrofit2.Call upload(java.util.List)>",
        "AnnotType": [
          "Lretrofit2/http/POST;"
        ]
      }
    ],
    "BasicInfo": {
      "AppInfo": {
        "name": "",
        "size": "0.09MB",
        "package": "com.kakao.sdk.v2.story",
        "versionName": null,
        "versionCode": null,
        "target_sdk": "33",
        "min_sdk": "21",
        "max_sdk": "",
        "sha1": "17df11dfe651adcc55454100d01dbfeb417ed689"
      },
      "SignInfo": {
        "Is signed v1": false,
        "Is signed v2": false,
        "Is signed v3": false,
        "certs": [],
        "pkeys": []
      },
      "ComponentsInfo": {},
      "PermissionInfo": [],
      "DeobfApk": ""
    },
    "PermissionUsedDetails": {
      "declaredPermissions": [],
      "usedPermissions": {},
      "declaredButNoUsed": {},
      "usedButNotDeclared": {}
    },
    "SDKComplianceList": []
  },
  0
]