[
  {
    "SecurityInfo": {},
    "ComplianceInfo": {
      "applist": {
        "374_api": {
          "complianceCategoryDetail": "applist",
          "deobfApk": "",
          "level": "low",
          "name": "374_api",
          "detail": "可获取所有能够启动给定Intent的activity",
          "complianceCategory": "applist",
          "category": "ComplianceInfo",
          "vulners": [
            {
              "details": {
                "url": "https://tosv.byted.org/obj/appscan-obj/aux/misc/393932353437313538363533313436374_api.html",
                "position": "<com.tappx.a.g1: boolean a(android.content.Context,android.content.Intent)>",
                "target": [
                  "<com.tappx.a.g1: boolean a(android.content.Context,android.content.Intent)>",
                  "$r3 = virtualinvoke $r2.<android.content.pm.PackageManager: java.util.List queryIntentActivities(android.content.Intent,int)>($r0, 0)"
                ]
              },
              "hash": "c8458ec2806a45df5817275dc86a37aa265fd076"
            }
          ]
        }
      },
      "location": {
        "575_api": {
          "complianceCategoryDetail": "location",
          "deobfApk": "",
          "level": "high",
          "name": "575_api",
          "detail": "纬度",
          "complianceCategory": "location",
          "category": "ComplianceInfo",
          "vulners": [
            {
              "details": {
                "url": "https://tosv.byted.org/obj/appscan-obj/aux/misc/393932353438333135373031323735575_api.html",
                "position": "<com.tappx.a.q3$b: com.tappx.a.q3$a a()>",
                "target": [
                  "<com.tappx.a.q3$b: com.tappx.a.q3$a a()>",
                  "$d0 = virtualinvoke $r2.<android.location.Location: double getLatitude()>()"
                ]
              },
              "hash": "21f03afda772e22491e2675016857373ee91097c"
            }
          ]
        },
        "576_api": {
          "complianceCategoryDetail": "location",
          "deobfApk": "",
          "level": "high",
          "name": "576_api",
          "detail": "经度",
          "complianceCategory": "location",
          "category": "ComplianceInfo",
          "vulners": [
            {
              "details": {
                "url": "https://tosv.byted.org/obj/appscan-obj/aux/misc/393932353438363531373334373038576_api.html",
                "position": "<com.tappx.a.q3$b: com.tappx.a.q3$a a()>",
                "target": [
                  "<com.tappx.a.q3$b: com.tappx.a.q3$a a()>",
                  "$d1 = virtualinvoke $r2.<android.location.Location: double getLongitude()>()"
                ]
              },
              "hash": "25fa632696f336566e10d414db02001bd81c01a4"
            }
          ]
        },
        "280_api": {
          "complianceCategoryDetail": "location",
          "deobfApk": "",
          "level": "high",
          "name": "280_api",
          "detail": "位置信息",
          "complianceCategory": "location",
          "category": "ComplianceInfo",
          "vulners": [
            {
              "details": {
                "url": "https://tosv.byted.org/obj/appscan-obj/aux/misc/393932353436303037323137383433280_api.html",
                "position": "<com.tappx.a.q3$b: android.location.Location a(java.lang.String)>",
                "target": [
                  "<com.tappx.a.q3$b: android.location.Location a(java.lang.String)>",
                  "$r5 = virtualinvoke $r4.<android.location.LocationManager: android.location.Location getLastKnownLocation(java.lang.String)>($r1)"
                ]
              },
              "hash": "94195f6d7a525d54b1d548abb6bbafacb524aeec"
            }
          ]
        }
      }
    },
    "DeepLinkInfo": {},
    "JsBridgeInfo": {},
    "UrlRegion": {
      "filter": {
        "N/A:N/A": {
          "value": {
            "境外": {
              "api.ok.ru": {
                "value": {
                  "https://api.ok.ru/fb.do": {
                    "classes.dex.ru.ok.android.sdk.util.OkRequestUtil$Request": "const-string v1, \"https://api.ok.ru/fb.do\"\n"
                  }
                },
                "meta": {
                  "A": {
                    "108.160.162.109": "US"
                  },
                  "ICP": "ICP record undetected",
                  "ISP": [
                    "Dropbox, Inc."
                  ],
                  "locations": [
                    "US"
                  ],
                  "plugins": [
                    "DNS",
                    "ICP"
                  ]
                }
              },
              "connect.ok.ru": {
                "value": {
                  "https://connect.ok.ru/dk?st.cmd=": {
                    "classes.dex.ru.ok.android.sdk.AbstractWidgetActivity": "const-string v1, \"https://connect.ok.ru/dk?st.cmd=\"\n"
                  }
                },
                "meta": {
                  "A": {
                    "199.59.149.203": "US"
                  },
                  "ICP": "ICP record undetected",
                  "ISP": [
                    "Twitter Inc."
                  ],
                  "locations": [
                    "US"
                  ],
                  "plugins": [
                    "DNS",
                    "ICP"
                  ]
                }
              }
            }
          },
          "meta": {
            "url": "N/A",
            "description": "未查到组件信息",
            "version": "N/A"
          }
        }
      },
      "full": {
        "N/A:N/A": {
          "value": {
            "US": {
              "api.ok.ru": {
                "meta": {
                  "A": {
                    "108.160.162.109": "US"
                  },
                  "ICP": "ICP record undetected",
                  "ISP": [
                    "Dropbox, Inc."
                  ],
                  "locations": [
                    "US"
                  ],
                  "plugins": [
                    "DNS",
                    "ICP"
                  ]
                },
                "value": {
                  "https://api.ok.ru/fb.do": {
                    "classes.dex.ru.ok.android.sdk.util.OkRequestUtil$Request": "const-string v1, \"https://api.ok.ru/fb.do\"\n"
                  }
                }
              },
              "connect.ok.ru": {
                "meta": {
                  "A": {
                    "199.59.149.203": "US"
                  },
                  "ICP": "ICP record undetected",
                  "ISP": [
                    "Twitter Inc."
                  ],
                  "locations": [
                    "US"
                  ],
                  "plugins": [
                    "DNS",
                    "ICP"
                  ]
                },
                "value": {
                  "https://connect.ok.ru/dk?st.cmd=": {
                    "classes.dex.ru.ok.android.sdk.AbstractWidgetActivity": "const-string v1, \"https://connect.ok.ru/dk?st.cmd=\"\n"
                  }
                }
              }
            }
          },
          "meta": {
            "url": "N/A",
            "description": "未查到组件信息",
            "version": "N/A"
          }
        }
      }
    },
    "profiler": "https://tosv.byted.org/obj/appscan-obj/aux/misc/393932353530353532333333333339profiler.json",
    "HTTP_API": [],
    "BasicInfo": {
      "AppInfo": {
        "name": "",
        "size": "0.9MB",
        "package": "com.tappx.sdk.android",
        "versionName": null,
        "versionCode": null,
        "target_sdk": "29",
        "min_sdk": "19",
        "max_sdk": "",
        "sha1": "80ca46645e41d008a281b1432ae7894c8dd26239"
      },
      "SignInfo": {
        "Is signed v1": false,
        "Is signed v2": false,
        "Is signed v3": false,
        "certs": [],
        "pkeys": []
      },
      "ComponentsInfo": {
        "exportedReceivers": [
          "com.tappx.a.w3$j"
        ],
        "unExportedActivities": [
          "com.tappx.sdk.android.InterstitialAdActivity",
          "com.tappx.sdk.android.AdActivity",
          "com.tappx.sdk.android.VideoAdActivity",
          "com.tappx.sdk.android.PrivacyConsentActivity",
          "com.tappx.sdk.android.RewardedVideoActivity"
        ],
        "exportedServices": [
          "com.tappx.sdk.android.InstallReferrerService"
        ]
      },
      "PermissionInfo": [
        "android.permission.ACCESS_NETWORK_STATE",
        "com.google.android.gms.permission.AD_ID",
        "android.permission.INTERNET"
      ],
      "DeobfApk": ""
    },
    "PermissionUsedDetails": {
      "declaredPermissions": [
        "android.permission.ACCESS_NETWORK_STATE",
        "com.google.android.gms.permission.AD_ID",
        "android.permission.INTERNET"
      ],
      "usedPermissions": {
        "android.permission.INTERNET": {
          "level": "normal|instant",
          "description": "Allows applications to open network sockets",
          "positions": [
            "Default"
          ],
          "details": [
            {
              "caller": "N/A",
              "api": "N/A",
              "url": "N/A"
            }
          ]
        }
      },
      "declaredButNoUsed": {
        "android.permission.ACCESS_NETWORK_STATE": {
          "level": "normal|instant",
          "description": "Allows applications to access information about networks"
        },
        "com.google.android.gms.permission.AD_ID": null
      },
      "usedButNotDeclared": {}
    },
    "SDKComplianceList": []
  },
  0
]