[
  {
    "SecurityInfo": {},
    "ComplianceInfo": {
      "SSIDBSSID": {
        "239_api": {
          "complianceCategoryDetail": "SSIDBSSID",
          "deobfApk": "",
          "level": "high",
          "name": "239_api",
          "detail": "SSID、BSSID",
          "complianceCategory": "SSIDBSSID",
          "category": "ComplianceInfo",
          "vulners": [
            {
              "details": {
                "url": "https://tosv.byted.org/obj/appscan-obj/aux/misc/393931353232373737353137333333239_api.html",
                "position": "<com.ironsource.adqualitysdk.sdk.i.jv: void ﻐ(android.content.Context,org.json.JSONObject)>",
                "target": [
                  "<com.ironsource.adqualitysdk.sdk.i.jv: void ﻐ(android.content.Context,org.json.JSONObject)>",
                  "$r6 = virtualinvoke $r5.<android.net.wifi.WifiManager: android.net.wifi.WifiInfo getConnectionInfo()>()"
                ]
              },
              "hash": "904229944c72e2056c7b9062ca140fafd84b4f08"
            }
          ]
        }
      },
      "location": {
        "357_api": {
          "complianceCategoryDetail": "location",
          "deobfApk": "",
          "level": "low",
          "name": "357_api",
          "detail": "提示用户webview正在申请获取地理位置",
          "complianceCategory": "location",
          "category": "ComplianceInfo",
          "vulners": [
            {
              "details": {
                "url": "https://tosv.byted.org/obj/appscan-obj/aux/misc/393931353234343932363730323234357_api.html",
                "position": "<com.ironsource.adqualitysdk.sdk.i.gy: void onGeolocationPermissionsShowPrompt(java.lang.String,android.webkit.GeolocationPermissions$Callback)>",
                "target": [
                  "<com.ironsource.adqualitysdk.sdk.i.gy: void onGeolocationPermissionsShowPrompt(java.lang.String,android.webkit.GeolocationPermissions$Callback)>",
                  "virtualinvoke $r3_4.<android.webkit.WebChromeClient: void onGeolocationPermissionsShowPrompt(java.lang.String,android.webkit.GeolocationPermissions$Callback)>($r1, $r2)"
                ]
              },
              "hash": "d44a4758cbbccef4adb06c9f20762bc78c3ad74d"
            }
          ]
        },
        "575_api": {
          "complianceCategoryDetail": "location",
          "deobfApk": "",
          "level": "high",
          "name": "575_api",
          "detail": "纬度",
          "complianceCategory": "location",
          "category": "ComplianceInfo",
          "vulners": [
            {
              "details": {
                "url": "https://tosv.byted.org/obj/appscan-obj/aux/misc/393931353235393338353930373631575_api.html",
                "position": "<com.ironsource.adqualitysdk.sdk.i.jv: java.lang.String ｋ(android.content.Context,android.location.Location)>",
                "target": [
                  "<com.ironsource.adqualitysdk.sdk.i.jv: java.lang.String ｋ(android.content.Context,android.location.Location)>",
                  "$d0 = virtualinvoke $r1.<android.location.Location: double getLatitude()>()"
                ]
              },
              "hash": "3d45bcc913bb6950b02f6d003b2228be03600c5c"
            },
            {
              "details": {
                "url": "https://tosv.byted.org/obj/appscan-obj/aux/misc/393931353236303636373936323639575_api.html",
                "position": "<com.ironsource.adqualitysdk.sdk.i.jv: java.lang.String ﾇ(android.location.Location)>",
                "target": [
                  "<com.ironsource.adqualitysdk.sdk.i.jv: java.lang.String ﾇ(android.location.Location)>",
                  "$d0 = virtualinvoke $r0.<android.location.Location: double getLatitude()>()"
                ]
              },
              "hash": "91762a37b6a307f48c60ee689015404add32c589"
            }
          ]
        },
        "221_api": {
          "complianceCategoryDetail": "location",
          "deobfApk": "",
          "level": "high",
          "name": "221_api",
          "detail": "位置信息",
          "complianceCategory": "location",
          "category": "ComplianceInfo",
          "vulners": [
            {
              "details": {
                "url": "https://tosv.byted.org/obj/appscan-obj/aux/misc/393931353232313330373036313835221_api.html",
                "position": "<com.ironsource.adqualitysdk.sdk.i.jv: void ﻛ(android.content.Context,org.json.JSONObject,boolean)>",
                "target": [
                  "<com.ironsource.adqualitysdk.sdk.i.jv: void ﻛ(android.content.Context,org.json.JSONObject,boolean)>",
                  "$r10 = virtualinvoke $r5.<android.telephony.TelephonyManager: android.telephony.CellLocation getCellLocation()>()"
                ]
              },
              "hash": "6b77b00e226a9587605b4774ebf400254ab97ccf"
            }
          ]
        },
        "576_api": {
          "complianceCategoryDetail": "location",
          "deobfApk": "",
          "level": "high",
          "name": "576_api",
          "detail": "经度",
          "complianceCategory": "location",
          "category": "ComplianceInfo",
          "vulners": [
            {
              "details": {
                "url": "https://tosv.byted.org/obj/appscan-obj/aux/misc/393931353236323039393738363936576_api.html",
                "position": "<com.ironsource.adqualitysdk.sdk.i.jv: java.lang.String ｋ(android.content.Context,android.location.Location)>",
                "target": [
                  "<com.ironsource.adqualitysdk.sdk.i.jv: java.lang.String ｋ(android.content.Context,android.location.Location)>",
                  "$d1 = virtualinvoke $r1.<android.location.Location: double getLongitude()>()"
                ]
              },
              "hash": "e89c5ddb79325e4d612c1c97c90fef3ba8e147ce"
            },
            {
              "details": {
                "url": "https://tosv.byted.org/obj/appscan-obj/aux/misc/393931353236333237313532313030576_api.html",
                "position": "<com.ironsource.adqualitysdk.sdk.i.jv: java.lang.String ﾇ(android.location.Location)>",
                "target": [
                  "<com.ironsource.adqualitysdk.sdk.i.jv: java.lang.String ﾇ(android.location.Location)>",
                  "$d0_1 = virtualinvoke $r0.<android.location.Location: double getLongitude()>()"
                ]
              },
              "hash": "6892747061ff94c4c0a19aaf66af48e8b30dff47"
            }
          ]
        },
        "577_api": {
          "complianceCategoryDetail": "location",
          "deobfApk": "",
          "level": "high",
          "name": "577_api",
          "detail": "基站ID",
          "complianceCategory": "location",
          "category": "ComplianceInfo",
          "vulners": [
            {
              "details": {
                "url": "https://tosv.byted.org/obj/appscan-obj/aux/misc/393931353236343636353533303835577_api.html",
                "position": "<com.ironsource.adqualitysdk.sdk.i.jv: java.lang.String ﾇ(android.location.Location)>",
                "target": [
                  "<com.ironsource.adqualitysdk.sdk.i.jv: java.lang.String ﾇ(android.location.Location)>",
                  "$d0_2 = virtualinvoke $r0.<android.location.Location: double getAltitude()>()"
                ]
              },
              "hash": "635d5f7fdfb40bf27e65865130f03fa78b89dbf7"
            }
          ]
        },
        "280_api": {
          "complianceCategoryDetail": "location",
          "deobfApk": "",
          "level": "high",
          "name": "280_api",
          "detail": "位置信息",
          "complianceCategory": "location",
          "category": "ComplianceInfo",
          "vulners": [
            {
              "details": {
                "url": "https://tosv.byted.org/obj/appscan-obj/aux/misc/393931353233333234303734353131280_api.html",
                "position": "<com.ironsource.adqualitysdk.sdk.i.jv: void ｋ(android.content.Context,org.json.JSONObject)>",
                "target": [
                  "<com.ironsource.adqualitysdk.sdk.i.jv: void ｋ(android.content.Context,org.json.JSONObject)>",
                  "$r5 = virtualinvoke $r4.<android.location.LocationManager: android.location.Location getLastKnownLocation(java.lang.String)>($r2_6)"
                ]
              },
              "hash": "334e440ffa1e35b6a74c3755fcc9a93921403b5e"
            },
            {
              "details": {
                "url": "https://tosv.byted.org/obj/appscan-obj/aux/misc/393931353233353434373331373534280_api.html",
                "position": "<com.ironsource.adqualitysdk.sdk.i.jv: android.location.Location ﻐ(android.content.Context)>",
                "target": [
                  "<com.ironsource.adqualitysdk.sdk.i.jv: android.location.Location ﻐ(android.content.Context)>",
                  "$r7 = virtualinvoke $r3_2.<android.location.LocationManager: android.location.Location getLastKnownLocation(java.lang.String)>($r1_6)"
                ]
              },
              "hash": "08375b2cecb40d6c2720b38f7b10959b50b7d5d0"
            }
          ]
        }
      }
    },
    "DeepLinkInfo": {},
    "JsBridgeInfo": {},
    "UrlRegion": {
      "filter": {
        "N/A:N/A": {
          "value": {
            "境外": {
              "api.ok.ru": {
                "value": {
                  "https://api.ok.ru/fb.do": {
                    "classes.dex.ru.ok.android.sdk.util.OkRequestUtil$Request": "const-string v1, \"https://api.ok.ru/fb.do\"\n"
                  }
                },
                "meta": {
                  "A": {
                    "108.160.162.109": "US"
                  },
                  "ICP": "ICP record undetected",
                  "ISP": [
                    "Dropbox, Inc."
                  ],
                  "locations": [
                    "US"
                  ],
                  "plugins": [
                    "DNS",
                    "ICP"
                  ]
                }
              },
              "connect.ok.ru": {
                "value": {
                  "https://connect.ok.ru/dk?st.cmd=": {
                    "classes.dex.ru.ok.android.sdk.AbstractWidgetActivity": "const-string v1, \"https://connect.ok.ru/dk?st.cmd=\"\n"
                  }
                },
                "meta": {
                  "A": {
                    "199.59.149.203": "US"
                  },
                  "ICP": "ICP record undetected",
                  "ISP": [
                    "Twitter Inc."
                  ],
                  "locations": [
                    "US"
                  ],
                  "plugins": [
                    "DNS",
                    "ICP"
                  ]
                }
              }
            }
          },
          "meta": {
            "url": "N/A",
            "description": "未查到组件信息",
            "version": "N/A"
          }
        }
      },
      "full": {
        "N/A:N/A": {
          "value": {
            "US": {
              "api.ok.ru": {
                "meta": {
                  "A": {
                    "108.160.162.109": "US"
                  },
                  "ICP": "ICP record undetected",
                  "ISP": [
                    "Dropbox, Inc."
                  ],
                  "locations": [
                    "US"
                  ],
                  "plugins": [
                    "DNS",
                    "ICP"
                  ]
                },
                "value": {
                  "https://api.ok.ru/fb.do": {
                    "classes.dex.ru.ok.android.sdk.util.OkRequestUtil$Request": "const-string v1, \"https://api.ok.ru/fb.do\"\n"
                  }
                }
              },
              "connect.ok.ru": {
                "meta": {
                  "A": {
                    "199.59.149.203": "US"
                  },
                  "ICP": "ICP record undetected",
                  "ISP": [
                    "Twitter Inc."
                  ],
                  "locations": [
                    "US"
                  ],
                  "plugins": [
                    "DNS",
                    "ICP"
                  ]
                },
                "value": {
                  "https://connect.ok.ru/dk?st.cmd=": {
                    "classes.dex.ru.ok.android.sdk.AbstractWidgetActivity": "const-string v1, \"https://connect.ok.ru/dk?st.cmd=\"\n"
                  }
                }
              }
            }
          },
          "meta": {
            "url": "N/A",
            "description": "未查到组件信息",
            "version": "N/A"
          }
        }
      }
    },
    "profiler": "https://tosv.byted.org/obj/appscan-obj/aux/misc/393931353337383237353932303132profiler.json",
    "HTTP_API": [],
    "BasicInfo": {
      "AppInfo": {
        "name": "",
        "size": "2.19MB",
        "package": "com.ironsource.adqualitysdk.sdk",
        "versionName": "7.9.0",
        "versionCode": "70900",
        "target_sdk": "30",
        "min_sdk": "14",
        "max_sdk": "",
        "sha1": "668bddbd30ca48c589d9caa21353d88ac311aa4d"
      },
      "SignInfo": {
        "Is signed v1": false,
        "Is signed v2": false,
        "Is signed v3": false,
        "certs": [],
        "pkeys": []
      },
      "ComponentsInfo": {
        "exportedReceivers": [
          "com.ironsource.adqualitysdk.sdk.i.ip",
          "com.ironsource.adqualitysdk.sdk.i.t$2"
        ]
      },
      "PermissionInfo": [
        "android.permission.ACCESS_NETWORK_STATE",
        "android.permission.INTERNET"
      ],
      "DeobfApk": ""
    },
    "PermissionUsedDetails": {
      "declaredPermissions": [
        "android.permission.ACCESS_NETWORK_STATE",
        "android.permission.INTERNET"
      ],
      "usedPermissions": {
        "android.permission.INTERNET": {
          "level": "normal|instant",
          "description": "Allows applications to open network sockets",
          "positions": [
            "Default"
          ],
          "details": [
            {
              "caller": "N/A",
              "api": "N/A",
              "url": "N/A"
            }
          ]
        }
      },
      "declaredButNoUsed": {
        "android.permission.ACCESS_NETWORK_STATE": {
          "level": "normal|instant",
          "description": "Allows applications to access information about networks"
        }
      },
      "usedButNotDeclared": {}
    },
    "SDKComplianceList": []
  },
  0
]