[
  {
    "SecurityInfo": {},
    "ComplianceInfo": {},
    "DeepLinkInfo": {
      "SmartRouterParameterList": [
        "INTERCEPT_ID",
        "CREATIVE",
        "SURVEY_ID",
        "creative",
        "url",
        "creativeID",
        "actionSetID",
        "CREATIVE_ID",
        "interceptID",
        "autoCloseAtEndOfSurvey",
        "BASE_URL",
        "targetURL",
        "ACTION_SET_ID",
        "layoutFlags"
      ]
    },
    "JsBridgeInfo": {},
    "UrlRegion": {
      "filter": {
        "N/A:N/A": {
          "value": {
            "境外": {
              "api.ok.ru": {
                "value": {
                  "https://api.ok.ru/fb.do": {
                    "classes.dex.ru.ok.android.sdk.util.OkRequestUtil$Request": "const-string v1, \"https://api.ok.ru/fb.do\"\n"
                  }
                },
                "meta": {
                  "A": {
                    "108.160.162.109": "US"
                  },
                  "ICP": "ICP record undetected",
                  "ISP": [
                    "Dropbox, Inc."
                  ],
                  "locations": [
                    "US"
                  ],
                  "plugins": [
                    "DNS",
                    "ICP"
                  ]
                }
              },
              "connect.ok.ru": {
                "value": {
                  "https://connect.ok.ru/dk?st.cmd=": {
                    "classes.dex.ru.ok.android.sdk.AbstractWidgetActivity": "const-string v1, \"https://connect.ok.ru/dk?st.cmd=\"\n"
                  }
                },
                "meta": {
                  "A": {
                    "199.59.149.203": "US"
                  },
                  "ICP": "ICP record undetected",
                  "ISP": [
                    "Twitter Inc."
                  ],
                  "locations": [
                    "US"
                  ],
                  "plugins": [
                    "DNS",
                    "ICP"
                  ]
                }
              }
            }
          },
          "meta": {
            "url": "N/A",
            "description": "未查到组件信息",
            "version": "N/A"
          }
        }
      },
      "full": {
        "N/A:N/A": {
          "value": {
            "US": {
              "api.ok.ru": {
                "meta": {
                  "A": {
                    "108.160.162.109": "US"
                  },
                  "ICP": "ICP record undetected",
                  "ISP": [
                    "Dropbox, Inc."
                  ],
                  "locations": [
                    "US"
                  ],
                  "plugins": [
                    "DNS",
                    "ICP"
                  ]
                },
                "value": {
                  "https://api.ok.ru/fb.do": {
                    "classes.dex.ru.ok.android.sdk.util.OkRequestUtil$Request": "const-string v1, \"https://api.ok.ru/fb.do\"\n"
                  }
                }
              },
              "connect.ok.ru": {
                "meta": {
                  "A": {
                    "199.59.149.203": "US"
                  },
                  "ICP": "ICP record undetected",
                  "ISP": [
                    "Twitter Inc."
                  ],
                  "locations": [
                    "US"
                  ],
                  "plugins": [
                    "DNS",
                    "ICP"
                  ]
                },
                "value": {
                  "https://connect.ok.ru/dk?st.cmd=": {
                    "classes.dex.ru.ok.android.sdk.AbstractWidgetActivity": "const-string v1, \"https://connect.ok.ru/dk?st.cmd=\"\n"
                  }
                }
              }
            }
          },
          "meta": {
            "url": "N/A",
            "description": "未查到组件信息",
            "version": "N/A"
          }
        }
      }
    },
    "profiler": "https://tosv.byted.org/obj/appscan-obj/aux/misc/393932363233313231343537303236profiler.json",
    "HTTP_API": [
      {
        "API": "/rum/global",
        "ReqMethod": "POST",
        "EntryMethod": "<com.qualtrics.digital.ILatencyReportingService: retrofit2.Call recordLatency(com.qualtrics.digital.LatencyReportBody)>",
        "AnnotType": [
          "Lretrofit2/http/POST;"
        ]
      },
      {
        "API": "WRSiteInterceptEngine/AssetVersions.php",
        "ReqMethod": "GET",
        "EntryMethod": "<com.qualtrics.digital.ISiteInterceptService: retrofit2.Call getAssetVersions(java.lang.String,java.lang.String,java.lang.String,java.lang.String,java.lang.String)>",
        "AnnotType": [
          "Lretrofit2/http/GET;"
        ]
      },
      {
        "API": "WRSiteInterceptEngine/Asset.php",
        "ReqMethod": "GET",
        "EntryMethod": "<com.qualtrics.digital.ISiteInterceptService: retrofit2.Call getCreativeDefinition(java.lang.String,int,java.lang.String,java.lang.String,java.lang.String,java.lang.String,java.lang.String)>",
        "AnnotType": [
          "Lretrofit2/http/GET;"
        ]
      },
      {
        "API": "WRSiteInterceptEngine/Asset.php",
        "ReqMethod": "GET",
        "EntryMethod": "<com.qualtrics.digital.ISiteInterceptService: retrofit2.Call getInterceptDefinition(java.lang.String,int,boolean,java.lang.String,java.lang.String,java.lang.String,java.lang.String)>",
        "AnnotType": [
          "Lretrofit2/http/GET;"
        ]
      },
      {
        "API": "WRSiteInterceptEngine/MobileTargeting",
        "ReqMethod": "POST",
        "EntryMethod": "<com.qualtrics.digital.ISiteInterceptService: retrofit2.Call getMobileTargeting(java.lang.String,java.lang.String,java.lang.String,java.lang.String,java.lang.String,java.lang.String,java.lang.String)>",
        "AnnotType": [
          "Lretrofit2/http/POST;"
        ]
      },
      {
        "API": "WRSiteInterceptEngine/",
        "ReqMethod": "POST",
        "EntryMethod": "<com.qualtrics.digital.ISiteInterceptService: retrofit2.Call interceptRecordPageView(int,java.lang.String,java.lang.String,java.lang.String,java.lang.String,java.lang.String,java.lang.String,java.lang.String,java.lang.String,java.lang.String,java.lang.String,java.lang.String)>",
        "AnnotType": [
          "Lretrofit2/http/POST;"
        ]
      },
      {
        "API": "WRSiteInterceptEngine/Ajax.php",
        "ReqMethod": "POST",
        "EntryMethod": "<com.qualtrics.digital.ISiteInterceptService: retrofit2.Call postErrorLog(java.lang.String,java.lang.String,java.lang.String,java.lang.String,java.lang.String,java.lang.String,java.lang.String)>",
        "AnnotType": [
          "Lretrofit2/http/POST;"
        ]
      },
      {
        "API": "WRSiteInterceptEngine/",
        "ReqMethod": "POST",
        "EntryMethod": "<com.qualtrics.digital.ISiteInterceptService: retrofit2.Call recordClick(int,java.lang.String,java.lang.String,java.lang.String,java.lang.String,java.lang.String,java.lang.String,java.lang.String,java.lang.String,java.lang.String,java.lang.String,java.lang.String)>",
        "AnnotType": [
          "Lretrofit2/http/POST;"
        ]
      },
      {
        "API": "WRSiteInterceptEngine/",
        "ReqMethod": "POST",
        "EntryMethod": "<com.qualtrics.digital.ISiteInterceptService: retrofit2.Call recordImpression(int,java.lang.String,java.lang.String,java.lang.String,java.lang.String,java.lang.String,java.lang.String,java.lang.String,java.lang.String,java.lang.String,java.lang.String,java.lang.String,java.lang.String,java.lang.String,java.lang.String,java.lang.String,java.lang.String,java.lang.String)>",
        "AnnotType": [
          "Lretrofit2/http/POST;"
        ]
      },
      {
        "API": "WRSiteInterceptEngine/MobileXmdDcfEval",
        "ReqMethod": "POST",
        "EntryMethod": "<com.qualtrics.digital.ISiteInterceptService: retrofit2.Call requestXMDContactFrequency(java.lang.String,java.lang.String,java.lang.String,java.lang.String,java.lang.String,java.lang.String,java.lang.String)>",
        "AnnotType": [
          "Lretrofit2/http/POST;"
        ]
      },
      {
        "API": "WRSiteInterceptEngine/",
        "ReqMethod": "POST",
        "EntryMethod": "<com.qualtrics.digital.ISiteInterceptService: retrofit2.Call zoneRecordPageView(int,java.lang.String,java.lang.String,java.lang.String,java.lang.String,java.lang.String,java.lang.String,java.lang.String,java.lang.String,java.lang.String)>",
        "AnnotType": [
          "Lretrofit2/http/POST;"
        ]
      }
    ],
    "BasicInfo": {
      "AppInfo": {
        "name": "",
        "size": "0.52MB",
        "package": "com.qualtrics",
        "versionName": "2.9.3",
        "versionCode": "1",
        "target_sdk": "30",
        "min_sdk": "21",
        "max_sdk": "",
        "sha1": "92a8c37e051e29887acea7b15d1879cece38db76"
      },
      "SignInfo": {
        "Is signed v1": false,
        "Is signed v2": false,
        "Is signed v3": false,
        "certs": [],
        "pkeys": []
      },
      "ComponentsInfo": {
        "unExportedActivities": [
          "com.qualtrics.digital.QualtricsEmbeddedFeedbackActivity",
          "com.qualtrics.digital.QualtricsSurveyActivity"
        ],
        "unExportedReceivers": [
          "com.qualtrics.digital.QualtricsNotificationManager"
        ]
      },
      "PermissionInfo": [
        "android.permission.INTERNET",
        "android.permission.READ_EXTERNAL_STORAGE"
      ],
      "DeobfApk": ""
    },
    "PermissionUsedDetails": {
      "declaredPermissions": [
        "android.permission.INTERNET",
        "android.permission.READ_EXTERNAL_STORAGE"
      ],
      "usedPermissions": {
        "android.permission.READ_EXTERNAL_STORAGE": {
          "level": "dangerous",
          "description": "Allows an application to read from external storage.Any app that declares the WRITE_EXTERNAL_STORAGE permission is implicitly granted this permission. This permission is enforced starting in API level 19. Before API level 19, this permission is not enforced and all apps still have access to read from external storage. You can test your app with the permission enforced by enabling Protect USB storage under Developer options in the Settings app on a device running Android 4.1 or higher. Also starting in API level 19, this permission is not required to read/write files in your application-specific directories returned by android.content.Context#getExternalFilesDir and android.content.Context#getExternalCacheDir. Note: If both your minSdkVersion and targetSdkVersion values are set to 3 or lower, the system implicitly grants your app this permission. If you don't need this permission, be sure your targetSdkVersion is 4 or higher",
          "positions": [
            "Default"
          ],
          "details": [
            {
              "caller": "N/A",
              "api": "N/A",
              "url": "N/A"
            }
          ]
        },
        "android.permission.INTERNET": {
          "level": "normal|instant",
          "description": "Allows applications to open network sockets",
          "positions": [
            "Default"
          ],
          "details": [
            {
              "caller": "N/A",
              "api": "N/A",
              "url": "N/A"
            }
          ]
        }
      },
      "declaredButNoUsed": {},
      "usedButNotDeclared": {}
    },
    "SDKComplianceList": []
  },
  0
]