[
  {
    "SecurityInfo": {},
    "ComplianceInfo": {
      "carrier info": {
        "299_api": {
          "complianceCategoryDetail": "carrier info",
          "deobfApk": "",
          "level": "low",
          "name": "299_api",
          "detail": "获取移动网络类型，比如GSM、CDMA、LTE等。可能会被照明弹记录。",
          "complianceCategory": "carrier info",
          "category": "ComplianceInfo",
          "vulners": [
            {
              "details": {
                "url": "https://tosv.byted.org/obj/appscan-obj/aux/misc/393932313333353937303731353638299_api.html",
                "position": "<com.razorpay.BaseUtils: java.lang.String getCellularNetworkType(android.content.Context)>",
                "target": [
                  "<com.razorpay.BaseUtils: java.lang.String getCellularNetworkType(android.content.Context)>",
                  "$i0_1 = virtualinvoke $r2.<android.telephony.TelephonyManager: int getNetworkType()>()"
                ]
              },
              "hash": "095226abf174b79867c08cf22ed781fab12106c3"
            }
          ]
        }
      },
      "Android_ID": {
        "550_api": {
          "complianceCategoryDetail": "Android_ID",
          "deobfApk": "",
          "level": "high",
          "name": "550_api",
          "detail": "Android_ID",
          "complianceCategory": "Android_ID",
          "category": "ComplianceInfo",
          "vulners": [
            {
              "details": {
                "ConstValue": "android_id",
                "position": "<com.razorpay.BaseUtils: java.lang.String getAndroidId(android.content.Context)>",
                "url": "https://tosv.byted.org/obj/appscan-obj/aux/misc/393932313335333232303630323539550_api.html",
                "target": [
                  "<com.razorpay.BaseUtils: java.lang.String getAndroidId(android.content.Context)>",
                  "<android.provider.Settings$Secure: java.lang.String getString(android.content.ContentResolver,java.lang.String)>",
                  "android_id"
                ]
              },
              "hash": "f597b3dba5168b1ca9be33567d4f90862eea9bbf"
            }
          ]
        }
      },
      "GAID": {
        "515_api": {
          "complianceCategoryDetail": "GAID",
          "deobfApk": "",
          "level": "high",
          "name": "515_api",
          "detail": "GAID",
          "complianceCategory": "GAID",
          "category": "ComplianceInfo",
          "vulners": [
            {
              "details": {
                "position": "<com.razorpay.a_$P$: java.lang.String a()>",
                "url": "https://tosv.byted.org/obj/appscan-obj/aux/misc/393932313339323734303437303233515_api.html",
                "target": [
                  "<com.razorpay.a_$P$: java.lang.String a()>->@const_str:com.google.android.gms.ads.identifier.service.START",
                  "specialinvoke $r16.<android.content.Intent: void <init>(java.lang.String)>(\"com.google.android.gms.ads.identifier.service.START\")"
                ],
                "entryMethod": "<com.razorpay.a_$P$: java.lang.String a()>",
                "Source": [
                  "specialinvoke $r16.<android.content.Intent: void <init>(java.lang.String)>(\"com.google.android.gms.ads.identifier.service.START\")"
                ]
              },
              "hash": "637cddf84921087725b1ff5ccc783cd708c3face"
            }
          ]
        }
      },
      "serial": {
        "5_api": {
          "complianceCategoryDetail": "serial",
          "deobfApk": "",
          "level": "high",
          "name": "5_api",
          "detail": "序列号",
          "complianceCategory": "serial",
          "category": "ComplianceInfo",
          "vulners": [
            {
              "details": {
                "url": "https://tosv.byted.org/obj/appscan-obj/aux/misc/3939323131303830303334383831365_api.html",
                "position": "<com.razorpay.BaseUtils: java.lang.String buildSerial()>",
                "target": [
                  "<com.razorpay.BaseUtils: java.lang.String buildSerial()>",
                  "r0 = <android.os.Build: java.lang.String SERIAL>"
                ]
              },
              "hash": "2814f36acc7e4fc0a3f6f163af55f1464e2f1b8f"
            }
          ]
        }
      },
      "applist": {
        "374_api": {
          "complianceCategoryDetail": "applist",
          "deobfApk": "",
          "level": "low",
          "name": "374_api",
          "detail": "可获取所有能够启动给定Intent的activity",
          "complianceCategory": "applist",
          "category": "ComplianceInfo",
          "vulners": [
            {
              "details": {
                "url": "https://tosv.byted.org/obj/appscan-obj/aux/misc/393932313334333636373730373733374_api.html",
                "position": "<com.razorpay.BaseUtils: java.util.List getListOfAppsWhichHandleDeepLink(android.content.Context,java.lang.String)>",
                "target": [
                  "<com.razorpay.BaseUtils: java.util.List getListOfAppsWhichHandleDeepLink(android.content.Context,java.lang.String)>",
                  "$r5 = virtualinvoke $r4.<android.content.pm.PackageManager: java.util.List queryIntentActivities(android.content.Intent,int)>($r0, 131072)"
                ]
              },
              "hash": "cc0c0a5b263aa4cea70844db2f4fd322c68cefe5"
            }
          ]
        },
        "276_api": {
          "complianceCategoryDetail": "applist",
          "deobfApk": "",
          "level": "high",
          "name": "276_api",
          "detail": "应用列表",
          "complianceCategory": "applist",
          "category": "ComplianceInfo",
          "vulners": [
            {
              "details": {
                "url": "https://tosv.byted.org/obj/appscan-obj/aux/misc/393932313333323435313533303633276_api.html",
                "position": "<com.razorpay.BaseUtils: java.lang.String installedApps(android.content.Context)>",
                "target": [
                  "<com.razorpay.BaseUtils: java.lang.String installedApps(android.content.Context)>",
                  "$r3 = virtualinvoke $r2.<android.content.pm.PackageManager: java.util.List getInstalledApplications(int)>(0)"
                ]
              },
              "hash": "c8cb5ea028f0cce0cd4103439751133a0756eacc"
            }
          ]
        }
      },
      "SSIDBSSID": {
        "555_api": {
          "complianceCategoryDetail": "SSIDBSSID",
          "deobfApk": "",
          "level": "high",
          "name": "555_api",
          "detail": "SSID",
          "complianceCategory": "SSIDBSSID",
          "category": "ComplianceInfo",
          "vulners": [
            {
              "details": {
                "url": "https://tosv.byted.org/obj/appscan-obj/aux/misc/393932313335353535373834323933555_api.html",
                "position": "<com.razorpay.BaseUtils: java.lang.String getWifiSSID(android.content.Context)>",
                "target": [
                  "<com.razorpay.BaseUtils: java.lang.String getWifiSSID(android.content.Context)>",
                  "$r4 = virtualinvoke $r3.<android.net.wifi.WifiInfo: java.lang.String getSSID()>()"
                ]
              },
              "hash": "48bbd7c4be96a979aa7ad60c47a911d3148f231d"
            }
          ]
        },
        "239_api": {
          "complianceCategoryDetail": "SSIDBSSID",
          "deobfApk": "",
          "level": "high",
          "name": "239_api",
          "detail": "SSID、BSSID",
          "complianceCategory": "SSIDBSSID",
          "category": "ComplianceInfo",
          "vulners": [
            {
              "details": {
                "url": "https://tosv.byted.org/obj/appscan-obj/aux/misc/393932313133393038303433373838239_api.html",
                "position": "<com.razorpay.BaseUtils: java.lang.String getWifiSSID(android.content.Context)>",
                "target": [
                  "<com.razorpay.BaseUtils: java.lang.String getWifiSSID(android.content.Context)>",
                  "$r3 = virtualinvoke $r2.<android.net.wifi.WifiManager: android.net.wifi.WifiInfo getConnectionInfo()>()"
                ]
              },
              "hash": "6fb30f9960d617153e113f179352882be90d6379"
            }
          ]
        }
      },
      "clipboard data": {
        "453_api": {
          "complianceCategoryDetail": "clipboard data",
          "deobfApk": "",
          "level": "high",
          "name": "453_api",
          "detail": "剪贴板",
          "complianceCategory": "clipboard data",
          "category": "ComplianceInfo",
          "vulners": [
            {
              "details": {
                "url": "https://tosv.byted.org/obj/appscan-obj/aux/misc/393932313334383137393532323836453_api.html",
                "position": "<com.razorpay.RzpAssist: void copyToClipboard(java.lang.String)>",
                "target": [
                  "<com.razorpay.RzpAssist: void copyToClipboard(java.lang.String)>",
                  "virtualinvoke $r4.<android.content.ClipboardManager: void setPrimaryClip(android.content.ClipData)>($r5)"
                ]
              },
              "hash": "5df72fd26989fe35bc0230e4e28c0b5c760cc809"
            }
          ]
        }
      }
    },
    "DeepLinkInfo": {},
    "JsBridgeInfo": {},
    "UrlRegion": {
      "filter": {
        "N/A:N/A": {
          "value": {
            "境外": {
              "api.ok.ru": {
                "value": {
                  "https://api.ok.ru/fb.do": {
                    "classes.dex.ru.ok.android.sdk.util.OkRequestUtil$Request": "const-string v1, \"https://api.ok.ru/fb.do\"\n"
                  }
                },
                "meta": {
                  "A": {
                    "108.160.162.109": "US"
                  },
                  "ICP": "ICP record undetected",
                  "ISP": [
                    "Dropbox, Inc."
                  ],
                  "locations": [
                    "US"
                  ],
                  "plugins": [
                    "DNS",
                    "ICP"
                  ]
                }
              },
              "connect.ok.ru": {
                "value": {
                  "https://connect.ok.ru/dk?st.cmd=": {
                    "classes.dex.ru.ok.android.sdk.AbstractWidgetActivity": "const-string v1, \"https://connect.ok.ru/dk?st.cmd=\"\n"
                  }
                },
                "meta": {
                  "A": {
                    "199.59.149.203": "US"
                  },
                  "ICP": "ICP record undetected",
                  "ISP": [
                    "Twitter Inc."
                  ],
                  "locations": [
                    "US"
                  ],
                  "plugins": [
                    "DNS",
                    "ICP"
                  ]
                }
              }
            }
          },
          "meta": {
            "url": "N/A",
            "description": "未查到组件信息",
            "version": "N/A"
          }
        }
      },
      "full": {
        "N/A:N/A": {
          "value": {
            "US": {
              "api.ok.ru": {
                "meta": {
                  "A": {
                    "108.160.162.109": "US"
                  },
                  "ICP": "ICP record undetected",
                  "ISP": [
                    "Dropbox, Inc."
                  ],
                  "locations": [
                    "US"
                  ],
                  "plugins": [
                    "DNS",
                    "ICP"
                  ]
                },
                "value": {
                  "https://api.ok.ru/fb.do": {
                    "classes.dex.ru.ok.android.sdk.util.OkRequestUtil$Request": "const-string v1, \"https://api.ok.ru/fb.do\"\n"
                  }
                }
              },
              "connect.ok.ru": {
                "meta": {
                  "A": {
                    "199.59.149.203": "US"
                  },
                  "ICP": "ICP record undetected",
                  "ISP": [
                    "Twitter Inc."
                  ],
                  "locations": [
                    "US"
                  ],
                  "plugins": [
                    "DNS",
                    "ICP"
                  ]
                },
                "value": {
                  "https://connect.ok.ru/dk?st.cmd=": {
                    "classes.dex.ru.ok.android.sdk.AbstractWidgetActivity": "const-string v1, \"https://connect.ok.ru/dk?st.cmd=\"\n"
                  }
                }
              }
            }
          },
          "meta": {
            "url": "N/A",
            "description": "未查到组件信息",
            "version": "N/A"
          }
        }
      }
    },
    "profiler": "https://tosv.byted.org/obj/appscan-obj/aux/misc/393932313432373535373134343331profiler.json",
    "HTTP_API": [],
    "BasicInfo": {
      "AppInfo": {
        "name": "",
        "size": "0.4MB",
        "package": "com.razorpay",
        "versionName": null,
        "versionCode": null,
        "target_sdk": "",
        "min_sdk": "19",
        "max_sdk": "",
        "sha1": "6b22fc265e87059bfecc9c119ecaceb640d2cd97"
      },
      "SignInfo": {
        "Is signed v1": false,
        "Is signed v2": false,
        "Is signed v3": false,
        "certs": [],
        "pkeys": []
      },
      "ComponentsInfo": {
        "exportedReceivers": [
          "com.razorpay.RzpTokenReceiver",
          "com.razorpay.b__J_"
        ],
        "exportedActivities": [
          "com.razorpay.CheckoutActivity"
        ]
      },
      "PermissionInfo": [
        "android.permission.INTERNET"
      ],
      "DeobfApk": ""
    },
    "PermissionUsedDetails": {
      "declaredPermissions": [
        "android.permission.INTERNET"
      ],
      "usedPermissions": {
        "android.permission.INTERNET": {
          "level": "normal|instant",
          "description": "Allows applications to open network sockets",
          "positions": [
            "Default"
          ],
          "details": [
            {
              "caller": "N/A",
              "api": "N/A",
              "url": "N/A"
            }
          ]
        }
      },
      "declaredButNoUsed": {},
      "usedButNotDeclared": {}
    },
    "SDKComplianceList": []
  },
  0
]