[
  {
    "SecurityInfo": {},
    "ComplianceInfo": {
      "applist": {
        "374_api": {
          "complianceCategoryDetail": "applist",
          "deobfApk": "",
          "level": "low",
          "name": "374_api",
          "detail": "可获取所有能够启动给定Intent的activity",
          "complianceCategory": "applist",
          "category": "ComplianceInfo",
          "vulners": [
            {
              "details": {
                "url": "https://tosv.byted.org/obj/appscan-obj/aux/misc/393931383931303636333938303931374_api.html",
                "position": "<com.com.bytedance.overseas.sdk.a.b: void a(android.content.Context)>",
                "target": [
                  "<com.com.bytedance.overseas.sdk.a.b: void a(android.content.Context)>",
                  "$r4 = virtualinvoke $r3.<android.content.pm.PackageManager: java.util.List queryIntentActivities(android.content.Intent,int)>($r1, 65536)"
                ]
              },
              "hash": "5a827f0c74e11650626b48f446cb3adb25f21b89"
            },
            {
              "details": {
                "url": "https://tosv.byted.org/obj/appscan-obj/aux/misc/393931383931363130353037303433374_api.html",
                "position": "<com.bytedance.sdk.openadsdk.o.aa: boolean a(android.content.Context,android.content.Intent)>",
                "target": [
                  "<com.bytedance.sdk.openadsdk.o.aa: boolean a(android.content.Context,android.content.Intent)>",
                  "$r3 = virtualinvoke $r2.<android.content.pm.PackageManager: java.util.List queryIntentActivities(android.content.Intent,int)>($r0, 65536)"
                ]
              },
              "hash": "1dec9d4311c521a423b514586edc5a0a2d35f193"
            },
            {
              "details": {
                "url": "https://tosv.byted.org/obj/appscan-obj/aux/misc/393931383931383130383336363037374_api.html",
                "position": "<com.com.bytedance.overseas.sdk.a.b: boolean a(android.content.Context,java.lang.String,java.lang.String,java.lang.String,com.bytedance.sdk.openadsdk.core.model.o)>",
                "target": [
                  "<com.com.bytedance.overseas.sdk.a.b: boolean a(android.content.Context,java.lang.String,java.lang.String,java.lang.String,com.bytedance.sdk.openadsdk.core.model.o)>",
                  "$r15 = virtualinvoke $r14.<android.content.pm.PackageManager: java.util.List queryIntentActivities(android.content.Intent,int)>($r9_3, 65536)"
                ]
              },
              "hash": "96633c5f63cdefda60b2463b5607f1eac0643fcd"
            }
          ]
        }
      },
      "sensor": {
        "394_api": {
          "complianceCategoryDetail": "sensor",
          "deobfApk": "",
          "level": "low",
          "name": "394_api",
          "detail": "传感器",
          "complianceCategory": "sensor",
          "category": "ComplianceInfo",
          "vulners": [
            {
              "details": {
                "url": "https://tosv.byted.org/obj/appscan-obj/aux/misc/393931383933333530303433343937394_api.html",
                "position": "<com.bytedance.sdk.openadsdk.l.i: void a(android.content.Context,android.hardware.SensorEventListener,int)>",
                "target": [
                  "<com.bytedance.sdk.openadsdk.l.i: void a(android.content.Context,android.hardware.SensorEventListener,int)>",
                  "virtualinvoke $r2.<android.hardware.SensorManager: boolean registerListener(android.hardware.SensorEventListener,android.hardware.Sensor,int)>($r1, $r3, $i0_1)"
                ]
              },
              "hash": "8f0bb7b1b5e2b7160fe86d809907b4344fd7a035"
            },
            {
              "details": {
                "url": "https://tosv.byted.org/obj/appscan-obj/aux/misc/393931383933363936353333383636394_api.html",
                "position": "<com.bytedance.sdk.openadsdk.l.i: void b(android.content.Context,android.hardware.SensorEventListener,int)>",
                "target": [
                  "<com.bytedance.sdk.openadsdk.l.i: void b(android.content.Context,android.hardware.SensorEventListener,int)>",
                  "virtualinvoke $r2.<android.hardware.SensorManager: boolean registerListener(android.hardware.SensorEventListener,android.hardware.Sensor,int)>($r1, $r3, $i0_1)"
                ]
              },
              "hash": "1d89149bc860f73677b4ea5b0b55aba8ec7a4174"
            }
          ]
        },
        "636_api": {
          "complianceCategoryDetail": "sensor",
          "deobfApk": "",
          "level": "high",
          "name": "636_api",
          "detail": "陀螺仪传感器",
          "complianceCategory": "sensor",
          "category": "ComplianceInfo",
          "vulners": [
            {
              "details": {
                "ConstValue": "4",
                "position": "<com.bytedance.sdk.openadsdk.l.i: void b(android.content.Context,android.hardware.SensorEventListener,int)>",
                "url": "https://tosv.byted.org/obj/appscan-obj/aux/misc/393931393030313738343036313738636_api.html",
                "target": [
                  "<com.bytedance.sdk.openadsdk.l.i: void b(android.content.Context,android.hardware.SensorEventListener,int)>",
                  "<android.hardware.SensorManager: android.hardware.Sensor getDefaultSensor(int)>",
                  "4"
                ]
              },
              "hash": "8f53e2a3991011bd91e231ed6fbbd33c9d9d560a"
            }
          ]
        },
        "396_api": {
          "complianceCategoryDetail": "sensor",
          "deobfApk": "",
          "level": "low",
          "name": "396_api",
          "detail": "传感器",
          "complianceCategory": "sensor",
          "category": "ComplianceInfo",
          "vulners": [
            {
              "details": {
                "url": "https://tosv.byted.org/obj/appscan-obj/aux/misc/393931383934343935353836313639396_api.html",
                "position": "<com.bytedance.sdk.openadsdk.l.i: void a(android.content.Context,android.hardware.SensorEventListener,int)>",
                "target": [
                  "<com.bytedance.sdk.openadsdk.l.i: void a(android.content.Context,android.hardware.SensorEventListener,int)>",
                  "virtualinvoke $r2.<android.hardware.SensorManager: boolean registerListener(android.hardware.SensorEventListener,android.hardware.Sensor,int)>($r1, $r3, $i0_1)"
                ]
              },
              "hash": "8f0bb7b1b5e2b7160fe86d809907b4344fd7a035"
            },
            {
              "details": {
                "url": "https://tosv.byted.org/obj/appscan-obj/aux/misc/393931383934393233323732343136396_api.html",
                "position": "<com.bytedance.sdk.openadsdk.l.i: void b(android.content.Context,android.hardware.SensorEventListener,int)>",
                "target": [
                  "<com.bytedance.sdk.openadsdk.l.i: void b(android.content.Context,android.hardware.SensorEventListener,int)>",
                  "virtualinvoke $r2.<android.hardware.SensorManager: boolean registerListener(android.hardware.SensorEventListener,android.hardware.Sensor,int)>($r1, $r3, $i0_1)"
                ]
              },
              "hash": "1d89149bc860f73677b4ea5b0b55aba8ec7a4174"
            }
          ]
        },
        "651_api": {
          "complianceCategoryDetail": "sensor",
          "deobfApk": "",
          "level": "high",
          "name": "651_api",
          "detail": "加速度传感器",
          "complianceCategory": "sensor",
          "category": "ComplianceInfo",
          "vulners": [
            {
              "details": {
                "ConstValue": "1",
                "position": "<com.bytedance.sdk.openadsdk.l.i: void a(android.content.Context,android.hardware.SensorEventListener,int)>",
                "url": "https://tosv.byted.org/obj/appscan-obj/aux/misc/393931393037363730343530383430651_api.html",
                "target": [
                  "<com.bytedance.sdk.openadsdk.l.i: void a(android.content.Context,android.hardware.SensorEventListener,int)>",
                  "<android.hardware.SensorManager: boolean registerListener(android.hardware.SensorEventListener,android.hardware.Sensor,int)>",
                  "1"
                ]
              },
              "hash": "6a4ea9deea06e02e28134f3626b6161b1e79f724"
            }
          ]
        },
        "398_api": {
          "complianceCategoryDetail": "sensor",
          "deobfApk": "",
          "level": "low",
          "name": "398_api",
          "detail": "传感器",
          "complianceCategory": "sensor",
          "category": "ComplianceInfo",
          "vulners": [
            {
              "details": {
                "url": "https://tosv.byted.org/obj/appscan-obj/aux/misc/393931383935353630343931373237398_api.html",
                "position": "<com.bytedance.sdk.openadsdk.l.i: void a(android.content.Context,android.hardware.SensorEventListener,int)>",
                "target": [
                  "<com.bytedance.sdk.openadsdk.l.i: void a(android.content.Context,android.hardware.SensorEventListener,int)>",
                  "virtualinvoke $r2.<android.hardware.SensorManager: boolean registerListener(android.hardware.SensorEventListener,android.hardware.Sensor,int)>($r1, $r3, $i0_1)"
                ]
              },
              "hash": "8f0bb7b1b5e2b7160fe86d809907b4344fd7a035"
            },
            {
              "details": {
                "url": "https://tosv.byted.org/obj/appscan-obj/aux/misc/393931383936303136373035313334398_api.html",
                "position": "<com.bytedance.sdk.openadsdk.l.i: void b(android.content.Context,android.hardware.SensorEventListener,int)>",
                "target": [
                  "<com.bytedance.sdk.openadsdk.l.i: void b(android.content.Context,android.hardware.SensorEventListener,int)>",
                  "virtualinvoke $r2.<android.hardware.SensorManager: boolean registerListener(android.hardware.SensorEventListener,android.hardware.Sensor,int)>($r1, $r3, $i0_1)"
                ]
              },
              "hash": "1d89149bc860f73677b4ea5b0b55aba8ec7a4174"
            }
          ]
        },
        "638_api": {
          "complianceCategoryDetail": "sensor",
          "deobfApk": "",
          "level": "high",
          "name": "638_api",
          "detail": "陀螺仪传感器",
          "complianceCategory": "sensor",
          "category": "ComplianceInfo",
          "vulners": [
            {
              "details": {
                "ConstValue": "4",
                "position": "<com.bytedance.sdk.openadsdk.l.i: void b(android.content.Context,android.hardware.SensorEventListener,int)>",
                "url": "https://tosv.byted.org/obj/appscan-obj/aux/misc/393931393036323037363636333134638_api.html",
                "target": [
                  "<com.bytedance.sdk.openadsdk.l.i: void b(android.content.Context,android.hardware.SensorEventListener,int)>",
                  "<android.hardware.SensorManager: boolean registerListener(android.hardware.SensorEventListener,android.hardware.Sensor,int)>",
                  "4"
                ]
              },
              "hash": "8f53e2a3991011bd91e231ed6fbbd33c9d9d560a"
            }
          ]
        },
        "639_api": {
          "complianceCategoryDetail": "sensor",
          "deobfApk": "",
          "level": "high",
          "name": "639_api",
          "detail": "陀螺仪传感器",
          "complianceCategory": "sensor",
          "category": "ComplianceInfo",
          "vulners": [
            {
              "details": {
                "ConstValue": "4",
                "position": "<com.bytedance.sdk.openadsdk.l.i: void b(android.content.Context,android.hardware.SensorEventListener,int)>",
                "url": "https://tosv.byted.org/obj/appscan-obj/aux/misc/393931393037303635323837383832639_api.html",
                "target": [
                  "<com.bytedance.sdk.openadsdk.l.i: void b(android.content.Context,android.hardware.SensorEventListener,int)>",
                  "<android.hardware.SensorManager: boolean registerListener(android.hardware.SensorEventListener,android.hardware.Sensor,int)>",
                  "4"
                ]
              },
              "hash": "8f53e2a3991011bd91e231ed6fbbd33c9d9d560a"
            }
          ]
        },
        "395_api": {
          "complianceCategoryDetail": "sensor",
          "deobfApk": "",
          "level": "low",
          "name": "395_api",
          "detail": "传感器",
          "complianceCategory": "sensor",
          "category": "ComplianceInfo",
          "vulners": [
            {
              "details": {
                "url": "https://tosv.byted.org/obj/appscan-obj/aux/misc/393931383933383137323239393539395_api.html",
                "position": "<com.bytedance.sdk.openadsdk.l.i: void a(android.content.Context,android.hardware.SensorEventListener,int)>",
                "target": [
                  "<com.bytedance.sdk.openadsdk.l.i: void a(android.content.Context,android.hardware.SensorEventListener,int)>",
                  "virtualinvoke $r2.<android.hardware.SensorManager: boolean registerListener(android.hardware.SensorEventListener,android.hardware.Sensor,int)>($r1, $r3, $i0_1)"
                ]
              },
              "hash": "8f0bb7b1b5e2b7160fe86d809907b4344fd7a035"
            },
            {
              "details": {
                "url": "https://tosv.byted.org/obj/appscan-obj/aux/misc/393931383934303030393231353034395_api.html",
                "position": "<com.bytedance.sdk.openadsdk.l.i: void b(android.content.Context,android.hardware.SensorEventListener,int)>",
                "target": [
                  "<com.bytedance.sdk.openadsdk.l.i: void b(android.content.Context,android.hardware.SensorEventListener,int)>",
                  "virtualinvoke $r2.<android.hardware.SensorManager: boolean registerListener(android.hardware.SensorEventListener,android.hardware.Sensor,int)>($r1, $r3, $i0_1)"
                ]
              },
              "hash": "1d89149bc860f73677b4ea5b0b55aba8ec7a4174"
            }
          ]
        },
        "647_api": {
          "complianceCategoryDetail": "sensor",
          "deobfApk": "",
          "level": "high",
          "name": "647_api",
          "detail": "加速度传感器",
          "complianceCategory": "sensor",
          "category": "ComplianceInfo",
          "vulners": [
            {
              "details": {
                "ConstValue": "1",
                "position": "<com.bytedance.sdk.openadsdk.l.i: void a(android.content.Context,android.hardware.SensorEventListener,int)>",
                "url": "https://tosv.byted.org/obj/appscan-obj/aux/misc/393931393030373133303734333938647_api.html",
                "target": [
                  "<com.bytedance.sdk.openadsdk.l.i: void a(android.content.Context,android.hardware.SensorEventListener,int)>",
                  "<android.hardware.SensorManager: android.hardware.Sensor getDefaultSensor(int)>",
                  "1"
                ]
              },
              "hash": "6a4ea9deea06e02e28134f3626b6161b1e79f724"
            }
          ]
        },
        "393_api": {
          "complianceCategoryDetail": "sensor",
          "deobfApk": "",
          "level": "low",
          "name": "393_api",
          "detail": "传感器",
          "complianceCategory": "sensor",
          "category": "ComplianceInfo",
          "vulners": [
            {
              "details": {
                "url": "https://tosv.byted.org/obj/appscan-obj/aux/misc/393931383932323231353631323935393_api.html",
                "position": "<com.bytedance.sdk.openadsdk.l.i: void a(android.content.Context,android.hardware.SensorEventListener,int)>",
                "target": [
                  "<com.bytedance.sdk.openadsdk.l.i: void a(android.content.Context,android.hardware.SensorEventListener,int)>",
                  "virtualinvoke $r2.<android.hardware.SensorManager: boolean registerListener(android.hardware.SensorEventListener,android.hardware.Sensor,int)>($r1, $r3, $i0_1)"
                ]
              },
              "hash": "8f0bb7b1b5e2b7160fe86d809907b4344fd7a035"
            },
            {
              "details": {
                "url": "https://tosv.byted.org/obj/appscan-obj/aux/misc/393931383933313639393539363737393_api.html",
                "position": "<com.bytedance.sdk.openadsdk.l.i: void b(android.content.Context,android.hardware.SensorEventListener,int)>",
                "target": [
                  "<com.bytedance.sdk.openadsdk.l.i: void b(android.content.Context,android.hardware.SensorEventListener,int)>",
                  "virtualinvoke $r2.<android.hardware.SensorManager: boolean registerListener(android.hardware.SensorEventListener,android.hardware.Sensor,int)>($r1, $r3, $i0_1)"
                ]
              },
              "hash": "1d89149bc860f73677b4ea5b0b55aba8ec7a4174"
            }
          ]
        },
        "397_api": {
          "complianceCategoryDetail": "sensor",
          "deobfApk": "",
          "level": "low",
          "name": "397_api",
          "detail": "传感器",
          "complianceCategory": "sensor",
          "category": "ComplianceInfo",
          "vulners": [
            {
              "details": {
                "url": "https://tosv.byted.org/obj/appscan-obj/aux/misc/393931383935323637393036303631397_api.html",
                "position": "<com.bytedance.sdk.openadsdk.l.i: void a(android.content.Context,android.hardware.SensorEventListener,int)>",
                "target": [
                  "<com.bytedance.sdk.openadsdk.l.i: void a(android.content.Context,android.hardware.SensorEventListener,int)>",
                  "virtualinvoke $r2.<android.hardware.SensorManager: boolean registerListener(android.hardware.SensorEventListener,android.hardware.Sensor,int)>($r1, $r3, $i0_1)"
                ]
              },
              "hash": "8f0bb7b1b5e2b7160fe86d809907b4344fd7a035"
            },
            {
              "details": {
                "url": "https://tosv.byted.org/obj/appscan-obj/aux/misc/393931383935333930343039373734397_api.html",
                "position": "<com.bytedance.sdk.openadsdk.l.i: void b(android.content.Context,android.hardware.SensorEventListener,int)>",
                "target": [
                  "<com.bytedance.sdk.openadsdk.l.i: void b(android.content.Context,android.hardware.SensorEventListener,int)>",
                  "virtualinvoke $r2.<android.hardware.SensorManager: boolean registerListener(android.hardware.SensorEventListener,android.hardware.Sensor,int)>($r1, $r3, $i0_1)"
                ]
              },
              "hash": "1d89149bc860f73677b4ea5b0b55aba8ec7a4174"
            }
          ]
        },
        "648_api": {
          "complianceCategoryDetail": "sensor",
          "deobfApk": "",
          "level": "high",
          "name": "648_api",
          "detail": "加速度传感器",
          "complianceCategory": "sensor",
          "category": "ComplianceInfo",
          "vulners": [
            {
              "details": {
                "ConstValue": "1",
                "position": "<com.bytedance.sdk.openadsdk.l.i: void a(android.content.Context,android.hardware.SensorEventListener,int)>",
                "url": "https://tosv.byted.org/obj/appscan-obj/aux/misc/393931393031323237393832373830648_api.html",
                "target": [
                  "<com.bytedance.sdk.openadsdk.l.i: void a(android.content.Context,android.hardware.SensorEventListener,int)>",
                  "<android.hardware.SensorManager: android.hardware.Sensor getDefaultSensor(int)>",
                  "1"
                ]
              },
              "hash": "6a4ea9deea06e02e28134f3626b6161b1e79f724"
            }
          ]
        },
        "635_api": {
          "complianceCategoryDetail": "sensor",
          "deobfApk": "",
          "level": "high",
          "name": "635_api",
          "detail": "陀螺仪传感器",
          "complianceCategory": "sensor",
          "category": "ComplianceInfo",
          "vulners": [
            {
              "details": {
                "ConstValue": "4",
                "position": "<com.bytedance.sdk.openadsdk.l.i: void b(android.content.Context,android.hardware.SensorEventListener,int)>",
                "url": "https://tosv.byted.org/obj/appscan-obj/aux/misc/393931383939323636343535353139635_api.html",
                "target": [
                  "<com.bytedance.sdk.openadsdk.l.i: void b(android.content.Context,android.hardware.SensorEventListener,int)>",
                  "<android.hardware.SensorManager: android.hardware.Sensor getDefaultSensor(int)>",
                  "4"
                ]
              },
              "hash": "8f53e2a3991011bd91e231ed6fbbd33c9d9d560a"
            }
          ]
        },
        "650_api": {
          "complianceCategoryDetail": "sensor",
          "deobfApk": "",
          "level": "high",
          "name": "650_api",
          "detail": "加速度传感器",
          "complianceCategory": "sensor",
          "category": "ComplianceInfo",
          "vulners": [
            {
              "details": {
                "ConstValue": "1",
                "position": "<com.bytedance.sdk.openadsdk.l.i: void a(android.content.Context,android.hardware.SensorEventListener,int)>",
                "url": "https://tosv.byted.org/obj/appscan-obj/aux/misc/393931393037313635303236383630650_api.html",
                "target": [
                  "<com.bytedance.sdk.openadsdk.l.i: void a(android.content.Context,android.hardware.SensorEventListener,int)>",
                  "<android.hardware.SensorManager: boolean registerListener(android.hardware.SensorEventListener,android.hardware.Sensor,int)>",
                  "1"
                ]
              },
              "hash": "6a4ea9deea06e02e28134f3626b6161b1e79f724"
            }
          ]
        }
      },
      "location": {
        "581_api": {
          "complianceCategoryDetail": "location",
          "deobfApk": "",
          "level": "high",
          "name": "581_api",
          "detail": "纬度",
          "complianceCategory": "location",
          "category": "ComplianceInfo",
          "vulners": [
            {
              "details": {
                "url": "https://tosv.byted.org/obj/appscan-obj/aux/misc/393931383937363635303634373134581_api.html",
                "position": "<com.bytedance.sdk.component.f.c.a: void a(com.bytedance.sdk.component.f.b.b)>",
                "target": [
                  "<com.bytedance.sdk.component.f.c.a: void a(com.bytedance.sdk.component.f.b.b)>",
                  "$d0 = virtualinvoke $r2_2.<android.location.Address: double getLatitude()>()"
                ]
              },
              "hash": "d2dcc1c53aee8b3b568b948ed7feb973253b6dc5"
            }
          ]
        },
        "582_api": {
          "complianceCategoryDetail": "location",
          "deobfApk": "",
          "level": "high",
          "name": "582_api",
          "detail": "经度",
          "complianceCategory": "location",
          "category": "ComplianceInfo",
          "vulners": [
            {
              "details": {
                "url": "https://tosv.byted.org/obj/appscan-obj/aux/misc/393931383938363238393430353431582_api.html",
                "position": "<com.bytedance.sdk.component.f.c.a: void a(com.bytedance.sdk.component.f.b.b)>",
                "target": [
                  "<com.bytedance.sdk.component.f.c.a: void a(com.bytedance.sdk.component.f.b.b)>",
                  "$d0_1 = virtualinvoke $r2_2.<android.location.Address: double getLongitude()>()"
                ]
              },
              "hash": "822223ecb87b69644daac71a8fbfa7e7ce82e986"
            }
          ]
        }
      },
      "clipboard data": {
        "453_api": {
          "complianceCategoryDetail": "clipboard data",
          "deobfApk": "",
          "level": "high",
          "name": "453_api",
          "detail": "剪贴板",
          "complianceCategory": "clipboard data",
          "category": "ComplianceInfo",
          "vulners": [
            {
              "details": {
                "url": "https://tosv.byted.org/obj/appscan-obj/aux/misc/393931383936383132373033323235453_api.html",
                "position": "<com.bytedance.sdk.openadsdk.common.h$1: void onClick(android.view.View)>",
                "target": [
                  "<com.bytedance.sdk.openadsdk.common.h$1: void onClick(android.view.View)>",
                  "virtualinvoke $r5.<android.content.ClipboardManager: void setPrimaryClip(android.content.ClipData)>($r11)"
                ]
              },
              "hash": "22cbe095482c7d8da2b5b675e8def62fcda49105"
            }
          ]
        }
      }
    },
    "DeepLinkInfo": {
      "SmartRouterParameterList": [
        "material_meta",
        "gecko_id",
        "multi_process_materialmeta",
        "source",
        "url",
        "video_is_auto_play",
        "event_tag",
        "log_extra",
        "metaString",
        "adid",
        "web_title",
        "multi_process_data",
        "sdk_version"
      ],
      "AdsCommandsParameterList": [
        "replace",
        "sp_file_name",
        "track",
        "event",
        "rit",
        "did",
        "sql"
      ]
    },
    "JsBridgeInfo": {},
    "UrlRegion": {
      "filter": {
        "N/A:N/A": {
          "value": {
            "境外": {
              "api.ok.ru": {
                "value": {
                  "https://api.ok.ru/fb.do": {
                    "classes.dex.ru.ok.android.sdk.util.OkRequestUtil$Request": "const-string v1, \"https://api.ok.ru/fb.do\"\n"
                  }
                },
                "meta": {
                  "A": {
                    "108.160.162.109": "US"
                  },
                  "ICP": "ICP record undetected",
                  "ISP": [
                    "Dropbox, Inc."
                  ],
                  "locations": [
                    "US"
                  ],
                  "plugins": [
                    "DNS",
                    "ICP"
                  ]
                }
              },
              "connect.ok.ru": {
                "value": {
                  "https://connect.ok.ru/dk?st.cmd=": {
                    "classes.dex.ru.ok.android.sdk.AbstractWidgetActivity": "const-string v1, \"https://connect.ok.ru/dk?st.cmd=\"\n"
                  }
                },
                "meta": {
                  "A": {
                    "199.59.149.203": "US"
                  },
                  "ICP": "ICP record undetected",
                  "ISP": [
                    "Twitter Inc."
                  ],
                  "locations": [
                    "US"
                  ],
                  "plugins": [
                    "DNS",
                    "ICP"
                  ]
                }
              }
            }
          },
          "meta": {
            "url": "N/A",
            "description": "未查到组件信息",
            "version": "N/A"
          }
        }
      },
      "full": {
        "N/A:N/A": {
          "value": {
            "US": {
              "api.ok.ru": {
                "meta": {
                  "A": {
                    "108.160.162.109": "US"
                  },
                  "ICP": "ICP record undetected",
                  "ISP": [
                    "Dropbox, Inc."
                  ],
                  "locations": [
                    "US"
                  ],
                  "plugins": [
                    "DNS",
                    "ICP"
                  ]
                },
                "value": {
                  "https://api.ok.ru/fb.do": {
                    "classes.dex.ru.ok.android.sdk.util.OkRequestUtil$Request": "const-string v1, \"https://api.ok.ru/fb.do\"\n"
                  }
                }
              },
              "connect.ok.ru": {
                "meta": {
                  "A": {
                    "199.59.149.203": "US"
                  },
                  "ICP": "ICP record undetected",
                  "ISP": [
                    "Twitter Inc."
                  ],
                  "locations": [
                    "US"
                  ],
                  "plugins": [
                    "DNS",
                    "ICP"
                  ]
                },
                "value": {
                  "https://connect.ok.ru/dk?st.cmd=": {
                    "classes.dex.ru.ok.android.sdk.AbstractWidgetActivity": "const-string v1, \"https://connect.ok.ru/dk?st.cmd=\"\n"
                  }
                }
              }
            }
          },
          "meta": {
            "url": "N/A",
            "description": "未查到组件信息",
            "version": "N/A"
          }
        }
      }
    },
    "profiler": "https://tosv.byted.org/obj/appscan-obj/aux/misc/393931393134313930353038363930profiler.json",
    "HTTP_API": [],
    "BasicInfo": {
      "AppInfo": {
        "name": "",
        "size": "3.68MB",
        "package": "com.bytedance",
        "versionName": "5.1.0.5",
        "versionCode": "5105",
        "target_sdk": "31",
        "min_sdk": "16",
        "max_sdk": "",
        "sha1": "d66a10ac0a536d4a103a3c82867d59fb82afa8f0"
      },
      "SignInfo": {
        "Is signed v1": false,
        "Is signed v2": false,
        "Is signed v3": false,
        "certs": [],
        "pkeys": []
      },
      "ComponentsInfo": {
        "exportedReceivers": [
          "com.bytedance.sdk.openadsdk.core.settings.n$b",
          "com.bytedance.sdk.openadsdk.o.f$b",
          "com.bytedance.sdk.openadsdk.o.f$a",
          "com.bytedance.sdk.openadsdk.jslistener.PangleVolumeBroadcastReceiver",
          "com.bytedance.sdk.component.utils.x$b",
          "com.bytedance.sdk.component.utils.HomeWatcherReceiver"
        ],
        "unExportedActivities": [
          "com.bytedance.sdk.openadsdk.activity.TTAppOpenAdActivity",
          "com.bytedance.sdk.openadsdk.activity.TTFullScreenExpressVideoActivity",
          "com.bytedance.sdk.openadsdk.activity.TTFullScreenVideoActivity",
          "com.bytedance.sdk.openadsdk.activity.TTPlayableLandingPageActivity",
          "com.bytedance.sdk.openadsdk.activity.TTVideoLandingPageLink2Activity",
          "com.bytedance.sdk.openadsdk.activity.TTInterstitialExpressActivity",
          "com.bytedance.sdk.openadsdk.activity.TTDelegateActivity",
          "com.bytedance.sdk.openadsdk.activity.TTRewardExpressVideoActivity",
          "com.bytedance.sdk.openadsdk.activity.TTInterstitialActivity",
          "com.bytedance.sdk.openadsdk.activity.TTRewardVideoActivity",
          "com.bytedance.sdk.openadsdk.activity.TTLandingPageActivity",
          "com.bytedance.sdk.openadsdk.activity.TTVideoLandingPageActivity",
          "com.bytedance.sdk.openadsdk.adapter.PangleAdInterstitialActivity",
          "com.bytedance.sdk.openadsdk.activity.TTWebsiteActivity"
        ],
        "unExportedServices": [
          "com.bytedance.sdk.openadsdk.multipro.aidl.BinderPoolService"
        ]
      },
      "PermissionInfo": [
        "android.permission.ACCESS_NETWORK_STATE",
        "android.permission.INTERNET",
        "android.permission.ACCESS_WIFI_STATE"
      ],
      "DeobfApk": ""
    },
    "PermissionUsedDetails": {
      "declaredPermissions": [
        "android.permission.ACCESS_NETWORK_STATE",
        "android.permission.INTERNET",
        "android.permission.ACCESS_WIFI_STATE"
      ],
      "usedPermissions": {
        "android.permission.INTERNET": {
          "level": "normal|instant",
          "description": "Allows applications to open network sockets",
          "positions": [
            "Default"
          ],
          "details": [
            {
              "caller": "N/A",
              "api": "N/A",
              "url": "N/A"
            }
          ]
        }
      },
      "declaredButNoUsed": {
        "android.permission.ACCESS_NETWORK_STATE": {
          "level": "normal|instant",
          "description": "Allows applications to access information about networks"
        },
        "android.permission.ACCESS_WIFI_STATE": {
          "level": "normal",
          "description": "Allows applications to access information about Wi-Fi networks"
        }
      },
      "usedButNotDeclared": {}
    },
    "SDKComplianceList": []
  },
  0
]