[
  {
    "SecurityInfo": {},
    "ComplianceInfo": {
      "Android_ID": {
        "550_api": {
          "complianceCategoryDetail": "Android_ID",
          "deobfApk": "",
          "level": "high",
          "name": "550_api",
          "detail": "Android_ID",
          "complianceCategory": "Android_ID",
          "category": "ComplianceInfo",
          "vulners": [
            {
              "details": {
                "ConstValue": "android_id",
                "position": "<com.fyber.fairbid.d0: java.lang.String a(android.content.Context)>",
                "url": "https://tosv.byted.org/obj/appscan-obj/aux/misc/393932303930363536373236393439550_api.html",
                "target": [
                  "<com.fyber.fairbid.d0: java.lang.String a(android.content.Context)>",
                  "<android.provider.Settings$Secure: java.lang.String getString(android.content.ContentResolver,java.lang.String)>",
                  "android_id"
                ]
              },
              "hash": "0f14fbb8b056e838d41a94532802713fdd2837a5"
            },
            {
              "details": {
                "ConstValue": "android_id",
                "position": "<com.fyber.fairbid.j7$c: java.lang.Object invoke()>",
                "url": "https://tosv.byted.org/obj/appscan-obj/aux/misc/393932303931353734333739323138550_api.html",
                "target": [
                  "<com.fyber.fairbid.j7$c: java.lang.Object invoke()>",
                  "<android.provider.Settings$Secure: java.lang.String getString(android.content.ContentResolver,java.lang.String)>",
                  "android_id"
                ]
              },
              "hash": "61449bb28ec685b845d9fb742932a33ba06faf27"
            }
          ]
        }
      },
      "applist": {
        "374_api": {
          "complianceCategoryDetail": "applist",
          "deobfApk": "",
          "level": "low",
          "name": "374_api",
          "detail": "可获取所有能够启动给定Intent的activity",
          "complianceCategory": "applist",
          "category": "ComplianceInfo",
          "vulners": [
            {
              "details": {
                "url": "https://tosv.byted.org/obj/appscan-obj/aux/misc/393932303839323431303432343432374_api.html",
                "position": "<com.fyber.fairbid.sc: boolean a(android.content.Context,java.lang.String)>",
                "target": [
                  "<com.fyber.fairbid.sc: boolean a(android.content.Context,java.lang.String)>",
                  "$r4 = virtualinvoke $r2.<android.content.pm.PackageManager: java.util.List queryIntentActivities(android.content.Intent,int)>($r3, 65536)"
                ]
              },
              "hash": "ce5c5b61382083563646662c3169e5c5ba64e16b"
            }
          ]
        }
      }
    },
    "DeepLinkInfo": {
      "SmartRouterParameterList": [
        "opening_method",
        "animate_frame"
      ]
    },
    "JsBridgeInfo": {},
    "UrlRegion": {
      "filter": {
        "N/A:N/A": {
          "value": {
            "境外": {
              "api.ok.ru": {
                "value": {
                  "https://api.ok.ru/fb.do": {
                    "classes.dex.ru.ok.android.sdk.util.OkRequestUtil$Request": "const-string v1, \"https://api.ok.ru/fb.do\"\n"
                  }
                },
                "meta": {
                  "A": {
                    "108.160.162.109": "US"
                  },
                  "ICP": "ICP record undetected",
                  "ISP": [
                    "Dropbox, Inc."
                  ],
                  "locations": [
                    "US"
                  ],
                  "plugins": [
                    "DNS",
                    "ICP"
                  ]
                }
              },
              "connect.ok.ru": {
                "value": {
                  "https://connect.ok.ru/dk?st.cmd=": {
                    "classes.dex.ru.ok.android.sdk.AbstractWidgetActivity": "const-string v1, \"https://connect.ok.ru/dk?st.cmd=\"\n"
                  }
                },
                "meta": {
                  "A": {
                    "199.59.149.203": "US"
                  },
                  "ICP": "ICP record undetected",
                  "ISP": [
                    "Twitter Inc."
                  ],
                  "locations": [
                    "US"
                  ],
                  "plugins": [
                    "DNS",
                    "ICP"
                  ]
                }
              }
            }
          },
          "meta": {
            "url": "N/A",
            "description": "未查到组件信息",
            "version": "N/A"
          }
        }
      },
      "full": {
        "N/A:N/A": {
          "value": {
            "US": {
              "api.ok.ru": {
                "meta": {
                  "A": {
                    "108.160.162.109": "US"
                  },
                  "ICP": "ICP record undetected",
                  "ISP": [
                    "Dropbox, Inc."
                  ],
                  "locations": [
                    "US"
                  ],
                  "plugins": [
                    "DNS",
                    "ICP"
                  ]
                },
                "value": {
                  "https://api.ok.ru/fb.do": {
                    "classes.dex.ru.ok.android.sdk.util.OkRequestUtil$Request": "const-string v1, \"https://api.ok.ru/fb.do\"\n"
                  }
                }
              },
              "connect.ok.ru": {
                "meta": {
                  "A": {
                    "199.59.149.203": "US"
                  },
                  "ICP": "ICP record undetected",
                  "ISP": [
                    "Twitter Inc."
                  ],
                  "locations": [
                    "US"
                  ],
                  "plugins": [
                    "DNS",
                    "ICP"
                  ]
                },
                "value": {
                  "https://connect.ok.ru/dk?st.cmd=": {
                    "classes.dex.ru.ok.android.sdk.AbstractWidgetActivity": "const-string v1, \"https://connect.ok.ru/dk?st.cmd=\"\n"
                  }
                }
              }
            }
          },
          "meta": {
            "url": "N/A",
            "description": "未查到组件信息",
            "version": "N/A"
          }
        }
      }
    },
    "profiler": "https://tosv.byted.org/obj/appscan-obj/aux/misc/393932313031323836383039373036profiler.json",
    "HTTP_API": [],
    "BasicInfo": {
      "AppInfo": {
        "name": "",
        "size": "4.79MB",
        "package": "com.fyber.fairbid.sdk",
        "versionName": null,
        "versionCode": null,
        "target_sdk": "",
        "min_sdk": "16",
        "max_sdk": "",
        "sha1": "8c645afbfb169a53a8603afcfd38737e57677be8"
      },
      "SignInfo": {
        "Is signed v1": false,
        "Is signed v2": false,
        "Is signed v3": false,
        "certs": [],
        "pkeys": []
      },
      "ComponentsInfo": {
        "unExportedActivities": [
          "com.fyber.fairbid.sdk.testsuite.views.TestSuiteActivity"
        ],
        "unExportedProviders": [
          "com.fyber.fairbid.internal.UncaughtExceptionHandlerContentProvider"
        ]
      },
      "PermissionInfo": [
        "android.permission.ACCESS_NETWORK_STATE",
        "android.permission.INTERNET"
      ],
      "DeobfApk": ""
    },
    "PermissionUsedDetails": {
      "declaredPermissions": [
        "android.permission.ACCESS_NETWORK_STATE",
        "android.permission.INTERNET"
      ],
      "usedPermissions": {
        "android.permission.INTERNET": {
          "level": "normal|instant",
          "description": "Allows applications to open network sockets",
          "positions": [
            "Default"
          ],
          "details": [
            {
              "caller": "N/A",
              "api": "N/A",
              "url": "N/A"
            }
          ]
        }
      },
      "declaredButNoUsed": {
        "android.permission.ACCESS_NETWORK_STATE": {
          "level": "normal|instant",
          "description": "Allows applications to access information about networks"
        }
      },
      "usedButNotDeclared": {}
    },
    "SDKComplianceList": []
  },
  0
]