[
  {
    "SecurityInfo": {},
    "ComplianceInfo": {
      "bluetooth MAC": {
        "472_api": {
          "complianceCategoryDetail": "bluetooth MAC",
          "deobfApk": "",
          "level": "low",
          "name": "472_api",
          "detail": "蓝牙MAC地址",
          "complianceCategory": "bluetooth MAC",
          "category": "ComplianceInfo",
          "vulners": [
            {
              "details": {
                "url": "https://tosv.byted.org/obj/appscan-obj/aux/misc/393933363030393337393635363731472_api.html",
                "position": "<com.yandex.runtime.sensors.internal.BleSubscription: void startScan()>",
                "target": [
                  "<com.yandex.runtime.sensors.internal.BleSubscription: void startScan()>",
                  "virtualinvoke $r6.<android.bluetooth.le.BluetoothLeScanner: void startScan(android.bluetooth.le.ScanCallback)>(r7)"
                ]
              },
              "hash": "c858049bf4071790df052b99b658d8929d47a10f"
            }
          ]
        },
        "473_api": {
          "complianceCategoryDetail": "bluetooth MAC",
          "deobfApk": "",
          "level": "low",
          "name": "473_api",
          "detail": "蓝牙MAC地址",
          "complianceCategory": "bluetooth MAC",
          "category": "ComplianceInfo",
          "vulners": [
            {
              "details": {
                "url": "https://tosv.byted.org/obj/appscan-obj/aux/misc/393933363031303637383136393430473_api.html",
                "position": "<com.yandex.runtime.sensors.internal.BleSubscription: void startScan()>",
                "target": [
                  "<com.yandex.runtime.sensors.internal.BleSubscription: void startScan()>",
                  "virtualinvoke $r6.<android.bluetooth.le.BluetoothLeScanner: void startScan(android.bluetooth.le.ScanCallback)>(r7)"
                ]
              },
              "hash": "c858049bf4071790df052b99b658d8929d47a10f"
            }
          ]
        },
        "474_api": {
          "complianceCategoryDetail": "bluetooth MAC",
          "deobfApk": "",
          "level": "low",
          "name": "474_api",
          "detail": "蓝牙MAC地址",
          "complianceCategory": "bluetooth MAC",
          "category": "ComplianceInfo",
          "vulners": [
            {
              "details": {
                "url": "https://tosv.byted.org/obj/appscan-obj/aux/misc/393933363031313930333231383031474_api.html",
                "position": "<com.yandex.runtime.sensors.internal.BleSubscription: void startScan()>",
                "target": [
                  "<com.yandex.runtime.sensors.internal.BleSubscription: void startScan()>",
                  "virtualinvoke $r6.<android.bluetooth.le.BluetoothLeScanner: void startScan(android.bluetooth.le.ScanCallback)>(r7)"
                ]
              },
              "hash": "c858049bf4071790df052b99b658d8929d47a10f"
            }
          ]
        },
        "468_api": {
          "complianceCategoryDetail": "bluetooth MAC",
          "deobfApk": "",
          "level": "low",
          "name": "468_api",
          "detail": "蓝牙MAC地址",
          "complianceCategory": "bluetooth MAC",
          "category": "ComplianceInfo",
          "vulners": [
            {
              "details": {
                "url": "https://tosv.byted.org/obj/appscan-obj/aux/misc/393933363030363337313730303232468_api.html",
                "position": "<com.yandex.runtime.sensors.internal.BleSubscription: void startScan()>",
                "target": [
                  "<com.yandex.runtime.sensors.internal.BleSubscription: void startScan()>",
                  "$z0_1 = virtualinvoke r1_2.<android.bluetooth.BluetoothAdapter: boolean startLeScan(android.bluetooth.BluetoothAdapter$LeScanCallback)>($r8)"
                ]
              },
              "hash": "83baf3b423eee0698febe9dc07235cb0c3d24b78"
            }
          ]
        },
        "467_api": {
          "complianceCategoryDetail": "bluetooth MAC",
          "deobfApk": "",
          "level": "low",
          "name": "467_api",
          "detail": "蓝牙MAC地址",
          "complianceCategory": "bluetooth MAC",
          "category": "ComplianceInfo",
          "vulners": [
            {
              "details": {
                "url": "https://tosv.byted.org/obj/appscan-obj/aux/misc/393933363030353139363936333830467_api.html",
                "position": "<com.yandex.runtime.sensors.internal.BleSubscription: void startScan()>",
                "target": [
                  "<com.yandex.runtime.sensors.internal.BleSubscription: void startScan()>",
                  "$z0_1 = virtualinvoke r1_2.<android.bluetooth.BluetoothAdapter: boolean startLeScan(android.bluetooth.BluetoothAdapter$LeScanCallback)>($r8)"
                ]
              },
              "hash": "83baf3b423eee0698febe9dc07235cb0c3d24b78"
            }
          ]
        }
      },
      "wifi": {
        "471_api": {
          "complianceCategoryDetail": "wifi",
          "deobfApk": "",
          "level": "low",
          "name": "471_api",
          "detail": "执行WiFi扫描，可能会被照明弹记录",
          "complianceCategory": "wifi",
          "category": "ComplianceInfo",
          "vulners": [
            {
              "details": {
                "url": "https://tosv.byted.org/obj/appscan-obj/aux/misc/393933363030373834363731363936471_api.html",
                "position": "<com.yandex.runtime.sensors.internal.wifi.WifiSubscription: void startScanImpl(long)>",
                "target": [
                  "<com.yandex.runtime.sensors.internal.wifi.WifiSubscription: void startScanImpl(long)>",
                  "$z0_1 = virtualinvoke r3_1.<android.net.wifi.WifiManager: boolean startScan()>()"
                ]
              },
              "hash": "d81dcf0481e30b9f5b7190419865b4b0a59cf404"
            }
          ]
        }
      },
      "bluetooth": {
        "480_api": {
          "complianceCategoryDetail": "bluetooth",
          "deobfApk": "",
          "level": "low",
          "name": "480_api",
          "detail": "取消BLE设备扫描",
          "complianceCategory": "bluetooth",
          "category": "ComplianceInfo",
          "vulners": [
            {
              "details": {
                "url": "https://tosv.byted.org/obj/appscan-obj/aux/misc/393933363031333838333434333533480_api.html",
                "position": "<com.yandex.runtime.sensors.internal.BleSubscription: void stopScan()>",
                "target": [
                  "<com.yandex.runtime.sensors.internal.BleSubscription: void stopScan()>",
                  "virtualinvoke r1_2.<android.bluetooth.BluetoothAdapter: void stopLeScan(android.bluetooth.BluetoothAdapter$LeScanCallback)>($r6)"
                ]
              },
              "hash": "3ceb62f90c3549a0850ea7cdfbd1da90016d8ece"
            }
          ]
        },
        "482_api": {
          "complianceCategoryDetail": "bluetooth",
          "deobfApk": "",
          "level": "low",
          "name": "482_api",
          "detail": "停止蓝牙扫描。",
          "complianceCategory": "bluetooth",
          "category": "ComplianceInfo",
          "vulners": [
            {
              "details": {
                "url": "https://tosv.byted.org/obj/appscan-obj/aux/misc/393933363031373034393135373339482_api.html",
                "position": "<com.yandex.runtime.sensors.internal.BleSubscription: void stopScan()>",
                "target": [
                  "<com.yandex.runtime.sensors.internal.BleSubscription: void stopScan()>",
                  "virtualinvoke $r4.<android.bluetooth.le.BluetoothLeScanner: void stopScan(android.bluetooth.le.ScanCallback)>($r5)"
                ]
              },
              "hash": "2846ff9370c66348084f13bb1904df317fd758ee"
            }
          ]
        },
        "481_api": {
          "complianceCategoryDetail": "bluetooth",
          "deobfApk": "",
          "level": "low",
          "name": "481_api",
          "detail": "停止蓝牙扫描。",
          "complianceCategory": "bluetooth",
          "category": "ComplianceInfo",
          "vulners": [
            {
              "details": {
                "url": "https://tosv.byted.org/obj/appscan-obj/aux/misc/393933363031353335343838363239481_api.html",
                "position": "<com.yandex.runtime.sensors.internal.BleSubscription: void stopScan()>",
                "target": [
                  "<com.yandex.runtime.sensors.internal.BleSubscription: void stopScan()>",
                  "virtualinvoke $r4.<android.bluetooth.le.BluetoothLeScanner: void stopScan(android.bluetooth.le.ScanCallback)>($r5)"
                ]
              },
              "hash": "2846ff9370c66348084f13bb1904df317fd758ee"
            }
          ]
        }
      },
      "SSIDBSSID": {
        "309_api": {
          "complianceCategoryDetail": "SSIDBSSID",
          "deobfApk": "",
          "level": "high",
          "name": "309_api",
          "detail": "SSID、BSSID",
          "complianceCategory": "SSIDBSSID",
          "category": "ComplianceInfo",
          "vulners": [
            {
              "details": {
                "url": "https://tosv.byted.org/obj/appscan-obj/aux/misc/393933353934353530323137343131309_api.html",
                "position": "<com.yandex.runtime.sensors.internal.wifi.WifiSubscription: void getScanResults()>",
                "target": [
                  "<com.yandex.runtime.sensors.internal.wifi.WifiSubscription: void getScanResults()>",
                  "$r3 = virtualinvoke r2.<android.net.wifi.WifiManager: java.util.List getScanResults()>()"
                ]
              },
              "hash": "ef3f296b7fb1117a7d879d16300c9aeb6fa56cf6"
            }
          ]
        },
        "555_api": {
          "complianceCategoryDetail": "SSIDBSSID",
          "deobfApk": "",
          "level": "high",
          "name": "555_api",
          "detail": "SSID",
          "complianceCategory": "SSIDBSSID",
          "category": "ComplianceInfo",
          "vulners": [
            {
              "details": {
                "url": "https://tosv.byted.org/obj/appscan-obj/aux/misc/393933363032303931383030373532555_api.html",
                "position": "<com.yandex.runtime.sensors.internal.wifi.WifiPointInfo: void <init>(android.net.wifi.WifiInfo)>",
                "target": [
                  "<com.yandex.runtime.sensors.internal.wifi.WifiPointInfo: void <init>(android.net.wifi.WifiInfo)>",
                  "$r2_1 = virtualinvoke $r1.<android.net.wifi.WifiInfo: java.lang.String getSSID()>()"
                ]
              },
              "hash": "0d1cc58af579b1549f096299f813a12fb6ab0876"
            }
          ]
        },
        "502_api": {
          "complianceCategoryDetail": "SSIDBSSID",
          "deobfApk": "",
          "level": "high",
          "name": "502_api",
          "detail": "SSID、BSSID",
          "complianceCategory": "SSIDBSSID",
          "category": "ComplianceInfo",
          "vulners": [
            {
              "details": {
                "position": "<com.yandex.runtime.sensors.internal.wifi.WifiSubscription: void startScanImpl(long)>",
                "url": "https://tosv.byted.org/obj/appscan-obj/aux/misc/393933363037383132383639323032502_api.html",
                "target": [
                  "<com.yandex.runtime.sensors.internal.wifi.WifiSubscription: void startScanImpl(long)>->@const_str:android.net.wifi.SCAN_RESULTS",
                  "<com.yandex.runtime.sensors.internal.wifi.WifiSubscription: void startScanImpl(long)>->r2"
                ],
                "entryMethod": "<com.yandex.runtime.sensors.internal.wifi.WifiSubscription: void startScanImpl(long)>",
                "Source": [
                  "specialinvoke r2.<android.content.IntentFilter: void <init>(java.lang.String)>(\"android.net.wifi.SCAN_RESULTS\")"
                ],
                "Sink": [
                  "virtualinvoke $r1.<android.content.Context: android.content.Intent registerReceiver(android.content.BroadcastReceiver,android.content.IntentFilter)>(r0, r2)"
                ]
              },
              "hash": "82da8230d40d10457bd9aaf650d879b6bcbd2fb8"
            }
          ]
        },
        "557_api": {
          "complianceCategoryDetail": "SSIDBSSID",
          "deobfApk": "",
          "level": "high",
          "name": "557_api",
          "detail": "BSSID",
          "complianceCategory": "SSIDBSSID",
          "category": "ComplianceInfo",
          "vulners": [
            {
              "details": {
                "url": "https://tosv.byted.org/obj/appscan-obj/aux/misc/393933363032323437303131393535557_api.html",
                "position": "<com.yandex.runtime.sensors.internal.wifi.WifiPointInfo: void <init>(android.net.wifi.WifiInfo)>",
                "target": [
                  "<com.yandex.runtime.sensors.internal.wifi.WifiPointInfo: void <init>(android.net.wifi.WifiInfo)>",
                  "$r2 = virtualinvoke $r1.<android.net.wifi.WifiInfo: java.lang.String getBSSID()>()"
                ]
              },
              "hash": "e708e0088d2e7e38dbc6c0ba83716d90d215c927"
            }
          ]
        }
      },
      "location": {
        "417_api": {
          "complianceCategoryDetail": "location",
          "deobfApk": "",
          "level": "low",
          "name": "417_api",
          "detail": "位置信息",
          "complianceCategory": "location",
          "category": "ComplianceInfo",
          "vulners": [
            {
              "details": {
                "url": "https://tosv.byted.org/obj/appscan-obj/aux/misc/393933363030303731353336303738417_api.html",
                "position": "<com.yandex.runtime.sensors.internal.LocationSubscription: void start()>",
                "target": [
                  "<com.yandex.runtime.sensors.internal.LocationSubscription: void start()>",
                  "virtualinvoke r2.<android.location.LocationManager: void requestLocationUpdates(java.lang.String,long,float,android.location.LocationListener)>($r1, $l0, $f0, r0)"
                ]
              },
              "hash": "76b464b58fd2264f51f7628d63e55dfec34d574d"
            }
          ]
        },
        "576_api": {
          "complianceCategoryDetail": "location",
          "deobfApk": "",
          "level": "high",
          "name": "576_api",
          "detail": "经度",
          "complianceCategory": "location",
          "category": "ComplianceInfo",
          "vulners": [
            {
              "details": {
                "url": "https://tosv.byted.org/obj/appscan-obj/aux/misc/393933363033323233383038303533576_api.html",
                "position": "<com.yandex.runtime.sensors.internal.CompassHeadingSubscription: float getDeclination()>",
                "target": [
                  "<com.yandex.runtime.sensors.internal.CompassHeadingSubscription: float getDeclination()>",
                  "$d0_1 = virtualinvoke $r1_5.<android.location.Location: double getLongitude()>()"
                ]
              },
              "hash": "94dbc6b837adc4a1ba9b42ed08ab5bb1a14c4355"
            }
          ]
        },
        "577_api": {
          "complianceCategoryDetail": "location",
          "deobfApk": "",
          "level": "high",
          "name": "577_api",
          "detail": "基站ID",
          "complianceCategory": "location",
          "category": "ComplianceInfo",
          "vulners": [
            {
              "details": {
                "url": "https://tosv.byted.org/obj/appscan-obj/aux/misc/393933363033353633323436313732577_api.html",
                "position": "<com.yandex.runtime.sensors.internal.CompassHeadingSubscription: float getDeclination()>",
                "target": [
                  "<com.yandex.runtime.sensors.internal.CompassHeadingSubscription: float getDeclination()>",
                  "$d0_2 = virtualinvoke $r1_7.<android.location.Location: double getAltitude()>()"
                ]
              },
              "hash": "81266ae680138e449c4cbe95341ff7b6df54418a"
            }
          ]
        },
        "415_api": {
          "complianceCategoryDetail": "location",
          "deobfApk": "",
          "level": "low",
          "name": "415_api",
          "detail": "位置信息",
          "complianceCategory": "location",
          "category": "ComplianceInfo",
          "vulners": [
            {
              "details": {
                "url": "https://tosv.byted.org/obj/appscan-obj/aux/misc/393933353939363336333032363034415_api.html",
                "position": "<com.yandex.runtime.sensors.internal.LocationSubscription: void start()>",
                "target": [
                  "<com.yandex.runtime.sensors.internal.LocationSubscription: void start()>",
                  "virtualinvoke r2.<android.location.LocationManager: void requestLocationUpdates(java.lang.String,long,float,android.location.LocationListener)>($r1, $l0, $f0, r0)"
                ]
              },
              "hash": "76b464b58fd2264f51f7628d63e55dfec34d574d"
            }
          ]
        },
        "203_api": {
          "complianceCategoryDetail": "location",
          "deobfApk": "",
          "level": "high",
          "name": "203_api",
          "detail": "位置信息",
          "complianceCategory": "location",
          "category": "ComplianceInfo",
          "vulners": [
            {
              "details": {
                "url": "https://tosv.byted.org/obj/appscan-obj/aux/misc/393933353932313436373333333731203_api.html",
                "position": "<com.yandex.runtime.sensors.internal.telephony.TelephonyUtils: java.util.List getAllCellInfo(android.telephony.TelephonyManager)>",
                "target": [
                  "<com.yandex.runtime.sensors.internal.telephony.TelephonyUtils: java.util.List getAllCellInfo(android.telephony.TelephonyManager)>",
                  "$r2 = virtualinvoke $r0.<android.telephony.TelephonyManager: java.util.List getAllCellInfo()>()"
                ]
              },
              "hash": "aa4cd03d49a22e07396f94266c14fc35af187989"
            }
          ]
        },
        "413_api": {
          "complianceCategoryDetail": "location",
          "deobfApk": "",
          "level": "low",
          "name": "413_api",
          "detail": "位置信息",
          "complianceCategory": "location",
          "category": "ComplianceInfo",
          "vulners": [
            {
              "details": {
                "url": "https://tosv.byted.org/obj/appscan-obj/aux/misc/393933353939323934313835333937413_api.html",
                "position": "<com.yandex.runtime.sensors.internal.LocationSubscription: void start()>",
                "target": [
                  "<com.yandex.runtime.sensors.internal.LocationSubscription: void start()>",
                  "virtualinvoke r2.<android.location.LocationManager: void requestLocationUpdates(java.lang.String,long,float,android.location.LocationListener)>($r1, $l0, $f0, r0)"
                ]
              },
              "hash": "76b464b58fd2264f51f7628d63e55dfec34d574d"
            }
          ]
        },
        "411_api": {
          "complianceCategoryDetail": "location",
          "deobfApk": "",
          "level": "low",
          "name": "411_api",
          "detail": "位置信息",
          "complianceCategory": "location",
          "category": "ComplianceInfo",
          "vulners": [
            {
              "details": {
                "url": "https://tosv.byted.org/obj/appscan-obj/aux/misc/393933353938393930343231323236411_api.html",
                "position": "<com.yandex.runtime.sensors.internal.LocationSubscription: void start()>",
                "target": [
                  "<com.yandex.runtime.sensors.internal.LocationSubscription: void start()>",
                  "virtualinvoke r2.<android.location.LocationManager: void requestLocationUpdates(java.lang.String,long,float,android.location.LocationListener)>($r1, $l0, $f0, r0)"
                ]
              },
              "hash": "76b464b58fd2264f51f7628d63e55dfec34d574d"
            }
          ]
        },
        "575_api": {
          "complianceCategoryDetail": "location",
          "deobfApk": "",
          "level": "high",
          "name": "575_api",
          "detail": "纬度",
          "complianceCategory": "location",
          "category": "ComplianceInfo",
          "vulners": [
            {
              "details": {
                "url": "https://tosv.byted.org/obj/appscan-obj/aux/misc/393933363032353134303339313336575_api.html",
                "position": "<com.yandex.runtime.sensors.internal.CompassHeadingSubscription: float getDeclination()>",
                "target": [
                  "<com.yandex.runtime.sensors.internal.CompassHeadingSubscription: float getDeclination()>",
                  "$d0 = virtualinvoke $r1_4.<android.location.Location: double getLatitude()>()"
                ]
              },
              "hash": "7c5e7bd5e0758239a7e88f8a4888ce1bc073475a"
            }
          ]
        },
        "416_api": {
          "complianceCategoryDetail": "location",
          "deobfApk": "",
          "level": "low",
          "name": "416_api",
          "detail": "位置信息",
          "complianceCategory": "location",
          "category": "ComplianceInfo",
          "vulners": [
            {
              "details": {
                "url": "https://tosv.byted.org/obj/appscan-obj/aux/misc/393933353939373736303535303535416_api.html",
                "position": "<com.yandex.runtime.sensors.internal.LocationSubscription: void start()>",
                "target": [
                  "<com.yandex.runtime.sensors.internal.LocationSubscription: void start()>",
                  "virtualinvoke r2.<android.location.LocationManager: void requestLocationUpdates(java.lang.String,long,float,android.location.LocationListener)>($r1, $l0, $f0, r0)"
                ]
              },
              "hash": "76b464b58fd2264f51f7628d63e55dfec34d574d"
            }
          ]
        },
        "414_api": {
          "complianceCategoryDetail": "location",
          "deobfApk": "",
          "level": "low",
          "name": "414_api",
          "detail": "位置信息",
          "complianceCategory": "location",
          "category": "ComplianceInfo",
          "vulners": [
            {
              "details": {
                "url": "https://tosv.byted.org/obj/appscan-obj/aux/misc/393933353939353138313533323930414_api.html",
                "position": "<com.yandex.runtime.sensors.internal.LocationSubscription: void start()>",
                "target": [
                  "<com.yandex.runtime.sensors.internal.LocationSubscription: void start()>",
                  "virtualinvoke r2.<android.location.LocationManager: void requestLocationUpdates(java.lang.String,long,float,android.location.LocationListener)>($r1, $l0, $f0, r0)"
                ]
              },
              "hash": "76b464b58fd2264f51f7628d63e55dfec34d574d"
            }
          ]
        },
        "280_api": {
          "complianceCategoryDetail": "location",
          "deobfApk": "",
          "level": "high",
          "name": "280_api",
          "detail": "位置信息",
          "complianceCategory": "location",
          "category": "ComplianceInfo",
          "vulners": [
            {
              "details": {
                "url": "https://tosv.byted.org/obj/appscan-obj/aux/misc/393933353933343038353137343033280_api.html",
                "position": "<com.yandex.runtime.sensors.internal.CompassHeadingSubscription: android.location.Location getLastKnownLocation()>",
                "target": [
                  "<com.yandex.runtime.sensors.internal.CompassHeadingSubscription: android.location.Location getLastKnownLocation()>",
                  "$r3 = virtualinvoke r2.<android.location.LocationManager: android.location.Location getLastKnownLocation(java.lang.String)>(\"gps\")"
                ]
              },
              "hash": "ac0e00a2f73409112e2e3b1cbda19d720a39049b"
            },
            {
              "details": {
                "url": "https://tosv.byted.org/obj/appscan-obj/aux/misc/393933353934313631353035353939280_api.html",
                "position": "<com.yandex.runtime.sensors.internal.LastKnownLocation: android.location.Location getLastKnownLocation()>",
                "target": [
                  "<com.yandex.runtime.sensors.internal.LastKnownLocation: android.location.Location getLastKnownLocation()>",
                  "$r3_1 = virtualinvoke r2.<android.location.LocationManager: android.location.Location getLastKnownLocation(java.lang.String)>(\"network\")"
                ]
              },
              "hash": "822c7dc18298dcb7e98b8e989cbf8e310461db0a"
            }
          ]
        },
        "412_api": {
          "complianceCategoryDetail": "location",
          "deobfApk": "",
          "level": "low",
          "name": "412_api",
          "detail": "位置信息",
          "complianceCategory": "location",
          "category": "ComplianceInfo",
          "vulners": [
            {
              "details": {
                "url": "https://tosv.byted.org/obj/appscan-obj/aux/misc/393933353939313132333732313739412_api.html",
                "position": "<com.yandex.runtime.sensors.internal.LocationSubscription: void start()>",
                "target": [
                  "<com.yandex.runtime.sensors.internal.LocationSubscription: void start()>",
                  "virtualinvoke r2.<android.location.LocationManager: void requestLocationUpdates(java.lang.String,long,float,android.location.LocationListener)>($r1, $l0, $f0, r0)"
                ]
              },
              "hash": "76b464b58fd2264f51f7628d63e55dfec34d574d"
            }
          ]
        }
      },
      "sensor": {
        "394_api": {
          "complianceCategoryDetail": "sensor",
          "deobfApk": "",
          "level": "low",
          "name": "394_api",
          "detail": "传感器",
          "complianceCategory": "sensor",
          "category": "ComplianceInfo",
          "vulners": [
            {
              "details": {
                "url": "https://tosv.byted.org/obj/appscan-obj/aux/misc/393933353936333535373139393831394_api.html",
                "position": "<com.yandex.runtime.sensors.internal.SensorSubscription: void start()>",
                "target": [
                  "<com.yandex.runtime.sensors.internal.SensorSubscription: void start()>",
                  "virtualinvoke r2_1.<android.hardware.SensorManager: boolean registerListener(android.hardware.SensorEventListener,android.hardware.Sensor,int)>(r0, $r1, $i0_2)"
                ]
              },
              "hash": "0ccb3038b6e6d5525176bca46b101bf51e23320c"
            },
            {
              "details": {
                "url": "https://tosv.byted.org/obj/appscan-obj/aux/misc/393933353936373830393932313839394_api.html",
                "position": "<com.yandex.runtime.sensors.internal.CompassHeadingSubscription: void start()>",
                "target": [
                  "<com.yandex.runtime.sensors.internal.CompassHeadingSubscription: void start()>",
                  "virtualinvoke r1_5.<android.hardware.SensorManager: boolean registerListener(android.hardware.SensorEventListener,android.hardware.Sensor,int)>(r0, $r3, 3)"
                ]
              },
              "hash": "e2a7506f336322aacd71312129fcdd9f98c56190"
            }
          ]
        },
        "636_api": {
          "complianceCategoryDetail": "sensor",
          "deobfApk": "",
          "level": "high",
          "name": "636_api",
          "detail": "陀螺仪传感器",
          "complianceCategory": "sensor",
          "category": "ComplianceInfo",
          "vulners": [
            {
              "details": {
                "ConstValue": "4",
                "position": "<com.yandex.runtime.sensors.internal.SensorSubscription: boolean isSensorAvailable(int)>",
                "url": "https://tosv.byted.org/obj/appscan-obj/aux/misc/393933363039333634373835363636636_api.html",
                "target": [
                  "<com.yandex.runtime.sensors.internal.SensorSubscription: boolean isSensorAvailable(int)>",
                  "<android.hardware.SensorManager: android.hardware.Sensor getDefaultSensor(int)>",
                  "4"
                ]
              },
              "hash": "d1052d503fafa6fb9594fff058016ddb515c86e0"
            }
          ]
        },
        "396_api": {
          "complianceCategoryDetail": "sensor",
          "deobfApk": "",
          "level": "low",
          "name": "396_api",
          "detail": "传感器",
          "complianceCategory": "sensor",
          "category": "ComplianceInfo",
          "vulners": [
            {
              "details": {
                "url": "https://tosv.byted.org/obj/appscan-obj/aux/misc/393933353937343135383738393631396_api.html",
                "position": "<com.yandex.runtime.sensors.internal.SensorSubscription: void start()>",
                "target": [
                  "<com.yandex.runtime.sensors.internal.SensorSubscription: void start()>",
                  "virtualinvoke r2_1.<android.hardware.SensorManager: boolean registerListener(android.hardware.SensorEventListener,android.hardware.Sensor,int)>(r0, $r1, $i0_2)"
                ]
              },
              "hash": "0ccb3038b6e6d5525176bca46b101bf51e23320c"
            },
            {
              "details": {
                "url": "https://tosv.byted.org/obj/appscan-obj/aux/misc/393933353937383237323631343538396_api.html",
                "position": "<com.yandex.runtime.sensors.internal.CompassHeadingSubscription: void start()>",
                "target": [
                  "<com.yandex.runtime.sensors.internal.CompassHeadingSubscription: void start()>",
                  "virtualinvoke r1_5.<android.hardware.SensorManager: boolean registerListener(android.hardware.SensorEventListener,android.hardware.Sensor,int)>(r0, $r3, 3)"
                ]
              },
              "hash": "e2a7506f336322aacd71312129fcdd9f98c56190"
            }
          ]
        },
        "651_api": {
          "complianceCategoryDetail": "sensor",
          "deobfApk": "",
          "level": "high",
          "name": "651_api",
          "detail": "加速度传感器",
          "complianceCategory": "sensor",
          "category": "ComplianceInfo",
          "vulners": [
            {
              "details": {
                "ConstValue": "1",
                "position": "<com.yandex.runtime.sensors.internal.CompassHeadingSubscription: void start()>",
                "url": "https://tosv.byted.org/obj/appscan-obj/aux/misc/393933363131373433303538303535651_api.html",
                "target": [
                  "<com.yandex.runtime.sensors.internal.CompassHeadingSubscription: void start()>",
                  "<android.hardware.SensorManager: boolean registerListener(android.hardware.SensorEventListener,android.hardware.Sensor,int)>",
                  "1"
                ]
              },
              "hash": "4e912164bb94053a24caf62aef30215ac2f3a1dc"
            }
          ]
        },
        "398_api": {
          "complianceCategoryDetail": "sensor",
          "deobfApk": "",
          "level": "low",
          "name": "398_api",
          "detail": "传感器",
          "complianceCategory": "sensor",
          "category": "ComplianceInfo",
          "vulners": [
            {
              "details": {
                "url": "https://tosv.byted.org/obj/appscan-obj/aux/misc/393933353938343835363139393437398_api.html",
                "position": "<com.yandex.runtime.sensors.internal.SensorSubscription: void start()>",
                "target": [
                  "<com.yandex.runtime.sensors.internal.SensorSubscription: void start()>",
                  "virtualinvoke r2_1.<android.hardware.SensorManager: boolean registerListener(android.hardware.SensorEventListener,android.hardware.Sensor,int)>(r0, $r1, $i0_2)"
                ]
              },
              "hash": "0ccb3038b6e6d5525176bca46b101bf51e23320c"
            },
            {
              "details": {
                "url": "https://tosv.byted.org/obj/appscan-obj/aux/misc/393933353938363434363631353930398_api.html",
                "position": "<com.yandex.runtime.sensors.internal.CompassHeadingSubscription: void start()>",
                "target": [
                  "<com.yandex.runtime.sensors.internal.CompassHeadingSubscription: void start()>",
                  "virtualinvoke r1_5.<android.hardware.SensorManager: boolean registerListener(android.hardware.SensorEventListener,android.hardware.Sensor,int)>(r0, $r3, 3)"
                ]
              },
              "hash": "e2a7506f336322aacd71312129fcdd9f98c56190"
            }
          ]
        },
        "395_api": {
          "complianceCategoryDetail": "sensor",
          "deobfApk": "",
          "level": "low",
          "name": "395_api",
          "detail": "传感器",
          "complianceCategory": "sensor",
          "category": "ComplianceInfo",
          "vulners": [
            {
              "details": {
                "url": "https://tosv.byted.org/obj/appscan-obj/aux/misc/393933353936393533383639343231395_api.html",
                "position": "<com.yandex.runtime.sensors.internal.SensorSubscription: void start()>",
                "target": [
                  "<com.yandex.runtime.sensors.internal.SensorSubscription: void start()>",
                  "virtualinvoke r2_1.<android.hardware.SensorManager: boolean registerListener(android.hardware.SensorEventListener,android.hardware.Sensor,int)>(r0, $r1, $i0_2)"
                ]
              },
              "hash": "0ccb3038b6e6d5525176bca46b101bf51e23320c"
            },
            {
              "details": {
                "url": "https://tosv.byted.org/obj/appscan-obj/aux/misc/393933353937303830323237363839395_api.html",
                "position": "<com.yandex.runtime.sensors.internal.CompassHeadingSubscription: void start()>",
                "target": [
                  "<com.yandex.runtime.sensors.internal.CompassHeadingSubscription: void start()>",
                  "virtualinvoke r1_5.<android.hardware.SensorManager: boolean registerListener(android.hardware.SensorEventListener,android.hardware.Sensor,int)>(r0, $r3, 3)"
                ]
              },
              "hash": "e2a7506f336322aacd71312129fcdd9f98c56190"
            }
          ]
        },
        "647_api": {
          "complianceCategoryDetail": "sensor",
          "deobfApk": "",
          "level": "high",
          "name": "647_api",
          "detail": "加速度传感器",
          "complianceCategory": "sensor",
          "category": "ComplianceInfo",
          "vulners": [
            {
              "details": {
                "ConstValue": "1",
                "position": "<com.yandex.runtime.sensors.internal.CompassHeadingSubscription: boolean checkCompassAvailable()>",
                "url": "https://tosv.byted.org/obj/appscan-obj/aux/misc/393933363034303635323839383137647_api.html",
                "target": [
                  "<com.yandex.runtime.sensors.internal.CompassHeadingSubscription: boolean checkCompassAvailable()>",
                  "<android.hardware.SensorManager: android.hardware.Sensor getDefaultSensor(int)>",
                  "1"
                ]
              },
              "hash": "2d7453d973195de22ab8d702bf1c76674fc86765"
            },
            {
              "details": {
                "ConstValue": "1",
                "position": "<com.yandex.runtime.sensors.internal.CompassHeadingSubscription: void start()>",
                "url": "https://tosv.byted.org/obj/appscan-obj/aux/misc/393933363034333033393434323939647_api.html",
                "target": [
                  "<com.yandex.runtime.sensors.internal.CompassHeadingSubscription: void start()>",
                  "<android.hardware.SensorManager: android.hardware.Sensor getDefaultSensor(int)>",
                  "1"
                ]
              },
              "hash": "4e912164bb94053a24caf62aef30215ac2f3a1dc"
            },
            {
              "details": {
                "ConstValue": "1",
                "position": "<com.yandex.runtime.sensors.internal.SensorSubscription: boolean isSensorAvailable(int)>",
                "url": "https://tosv.byted.org/obj/appscan-obj/aux/misc/393933363130373238363138333439647_api.html",
                "target": [
                  "<com.yandex.runtime.sensors.internal.SensorSubscription: boolean isSensorAvailable(int)>",
                  "<android.hardware.SensorManager: android.hardware.Sensor getDefaultSensor(int)>",
                  "1"
                ]
              },
              "hash": "699c635dc05e43ba9e7ebb046b76bfa5f400fed3"
            }
          ]
        },
        "393_api": {
          "complianceCategoryDetail": "sensor",
          "deobfApk": "",
          "level": "low",
          "name": "393_api",
          "detail": "传感器",
          "complianceCategory": "sensor",
          "category": "ComplianceInfo",
          "vulners": [
            {
              "details": {
                "url": "https://tosv.byted.org/obj/appscan-obj/aux/misc/393933353935343830333034373830393_api.html",
                "position": "<com.yandex.runtime.sensors.internal.SensorSubscription: void start()>",
                "target": [
                  "<com.yandex.runtime.sensors.internal.SensorSubscription: void start()>",
                  "virtualinvoke r2_1.<android.hardware.SensorManager: boolean registerListener(android.hardware.SensorEventListener,android.hardware.Sensor,int)>(r0, $r1, $i0_2)"
                ]
              },
              "hash": "0ccb3038b6e6d5525176bca46b101bf51e23320c"
            },
            {
              "details": {
                "url": "https://tosv.byted.org/obj/appscan-obj/aux/misc/393933353935393934313634383137393_api.html",
                "position": "<com.yandex.runtime.sensors.internal.CompassHeadingSubscription: void start()>",
                "target": [
                  "<com.yandex.runtime.sensors.internal.CompassHeadingSubscription: void start()>",
                  "virtualinvoke r1_5.<android.hardware.SensorManager: boolean registerListener(android.hardware.SensorEventListener,android.hardware.Sensor,int)>(r0, $r3, 3)"
                ]
              },
              "hash": "e2a7506f336322aacd71312129fcdd9f98c56190"
            }
          ]
        },
        "397_api": {
          "complianceCategoryDetail": "sensor",
          "deobfApk": "",
          "level": "low",
          "name": "397_api",
          "detail": "传感器",
          "complianceCategory": "sensor",
          "category": "ComplianceInfo",
          "vulners": [
            {
              "details": {
                "url": "https://tosv.byted.org/obj/appscan-obj/aux/misc/393933353938303634313439323434397_api.html",
                "position": "<com.yandex.runtime.sensors.internal.SensorSubscription: void start()>",
                "target": [
                  "<com.yandex.runtime.sensors.internal.SensorSubscription: void start()>",
                  "virtualinvoke r2_1.<android.hardware.SensorManager: boolean registerListener(android.hardware.SensorEventListener,android.hardware.Sensor,int)>(r0, $r1, $i0_2)"
                ]
              },
              "hash": "0ccb3038b6e6d5525176bca46b101bf51e23320c"
            },
            {
              "details": {
                "url": "https://tosv.byted.org/obj/appscan-obj/aux/misc/393933353938333535323734303233397_api.html",
                "position": "<com.yandex.runtime.sensors.internal.CompassHeadingSubscription: void start()>",
                "target": [
                  "<com.yandex.runtime.sensors.internal.CompassHeadingSubscription: void start()>",
                  "virtualinvoke r1_5.<android.hardware.SensorManager: boolean registerListener(android.hardware.SensorEventListener,android.hardware.Sensor,int)>(r0, $r3, 3)"
                ]
              },
              "hash": "e2a7506f336322aacd71312129fcdd9f98c56190"
            }
          ]
        },
        "648_api": {
          "complianceCategoryDetail": "sensor",
          "deobfApk": "",
          "level": "high",
          "name": "648_api",
          "detail": "加速度传感器",
          "complianceCategory": "sensor",
          "category": "ComplianceInfo",
          "vulners": [
            {
              "details": {
                "ConstValue": "1",
                "position": "<com.yandex.runtime.sensors.internal.CompassHeadingSubscription: boolean checkCompassAvailable()>",
                "url": "https://tosv.byted.org/obj/appscan-obj/aux/misc/393933363034363732363536353230648_api.html",
                "target": [
                  "<com.yandex.runtime.sensors.internal.CompassHeadingSubscription: boolean checkCompassAvailable()>",
                  "<android.hardware.SensorManager: android.hardware.Sensor getDefaultSensor(int)>",
                  "1"
                ]
              },
              "hash": "2d7453d973195de22ab8d702bf1c76674fc86765"
            },
            {
              "details": {
                "ConstValue": "1",
                "position": "<com.yandex.runtime.sensors.internal.CompassHeadingSubscription: void start()>",
                "url": "https://tosv.byted.org/obj/appscan-obj/aux/misc/393933363034383339323335353938648_api.html",
                "target": [
                  "<com.yandex.runtime.sensors.internal.CompassHeadingSubscription: void start()>",
                  "<android.hardware.SensorManager: android.hardware.Sensor getDefaultSensor(int)>",
                  "1"
                ]
              },
              "hash": "4e912164bb94053a24caf62aef30215ac2f3a1dc"
            },
            {
              "details": {
                "ConstValue": "1",
                "position": "<com.yandex.runtime.sensors.internal.SensorSubscription: boolean isSensorAvailable(int)>",
                "url": "https://tosv.byted.org/obj/appscan-obj/aux/misc/393933363130383032303138363633648_api.html",
                "target": [
                  "<com.yandex.runtime.sensors.internal.SensorSubscription: boolean isSensorAvailable(int)>",
                  "<android.hardware.SensorManager: android.hardware.Sensor getDefaultSensor(int)>",
                  "1"
                ]
              },
              "hash": "699c635dc05e43ba9e7ebb046b76bfa5f400fed3"
            }
          ]
        },
        "635_api": {
          "complianceCategoryDetail": "sensor",
          "deobfApk": "",
          "level": "high",
          "name": "635_api",
          "detail": "陀螺仪传感器",
          "complianceCategory": "sensor",
          "category": "ComplianceInfo",
          "vulners": [
            {
              "details": {
                "ConstValue": "4",
                "position": "<com.yandex.runtime.sensors.internal.SensorSubscription: boolean isSensorAvailable(int)>",
                "url": "https://tosv.byted.org/obj/appscan-obj/aux/misc/393933363039333539393036323233635_api.html",
                "target": [
                  "<com.yandex.runtime.sensors.internal.SensorSubscription: boolean isSensorAvailable(int)>",
                  "<android.hardware.SensorManager: android.hardware.Sensor getDefaultSensor(int)>",
                  "4"
                ]
              },
              "hash": "d1052d503fafa6fb9594fff058016ddb515c86e0"
            }
          ]
        },
        "650_api": {
          "complianceCategoryDetail": "sensor",
          "deobfApk": "",
          "level": "high",
          "name": "650_api",
          "detail": "加速度传感器",
          "complianceCategory": "sensor",
          "category": "ComplianceInfo",
          "vulners": [
            {
              "details": {
                "ConstValue": "1",
                "position": "<com.yandex.runtime.sensors.internal.CompassHeadingSubscription: void start()>",
                "url": "https://tosv.byted.org/obj/appscan-obj/aux/misc/393933363131303236313435303239650_api.html",
                "target": [
                  "<com.yandex.runtime.sensors.internal.CompassHeadingSubscription: void start()>",
                  "<android.hardware.SensorManager: boolean registerListener(android.hardware.SensorEventListener,android.hardware.Sensor,int)>",
                  "1"
                ]
              },
              "hash": "4e912164bb94053a24caf62aef30215ac2f3a1dc"
            }
          ]
        }
      }
    },
    "DeepLinkInfo": {},
    "JsBridgeInfo": {},
    "UrlRegion": {
      "filter": {
        "N/A:N/A": {
          "value": {
            "境外": {
              "api.ok.ru": {
                "value": {
                  "https://api.ok.ru/fb.do": {
                    "classes.dex.ru.ok.android.sdk.util.OkRequestUtil$Request": "const-string v1, \"https://api.ok.ru/fb.do\"\n"
                  }
                },
                "meta": {
                  "A": {
                    "108.160.162.109": "US"
                  },
                  "ICP": "ICP record undetected",
                  "ISP": [
                    "Dropbox, Inc."
                  ],
                  "locations": [
                    "US"
                  ],
                  "plugins": [
                    "DNS",
                    "ICP"
                  ]
                }
              },
              "connect.ok.ru": {
                "value": {
                  "https://connect.ok.ru/dk?st.cmd=": {
                    "classes.dex.ru.ok.android.sdk.AbstractWidgetActivity": "const-string v1, \"https://connect.ok.ru/dk?st.cmd=\"\n"
                  }
                },
                "meta": {
                  "A": {
                    "199.59.149.203": "US"
                  },
                  "ICP": "ICP record undetected",
                  "ISP": [
                    "Twitter Inc."
                  ],
                  "locations": [
                    "US"
                  ],
                  "plugins": [
                    "DNS",
                    "ICP"
                  ]
                }
              }
            }
          },
          "meta": {
            "url": "N/A",
            "description": "未查到组件信息",
            "version": "N/A"
          }
        }
      },
      "full": {
        "N/A:N/A": {
          "value": {
            "US": {
              "api.ok.ru": {
                "meta": {
                  "A": {
                    "108.160.162.109": "US"
                  },
                  "ICP": "ICP record undetected",
                  "ISP": [
                    "Dropbox, Inc."
                  ],
                  "locations": [
                    "US"
                  ],
                  "plugins": [
                    "DNS",
                    "ICP"
                  ]
                },
                "value": {
                  "https://api.ok.ru/fb.do": {
                    "classes.dex.ru.ok.android.sdk.util.OkRequestUtil$Request": "const-string v1, \"https://api.ok.ru/fb.do\"\n"
                  }
                }
              },
              "connect.ok.ru": {
                "meta": {
                  "A": {
                    "199.59.149.203": "US"
                  },
                  "ICP": "ICP record undetected",
                  "ISP": [
                    "Twitter Inc."
                  ],
                  "locations": [
                    "US"
                  ],
                  "plugins": [
                    "DNS",
                    "ICP"
                  ]
                },
                "value": {
                  "https://connect.ok.ru/dk?st.cmd=": {
                    "classes.dex.ru.ok.android.sdk.AbstractWidgetActivity": "const-string v1, \"https://connect.ok.ru/dk?st.cmd=\"\n"
                  }
                }
              }
            }
          },
          "meta": {
            "url": "N/A",
            "description": "未查到组件信息",
            "version": "N/A"
          }
        }
      }
    },
    "profiler": "https://tosv.byted.org/obj/appscan-obj/aux/misc/393933363135383831303937333538profiler.json",
    "HTTP_API": [],
    "BasicInfo": {
      "AppInfo": {
        "name": "",
        "size": "28.45MB",
        "package": "com.yandex.maps.mobile",
        "versionName": "1.0.0",
        "versionCode": "100000",
        "target_sdk": "30",
        "min_sdk": "21",
        "max_sdk": "",
        "sha1": "f4989643a39daadcce024489d8c0de0eb57478ed"
      },
      "SignInfo": {
        "Is signed v1": false,
        "Is signed v2": false,
        "Is signed v3": false,
        "certs": [],
        "pkeys": []
      },
      "ComponentsInfo": {
        "exportedReceivers": [
          "com.yandex.runtime.sensors.internal.wifi.WifiSubscription",
          "com.yandex.runtime.connectivity.internal.ConnectivitySubscription"
        ],
        "unExportedServices": [
          "com.yandex.runtime.connectivity.internal.ConnectivityService",
          "com.evernote.android.job.patched.internal.v14.PlatformAlarmService",
          "com.evernote.android.job.patched.internal.v14.PlatformAlarmServiceExact",
          "com.evernote.android.job.patched.internal.v21.PlatformJobService",
          "com.evernote.android.job.patched.internal.JobRescheduleService"
        ],
        "unExportedReceivers": [
          "com.evernote.android.job.patched.internal.v14.PlatformAlarmReceiver",
          "com.evernote.android.job.patched.internal.JobBootReceiver"
        ]
      },
      "PermissionInfo": [
        "android.permission.ACCESS_NETWORK_STATE",
        "android.permission.RECEIVE_BOOT_COMPLETED",
        "android.permission.ACCESS_WIFI_STATE",
        "android.permission.ACCESS_FINE_LOCATION",
        "android.permission.INTERNET",
        "android.permission.CHANGE_WIFI_STATE",
        "android.permission.WAKE_LOCK"
      ],
      "DeobfApk": ""
    },
    "PermissionUsedDetails": {
      "declaredPermissions": [
        "android.permission.ACCESS_NETWORK_STATE",
        "android.permission.RECEIVE_BOOT_COMPLETED",
        "android.permission.ACCESS_WIFI_STATE",
        "android.permission.ACCESS_FINE_LOCATION",
        "android.permission.INTERNET",
        "android.permission.CHANGE_WIFI_STATE",
        "android.permission.WAKE_LOCK"
      ],
      "usedPermissions": {
        "android.permission.INTERNET": {
          "level": "normal|instant",
          "description": "Allows applications to open network sockets",
          "positions": [
            "Default"
          ],
          "details": [
            {
              "caller": "N/A",
              "api": "N/A",
              "url": "N/A"
            }
          ]
        }
      },
      "declaredButNoUsed": {
        "android.permission.ACCESS_NETWORK_STATE": {
          "level": "normal|instant",
          "description": "Allows applications to access information about networks"
        },
        "android.permission.RECEIVE_BOOT_COMPLETED": {
          "level": "normal",
          "description": "Allows an application to receive the android.content.Intent#ACTION_BOOT_COMPLETED that is broadcast after the system finishes booting. If you don't request this permission, you will not receive the broadcast at that time. Though holding this permission does not have any security implications, it can have a negative impact on the user experience by increasing the amount of time it takes the system to start and allowing applications to have themselves running without the user being aware of them. As such, you must explicitly declare your use of this facility to make that visible to the user"
        },
        "android.permission.ACCESS_WIFI_STATE": {
          "level": "normal",
          "description": "Allows applications to access information about Wi-Fi networks"
        },
        "android.permission.ACCESS_FINE_LOCATION": {
          "level": "dangerous|instant",
          "description": "Allows an app to access precise location. Alternatively, you might want ACCESS_COARSE_LOCATION"
        },
        "android.permission.CHANGE_WIFI_STATE": {
          "level": "normal",
          "description": "Allows applications to change Wi-Fi connectivity state"
        },
        "android.permission.WAKE_LOCK": {
          "level": "normal|instant",
          "description": "Allows using PowerManager WakeLocks to keep processor from sleeping or screen from dimming"
        }
      },
      "usedButNotDeclared": {}
    },
    "SDKComplianceList": []
  },
  0
]