[
  {
    "SecurityInfo": {},
    "ComplianceInfo": {
      "carrier info": {
        "299_api": {
          "complianceCategoryDetail": "carrier info",
          "deobfApk": "",
          "level": "low",
          "name": "299_api",
          "detail": "获取移动网络类型，比如GSM、CDMA、LTE等。可能会被照明弹记录。",
          "complianceCategory": "carrier info",
          "category": "ComplianceInfo",
          "vulners": [
            {
              "details": {
                "url": "https://tosv.byted.org/obj/appscan-obj/aux/misc/393931393235353931323138323839299_api.html",
                "position": "<com.mparticle.internal.MPUtility: java.lang.Integer getNetworkType(android.content.Context,android.telephony.TelephonyManager)>",
                "target": [
                  "<com.mparticle.internal.MPUtility: java.lang.Integer getNetworkType(android.content.Context,android.telephony.TelephonyManager)>",
                  "$i0 = virtualinvoke $r0.<android.telephony.TelephonyManager: int getNetworkType()>()"
                ]
              },
              "hash": "bf6220cc57a263ab39f62ef32b8996333e9ea0fd"
            }
          ]
        }
      },
      "Android_ID": {
        "550_api": {
          "complianceCategoryDetail": "Android_ID",
          "deobfApk": "",
          "level": "high",
          "name": "550_api",
          "detail": "Android_ID",
          "complianceCategory": "Android_ID",
          "category": "ComplianceInfo",
          "vulners": [
            {
              "details": {
                "ConstValue": "android_id",
                "position": "<com.mparticle.internal.MPUtility: java.lang.String getAndroidID(android.content.Context)>",
                "url": "https://tosv.byted.org/obj/appscan-obj/aux/misc/393931393238383435333739323337550_api.html",
                "target": [
                  "<com.mparticle.internal.MPUtility: java.lang.String getAndroidID(android.content.Context)>",
                  "<android.provider.Settings$Secure: java.lang.String getString(android.content.ContentResolver,java.lang.String)>",
                  "android_id"
                ]
              },
              "hash": "657bc5a2d665a6d23ceb05401ca7cc02969a854b"
            }
          ]
        }
      },
      "location": {
        "417_api": {
          "complianceCategoryDetail": "location",
          "deobfApk": "",
          "level": "low",
          "name": "417_api",
          "detail": "位置信息",
          "complianceCategory": "location",
          "category": "ComplianceInfo",
          "vulners": [
            {
              "details": {
                "url": "https://tosv.byted.org/obj/appscan-obj/aux/misc/393931393238303436393631393833417_api.html",
                "position": "<com.mparticle.MParticle: void enableLocationTracking(java.lang.String,long,long)>",
                "target": [
                  "<com.mparticle.MParticle: void enableLocationTracking(java.lang.String,long,long)>",
                  "virtualinvoke $r6.<android.location.LocationManager: void requestLocationUpdates(java.lang.String,long,float,android.location.LocationListener)>($r2, $l1, $f0, $r1_3)"
                ]
              },
              "hash": "82f098b647e1a71f677714b46d5c2a6c2eec8cb9"
            }
          ]
        },
        "575_api": {
          "complianceCategoryDetail": "location",
          "deobfApk": "",
          "level": "high",
          "name": "575_api",
          "detail": "纬度",
          "complianceCategory": "location",
          "category": "ComplianceInfo",
          "vulners": [
            {
              "details": {
                "url": "https://tosv.byted.org/obj/appscan-obj/aux/misc/393931393239313338353238383935575_api.html",
                "position": "<com.mparticle.c: void <init>(com.mparticle.d,com.mparticle.internal.InternalSession,android.location.Location,long)>",
                "target": [
                  "<com.mparticle.c: void <init>(com.mparticle.d,com.mparticle.internal.InternalSession,android.location.Location,long)>",
                  "$d0 = virtualinvoke $r1.<android.location.Location: double getLatitude()>()"
                ]
              },
              "hash": "3bb2d4fb27d8d2685ff11f8620fd97748bd9abee"
            }
          ]
        },
        "416_api": {
          "complianceCategoryDetail": "location",
          "deobfApk": "",
          "level": "low",
          "name": "416_api",
          "detail": "位置信息",
          "complianceCategory": "location",
          "category": "ComplianceInfo",
          "vulners": [
            {
              "details": {
                "url": "https://tosv.byted.org/obj/appscan-obj/aux/misc/393931393237393030373334353136416_api.html",
                "position": "<com.mparticle.MParticle: void enableLocationTracking(java.lang.String,long,long)>",
                "target": [
                  "<com.mparticle.MParticle: void enableLocationTracking(java.lang.String,long,long)>",
                  "virtualinvoke $r6.<android.location.LocationManager: void requestLocationUpdates(java.lang.String,long,float,android.location.LocationListener)>($r2, $l1, $f0, $r1_3)"
                ]
              },
              "hash": "82f098b647e1a71f677714b46d5c2a6c2eec8cb9"
            }
          ]
        },
        "576_api": {
          "complianceCategoryDetail": "location",
          "deobfApk": "",
          "level": "high",
          "name": "576_api",
          "detail": "经度",
          "complianceCategory": "location",
          "category": "ComplianceInfo",
          "vulners": [
            {
              "details": {
                "url": "https://tosv.byted.org/obj/appscan-obj/aux/misc/393931393239353236333431383135576_api.html",
                "position": "<com.mparticle.c: void <init>(com.mparticle.d,com.mparticle.internal.InternalSession,android.location.Location,long)>",
                "target": [
                  "<com.mparticle.c: void <init>(com.mparticle.d,com.mparticle.internal.InternalSession,android.location.Location,long)>",
                  "$d0_1 = virtualinvoke $r1.<android.location.Location: double getLongitude()>()"
                ]
              },
              "hash": "ff18d315eaaeb90d8205bc66480cb2847dee74dd"
            }
          ]
        },
        "414_api": {
          "complianceCategoryDetail": "location",
          "deobfApk": "",
          "level": "low",
          "name": "414_api",
          "detail": "位置信息",
          "complianceCategory": "location",
          "category": "ComplianceInfo",
          "vulners": [
            {
              "details": {
                "url": "https://tosv.byted.org/obj/appscan-obj/aux/misc/393931393237333838393231353435414_api.html",
                "position": "<com.mparticle.MParticle: void enableLocationTracking(java.lang.String,long,long)>",
                "target": [
                  "<com.mparticle.MParticle: void enableLocationTracking(java.lang.String,long,long)>",
                  "virtualinvoke $r6.<android.location.LocationManager: void requestLocationUpdates(java.lang.String,long,float,android.location.LocationListener)>($r2, $l1, $f0, $r1_3)"
                ]
              },
              "hash": "82f098b647e1a71f677714b46d5c2a6c2eec8cb9"
            }
          ]
        },
        "415_api": {
          "complianceCategoryDetail": "location",
          "deobfApk": "",
          "level": "low",
          "name": "415_api",
          "detail": "位置信息",
          "complianceCategory": "location",
          "category": "ComplianceInfo",
          "vulners": [
            {
              "details": {
                "url": "https://tosv.byted.org/obj/appscan-obj/aux/misc/393931393237373832303938313432415_api.html",
                "position": "<com.mparticle.MParticle: void enableLocationTracking(java.lang.String,long,long)>",
                "target": [
                  "<com.mparticle.MParticle: void enableLocationTracking(java.lang.String,long,long)>",
                  "virtualinvoke $r6.<android.location.LocationManager: void requestLocationUpdates(java.lang.String,long,float,android.location.LocationListener)>($r2, $l1, $f0, $r1_3)"
                ]
              },
              "hash": "82f098b647e1a71f677714b46d5c2a6c2eec8cb9"
            }
          ]
        },
        "413_api": {
          "complianceCategoryDetail": "location",
          "deobfApk": "",
          "level": "low",
          "name": "413_api",
          "detail": "位置信息",
          "complianceCategory": "location",
          "category": "ComplianceInfo",
          "vulners": [
            {
              "details": {
                "url": "https://tosv.byted.org/obj/appscan-obj/aux/misc/393931393237323535383339303538413_api.html",
                "position": "<com.mparticle.MParticle: void enableLocationTracking(java.lang.String,long,long)>",
                "target": [
                  "<com.mparticle.MParticle: void enableLocationTracking(java.lang.String,long,long)>",
                  "virtualinvoke $r6.<android.location.LocationManager: void requestLocationUpdates(java.lang.String,long,float,android.location.LocationListener)>($r2, $l1, $f0, $r1_3)"
                ]
              },
              "hash": "82f098b647e1a71f677714b46d5c2a6c2eec8cb9"
            }
          ]
        },
        "412_api": {
          "complianceCategoryDetail": "location",
          "deobfApk": "",
          "level": "low",
          "name": "412_api",
          "detail": "位置信息",
          "complianceCategory": "location",
          "category": "ComplianceInfo",
          "vulners": [
            {
              "details": {
                "url": "https://tosv.byted.org/obj/appscan-obj/aux/misc/393931393236393334353538383530412_api.html",
                "position": "<com.mparticle.MParticle: void enableLocationTracking(java.lang.String,long,long)>",
                "target": [
                  "<com.mparticle.MParticle: void enableLocationTracking(java.lang.String,long,long)>",
                  "virtualinvoke $r6.<android.location.LocationManager: void requestLocationUpdates(java.lang.String,long,float,android.location.LocationListener)>($r2, $l1, $f0, $r1_3)"
                ]
              },
              "hash": "82f098b647e1a71f677714b46d5c2a6c2eec8cb9"
            }
          ]
        },
        "411_api": {
          "complianceCategoryDetail": "location",
          "deobfApk": "",
          "level": "low",
          "name": "411_api",
          "detail": "位置信息",
          "complianceCategory": "location",
          "category": "ComplianceInfo",
          "vulners": [
            {
              "details": {
                "url": "https://tosv.byted.org/obj/appscan-obj/aux/misc/393931393236383032383439383534411_api.html",
                "position": "<com.mparticle.MParticle: void enableLocationTracking(java.lang.String,long,long)>",
                "target": [
                  "<com.mparticle.MParticle: void enableLocationTracking(java.lang.String,long,long)>",
                  "virtualinvoke $r6.<android.location.LocationManager: void requestLocationUpdates(java.lang.String,long,float,android.location.LocationListener)>($r2, $l1, $f0, $r1_3)"
                ]
              },
              "hash": "82f098b647e1a71f677714b46d5c2a6c2eec8cb9"
            }
          ]
        }
      }
    },
    "DeepLinkInfo": {},
    "JsBridgeInfo": {},
    "UrlRegion": {
      "filter": {
        "N/A:N/A": {
          "value": {
            "境外": {
              "api.ok.ru": {
                "value": {
                  "https://api.ok.ru/fb.do": {
                    "classes.dex.ru.ok.android.sdk.util.OkRequestUtil$Request": "const-string v1, \"https://api.ok.ru/fb.do\"\n"
                  }
                },
                "meta": {
                  "A": {
                    "108.160.162.109": "US"
                  },
                  "ICP": "ICP record undetected",
                  "ISP": [
                    "Dropbox, Inc."
                  ],
                  "locations": [
                    "US"
                  ],
                  "plugins": [
                    "DNS",
                    "ICP"
                  ]
                }
              },
              "connect.ok.ru": {
                "value": {
                  "https://connect.ok.ru/dk?st.cmd=": {
                    "classes.dex.ru.ok.android.sdk.AbstractWidgetActivity": "const-string v1, \"https://connect.ok.ru/dk?st.cmd=\"\n"
                  }
                },
                "meta": {
                  "A": {
                    "199.59.149.203": "US"
                  },
                  "ICP": "ICP record undetected",
                  "ISP": [
                    "Twitter Inc."
                  ],
                  "locations": [
                    "US"
                  ],
                  "plugins": [
                    "DNS",
                    "ICP"
                  ]
                }
              }
            }
          },
          "meta": {
            "url": "N/A",
            "description": "未查到组件信息",
            "version": "N/A"
          }
        }
      },
      "full": {
        "N/A:N/A": {
          "value": {
            "US": {
              "api.ok.ru": {
                "meta": {
                  "A": {
                    "108.160.162.109": "US"
                  },
                  "ICP": "ICP record undetected",
                  "ISP": [
                    "Dropbox, Inc."
                  ],
                  "locations": [
                    "US"
                  ],
                  "plugins": [
                    "DNS",
                    "ICP"
                  ]
                },
                "value": {
                  "https://api.ok.ru/fb.do": {
                    "classes.dex.ru.ok.android.sdk.util.OkRequestUtil$Request": "const-string v1, \"https://api.ok.ru/fb.do\"\n"
                  }
                }
              },
              "connect.ok.ru": {
                "meta": {
                  "A": {
                    "199.59.149.203": "US"
                  },
                  "ICP": "ICP record undetected",
                  "ISP": [
                    "Twitter Inc."
                  ],
                  "locations": [
                    "US"
                  ],
                  "plugins": [
                    "DNS",
                    "ICP"
                  ]
                },
                "value": {
                  "https://connect.ok.ru/dk?st.cmd=": {
                    "classes.dex.ru.ok.android.sdk.AbstractWidgetActivity": "const-string v1, \"https://connect.ok.ru/dk?st.cmd=\"\n"
                  }
                }
              }
            }
          },
          "meta": {
            "url": "N/A",
            "description": "未查到组件信息",
            "version": "N/A"
          }
        }
      }
    },
    "profiler": "https://tosv.byted.org/obj/appscan-obj/aux/misc/393931393431343932313130383138profiler.json",
    "HTTP_API": [],
    "BasicInfo": {
      "AppInfo": {
        "name": "",
        "size": "0.77MB",
        "package": "com.mparticle",
        "versionName": null,
        "versionCode": null,
        "target_sdk": "33",
        "min_sdk": "14",
        "max_sdk": "",
        "sha1": "4b9e937e7991032689cd8300de2ff9babe9312a7"
      },
      "SignInfo": {
        "Is signed v1": false,
        "Is signed v2": false,
        "Is signed v3": false,
        "certs": [],
        "pkeys": []
      },
      "ComponentsInfo": {},
      "PermissionInfo": [
        "android.permission.INTERNET"
      ],
      "DeobfApk": ""
    },
    "PermissionUsedDetails": {
      "declaredPermissions": [
        "android.permission.INTERNET"
      ],
      "usedPermissions": {
        "android.permission.INTERNET": {
          "level": "normal|instant",
          "description": "Allows applications to open network sockets",
          "positions": [
            "Default"
          ],
          "details": [
            {
              "caller": "N/A",
              "api": "N/A",
              "url": "N/A"
            }
          ]
        }
      },
      "declaredButNoUsed": {},
      "usedButNotDeclared": {}
    },
    "SDKComplianceList": []
  },
  0
]