[
  {
    "SecurityInfo": {},
    "ComplianceInfo": {},
    "DeepLinkInfo": {},
    "JsBridgeInfo": {},
    "UrlRegion": {
      "filter": {
        "N/A:N/A": {
          "value": {
            "境外": {
              "api.ok.ru": {
                "value": {
                  "https://api.ok.ru/fb.do": {
                    "classes.dex.ru.ok.android.sdk.util.OkRequestUtil$Request": "const-string v1, \"https://api.ok.ru/fb.do\"\n"
                  }
                },
                "meta": {
                  "A": {
                    "108.160.162.109": "US"
                  },
                  "ICP": "ICP record undetected",
                  "ISP": [
                    "Dropbox, Inc."
                  ],
                  "locations": [
                    "US"
                  ],
                  "plugins": [
                    "DNS",
                    "ICP"
                  ]
                }
              },
              "connect.ok.ru": {
                "value": {
                  "https://connect.ok.ru/dk?st.cmd=": {
                    "classes.dex.ru.ok.android.sdk.AbstractWidgetActivity": "const-string v1, \"https://connect.ok.ru/dk?st.cmd=\"\n"
                  }
                },
                "meta": {
                  "A": {
                    "199.59.149.203": "US"
                  },
                  "ICP": "ICP record undetected",
                  "ISP": [
                    "Twitter Inc."
                  ],
                  "locations": [
                    "US"
                  ],
                  "plugins": [
                    "DNS",
                    "ICP"
                  ]
                }
              }
            }
          },
          "meta": {
            "url": "N/A",
            "description": "未查到组件信息",
            "version": "N/A"
          }
        }
      },
      "full": {
        "N/A:N/A": {
          "value": {
            "US": {
              "api.ok.ru": {
                "meta": {
                  "A": {
                    "108.160.162.109": "US"
                  },
                  "ICP": "ICP record undetected",
                  "ISP": [
                    "Dropbox, Inc."
                  ],
                  "locations": [
                    "US"
                  ],
                  "plugins": [
                    "DNS",
                    "ICP"
                  ]
                },
                "value": {
                  "https://api.ok.ru/fb.do": {
                    "classes.dex.ru.ok.android.sdk.util.OkRequestUtil$Request": "const-string v1, \"https://api.ok.ru/fb.do\"\n"
                  }
                }
              },
              "connect.ok.ru": {
                "meta": {
                  "A": {
                    "199.59.149.203": "US"
                  },
                  "ICP": "ICP record undetected",
                  "ISP": [
                    "Twitter Inc."
                  ],
                  "locations": [
                    "US"
                  ],
                  "plugins": [
                    "DNS",
                    "ICP"
                  ]
                },
                "value": {
                  "https://connect.ok.ru/dk?st.cmd=": {
                    "classes.dex.ru.ok.android.sdk.AbstractWidgetActivity": "const-string v1, \"https://connect.ok.ru/dk?st.cmd=\"\n"
                  }
                }
              }
            }
          },
          "meta": {
            "url": "N/A",
            "description": "未查到组件信息",
            "version": "N/A"
          }
        }
      }
    },
    "profiler": "https://tosv.byted.org/obj/appscan-obj/aux/misc/393933323237323234353531393934profiler.json",
    "HTTP_API": [
      {
        "API": "/v2/api/talk/message/image/scrap",
        "ReqMethod": "POST",
        "EntryMethod": "<com.kakao.sdk.link.LinkApi: retrofit2.Call scrapImage(java.lang.String,java.lang.Boolean)>",
        "AnnotType": [
          "Lretrofit2/http/POST;"
        ]
      },
      {
        "API": "/v2/api/talk/message/image/upload",
        "ReqMethod": "POST",
        "EntryMethod": "<com.kakao.sdk.link.LinkApi: retrofit2.Call uploadImage(okhttp3.MultipartBody$Part,java.lang.Boolean)>",
        "AnnotType": [
          "Lretrofit2/http/POST;"
        ]
      },
      {
        "API": "/v2/api/kakaolink/talk/template/validate?link_ver=4.0",
        "ReqMethod": "GET",
        "EntryMethod": "<com.kakao.sdk.link.LinkApi: retrofit2.Call validateCustom(long,java.util.Map)>",
        "AnnotType": [
          "Lretrofit2/http/GET;"
        ]
      },
      {
        "API": "/v2/api/kakaolink/talk/template/default?link_ver=4.0",
        "ReqMethod": "GET",
        "EntryMethod": "<com.kakao.sdk.link.LinkApi: retrofit2.Call validateDefault(com.kakao.sdk.template.model.DefaultTemplate)>",
        "AnnotType": [
          "Lretrofit2/http/GET;"
        ]
      },
      {
        "API": "/v2/api/kakaolink/talk/template/scrap?link_ver=4.0",
        "ReqMethod": "GET",
        "EntryMethod": "<com.kakao.sdk.link.LinkApi: retrofit2.Call validateScrap(java.lang.String,java.lang.Long,java.util.Map)>",
        "AnnotType": [
          "Lretrofit2/http/GET;"
        ]
      }
    ],
    "BasicInfo": {
      "AppInfo": {
        "name": "",
        "size": "0.06MB",
        "package": "com.kakao.sdk.v2.link",
        "versionName": null,
        "versionCode": null,
        "target_sdk": "31",
        "min_sdk": "21",
        "max_sdk": "",
        "sha1": "0b4fd62a2c5c60e1bf2add3bdbb047518c1aa96b"
      },
      "SignInfo": {
        "Is signed v1": false,
        "Is signed v2": false,
        "Is signed v3": false,
        "certs": [],
        "pkeys": []
      },
      "ComponentsInfo": {},
      "PermissionInfo": [],
      "DeobfApk": ""
    },
    "PermissionUsedDetails": {
      "declaredPermissions": [],
      "usedPermissions": {},
      "declaredButNoUsed": {},
      "usedButNotDeclared": {}
    },
    "SDKComplianceList": []
  },
  0
]