[
  {
    "SecurityInfo": {},
    "ComplianceInfo": {
      "SSIDBSSID": {
        "309_api": {
          "complianceCategoryDetail": "SSIDBSSID",
          "deobfApk": "",
          "level": "high",
          "name": "309_api",
          "detail": "SSID、BSSID",
          "complianceCategory": "SSIDBSSID",
          "category": "ComplianceInfo",
          "vulners": [
            {
              "details": {
                "url": "https://tosv.byted.org/obj/appscan-obj/aux/misc/393932383130363832363538393931309_api.html",
                "position": "<com.my.tracker.obfuscated.l: void b(com.my.tracker.obfuscated.n0,android.content.Context)>",
                "target": [
                  "<com.my.tracker.obfuscated.l: void b(com.my.tracker.obfuscated.n0,android.content.Context)>",
                  "$r8 = virtualinvoke $r4.<android.net.wifi.WifiManager: java.util.List getScanResults()>()"
                ]
              },
              "hash": "5b530af52c229e27b3c043ad82e718e6380a926d"
            }
          ]
        },
        "555_api": {
          "complianceCategoryDetail": "SSIDBSSID",
          "deobfApk": "",
          "level": "high",
          "name": "555_api",
          "detail": "SSID",
          "complianceCategory": "SSIDBSSID",
          "category": "ComplianceInfo",
          "vulners": [
            {
              "details": {
                "url": "https://tosv.byted.org/obj/appscan-obj/aux/misc/393932383134313537313436383234555_api.html",
                "position": "<com.my.tracker.obfuscated.l: void b(com.my.tracker.obfuscated.n0,android.content.Context)>",
                "target": [
                  "<com.my.tracker.obfuscated.l: void b(com.my.tracker.obfuscated.n0,android.content.Context)>",
                  "$r6 = virtualinvoke $r5.<android.net.wifi.WifiInfo: java.lang.String getSSID()>()"
                ]
              },
              "hash": "aa782584089e38a35ecf4770e79becc2df35bc4c"
            }
          ]
        },
        "557_api": {
          "complianceCategoryDetail": "SSIDBSSID",
          "deobfApk": "",
          "level": "high",
          "name": "557_api",
          "detail": "BSSID",
          "complianceCategory": "SSIDBSSID",
          "category": "ComplianceInfo",
          "vulners": [
            {
              "details": {
                "url": "https://tosv.byted.org/obj/appscan-obj/aux/misc/393932383134333333393732303636557_api.html",
                "position": "<com.my.tracker.obfuscated.l: void b(com.my.tracker.obfuscated.n0,android.content.Context)>",
                "target": [
                  "<com.my.tracker.obfuscated.l: void b(com.my.tracker.obfuscated.n0,android.content.Context)>",
                  "$r7 = virtualinvoke $r5.<android.net.wifi.WifiInfo: java.lang.String getBSSID()>()"
                ]
              },
              "hash": "421f713e6f6409abecc89dc54b93cfaba02b6075"
            }
          ]
        },
        "239_api": {
          "complianceCategoryDetail": "SSIDBSSID",
          "deobfApk": "",
          "level": "high",
          "name": "239_api",
          "detail": "SSID、BSSID",
          "complianceCategory": "SSIDBSSID",
          "category": "ComplianceInfo",
          "vulners": [
            {
              "details": {
                "url": "https://tosv.byted.org/obj/appscan-obj/aux/misc/393932383039353936323339303631239_api.html",
                "position": "<com.my.tracker.obfuscated.l: void b(com.my.tracker.obfuscated.n0,android.content.Context)>",
                "target": [
                  "<com.my.tracker.obfuscated.l: void b(com.my.tracker.obfuscated.n0,android.content.Context)>",
                  "$r5 = virtualinvoke $r4.<android.net.wifi.WifiManager: android.net.wifi.WifiInfo getConnectionInfo()>()"
                ]
              },
              "hash": "9f83940d594cb50e81a884f5fb482ef345630cbf"
            }
          ]
        }
      },
      "location": {
        "575_api": {
          "complianceCategoryDetail": "location",
          "deobfApk": "",
          "level": "high",
          "name": "575_api",
          "detail": "纬度",
          "complianceCategory": "location",
          "category": "ComplianceInfo",
          "vulners": [
            {
              "details": {
                "url": "https://tosv.byted.org/obj/appscan-obj/aux/misc/393932383134363533373931363132575_api.html",
                "position": "<com.my.tracker.obfuscated.n0: void a(android.location.Location,int)>",
                "target": [
                  "<com.my.tracker.obfuscated.n0: void a(android.location.Location,int)>",
                  "$d0_1 = virtualinvoke $r1.<android.location.Location: double getLatitude()>()"
                ]
              },
              "hash": "3bd37a603e99aafaa3c10df57865606fd02f1bfe"
            }
          ]
        },
        "221_api": {
          "complianceCategoryDetail": "location",
          "deobfApk": "",
          "level": "high",
          "name": "221_api",
          "detail": "位置信息",
          "complianceCategory": "location",
          "category": "ComplianceInfo",
          "vulners": [
            {
              "details": {
                "url": "https://tosv.byted.org/obj/appscan-obj/aux/misc/393932383039313530333837323934221_api.html",
                "position": "<com.my.tracker.obfuscated.l: void a(com.my.tracker.obfuscated.n0,android.telephony.TelephonyManager)>",
                "target": [
                  "<com.my.tracker.obfuscated.l: void a(com.my.tracker.obfuscated.n0,android.telephony.TelephonyManager)>",
                  "$r2 = virtualinvoke $r1.<android.telephony.TelephonyManager: android.telephony.CellLocation getCellLocation()>()"
                ]
              },
              "hash": "68fea7f984a8d17762f53c0117ef4472fe8a97b7"
            }
          ]
        },
        "576_api": {
          "complianceCategoryDetail": "location",
          "deobfApk": "",
          "level": "high",
          "name": "576_api",
          "detail": "经度",
          "complianceCategory": "location",
          "category": "ComplianceInfo",
          "vulners": [
            {
              "details": {
                "url": "https://tosv.byted.org/obj/appscan-obj/aux/misc/393932383134393331363630373736576_api.html",
                "position": "<com.my.tracker.obfuscated.n0: void a(android.location.Location,int)>",
                "target": [
                  "<com.my.tracker.obfuscated.n0: void a(android.location.Location,int)>",
                  "$d0 = virtualinvoke $r1.<android.location.Location: double getLongitude()>()"
                ]
              },
              "hash": "82e1f64cf7fbf66969941ec2d215a6e724bbd6fa"
            }
          ]
        },
        "203_api": {
          "complianceCategoryDetail": "location",
          "deobfApk": "",
          "level": "high",
          "name": "203_api",
          "detail": "位置信息",
          "complianceCategory": "location",
          "category": "ComplianceInfo",
          "vulners": [
            {
              "details": {
                "url": "https://tosv.byted.org/obj/appscan-obj/aux/misc/393932383038303332373637383137203_api.html",
                "position": "<com.my.tracker.obfuscated.l: void a(com.my.tracker.obfuscated.n0,android.content.Context)>",
                "target": [
                  "<com.my.tracker.obfuscated.l: void a(com.my.tracker.obfuscated.n0,android.content.Context)>",
                  "$r4 = virtualinvoke $r3.<android.telephony.TelephonyManager: java.util.List getAllCellInfo()>()"
                ]
              },
              "hash": "f6176109b15d5e6fde5b7e375191a766ffc6a72e"
            }
          ]
        },
        "280_api": {
          "complianceCategoryDetail": "location",
          "deobfApk": "",
          "level": "high",
          "name": "280_api",
          "detail": "位置信息",
          "complianceCategory": "location",
          "category": "ComplianceInfo",
          "vulners": [
            {
              "details": {
                "url": "https://tosv.byted.org/obj/appscan-obj/aux/misc/393932383130333430343534393237280_api.html",
                "position": "<com.my.tracker.obfuscated.z: void a(android.content.Context)>",
                "target": [
                  "<com.my.tracker.obfuscated.z: void a(android.content.Context)>",
                  "$r9 = virtualinvoke $r4.<android.location.LocationManager: android.location.Location getLastKnownLocation(java.lang.String)>($r8)"
                ]
              },
              "hash": "6781cb7ed1210ff9752796d3256614a6aef86760"
            }
          ]
        },
        "583_api": {
          "complianceCategoryDetail": "location",
          "deobfApk": "",
          "level": "high",
          "name": "583_api",
          "detail": "基站ID",
          "complianceCategory": "location",
          "category": "ComplianceInfo",
          "vulners": [
            {
              "details": {
                "url": "https://tosv.byted.org/obj/appscan-obj/aux/misc/393932383135313538303930373038583_api.html",
                "position": "<com.my.tracker.obfuscated.l: void a(com.my.tracker.obfuscated.n0,android.telephony.TelephonyManager)>",
                "target": [
                  "<com.my.tracker.obfuscated.l: void a(com.my.tracker.obfuscated.n0,android.telephony.TelephonyManager)>",
                  "$i0 = virtualinvoke $r10.<android.telephony.gsm.GsmCellLocation: int getCid()>()"
                ]
              },
              "hash": "d1d43140e8c171f988764a980ee7d115697e321f"
            }
          ]
        }
      },
      "sensor": {
        "639_api": {
          "complianceCategoryDetail": "sensor",
          "deobfApk": "",
          "level": "high",
          "name": "639_api",
          "detail": "陀螺仪传感器",
          "complianceCategory": "sensor",
          "category": "ComplianceInfo",
          "vulners": [
            {
              "details": {
                "ConstValue": "4",
                "position": "<com.my.tracker.obfuscated.s0$a: void a()>",
                "url": "https://tosv.byted.org/obj/appscan-obj/aux/misc/393932383230353130383034353235639_api.html",
                "target": [
                  "<com.my.tracker.obfuscated.s0$a: void a()>",
                  "<android.hardware.SensorManager: boolean registerListener(android.hardware.SensorEventListener,android.hardware.Sensor,int)>",
                  "4"
                ]
              },
              "hash": "d2be9ed6999426887120521dd2740a2f78c4352c"
            }
          ]
        },
        "394_api": {
          "complianceCategoryDetail": "sensor",
          "deobfApk": "",
          "level": "low",
          "name": "394_api",
          "detail": "传感器",
          "complianceCategory": "sensor",
          "category": "ComplianceInfo",
          "vulners": [
            {
              "details": {
                "url": "https://tosv.byted.org/obj/appscan-obj/aux/misc/393932383132313432383436343939394_api.html",
                "position": "<com.my.tracker.obfuscated.s0$a: void a()>",
                "target": [
                  "<com.my.tracker.obfuscated.s0$a: void a()>",
                  "virtualinvoke $r3_2.<android.hardware.SensorManager: boolean registerListener(android.hardware.SensorEventListener,android.hardware.Sensor,int)>(r0, $r4, 1000000)"
                ]
              },
              "hash": "1a1d87e21b1c5f757fc76c4ba722eb09b07c6f92"
            }
          ]
        },
        "395_api": {
          "complianceCategoryDetail": "sensor",
          "deobfApk": "",
          "level": "low",
          "name": "395_api",
          "detail": "传感器",
          "complianceCategory": "sensor",
          "category": "ComplianceInfo",
          "vulners": [
            {
              "details": {
                "url": "https://tosv.byted.org/obj/appscan-obj/aux/misc/393932383132323837343939393130395_api.html",
                "position": "<com.my.tracker.obfuscated.s0$a: void a()>",
                "target": [
                  "<com.my.tracker.obfuscated.s0$a: void a()>",
                  "virtualinvoke $r3_2.<android.hardware.SensorManager: boolean registerListener(android.hardware.SensorEventListener,android.hardware.Sensor,int)>(r0, $r4, 1000000)"
                ]
              },
              "hash": "1a1d87e21b1c5f757fc76c4ba722eb09b07c6f92"
            }
          ]
        },
        "393_api": {
          "complianceCategoryDetail": "sensor",
          "deobfApk": "",
          "level": "low",
          "name": "393_api",
          "detail": "传感器",
          "complianceCategory": "sensor",
          "category": "ComplianceInfo",
          "vulners": [
            {
              "details": {
                "url": "https://tosv.byted.org/obj/appscan-obj/aux/misc/393932383131373537303336303839393_api.html",
                "position": "<com.my.tracker.obfuscated.s0$a: void a()>",
                "target": [
                  "<com.my.tracker.obfuscated.s0$a: void a()>",
                  "virtualinvoke $r3_2.<android.hardware.SensorManager: boolean registerListener(android.hardware.SensorEventListener,android.hardware.Sensor,int)>(r0, $r4, 1000000)"
                ]
              },
              "hash": "1a1d87e21b1c5f757fc76c4ba722eb09b07c6f92"
            }
          ]
        },
        "397_api": {
          "complianceCategoryDetail": "sensor",
          "deobfApk": "",
          "level": "low",
          "name": "397_api",
          "detail": "传感器",
          "complianceCategory": "sensor",
          "category": "ComplianceInfo",
          "vulners": [
            {
              "details": {
                "url": "https://tosv.byted.org/obj/appscan-obj/aux/misc/393932383132353936383135383534397_api.html",
                "position": "<com.my.tracker.obfuscated.s0$a: void a()>",
                "target": [
                  "<com.my.tracker.obfuscated.s0$a: void a()>",
                  "virtualinvoke $r3_2.<android.hardware.SensorManager: boolean registerListener(android.hardware.SensorEventListener,android.hardware.Sensor,int)>(r0, $r4, 1000000)"
                ]
              },
              "hash": "1a1d87e21b1c5f757fc76c4ba722eb09b07c6f92"
            }
          ]
        },
        "636_api": {
          "complianceCategoryDetail": "sensor",
          "deobfApk": "",
          "level": "high",
          "name": "636_api",
          "detail": "陀螺仪传感器",
          "complianceCategory": "sensor",
          "category": "ComplianceInfo",
          "vulners": [
            {
              "details": {
                "ConstValue": "4",
                "position": "<com.my.tracker.obfuscated.s0$a: void a()>",
                "url": "https://tosv.byted.org/obj/appscan-obj/aux/misc/393932383139393439353332353339636_api.html",
                "target": [
                  "<com.my.tracker.obfuscated.s0$a: void a()>",
                  "<android.hardware.SensorManager: android.hardware.Sensor getDefaultSensor(int)>",
                  "4"
                ]
              },
              "hash": "d2be9ed6999426887120521dd2740a2f78c4352c"
            }
          ]
        },
        "396_api": {
          "complianceCategoryDetail": "sensor",
          "deobfApk": "",
          "level": "low",
          "name": "396_api",
          "detail": "传感器",
          "complianceCategory": "sensor",
          "category": "ComplianceInfo",
          "vulners": [
            {
              "details": {
                "url": "https://tosv.byted.org/obj/appscan-obj/aux/misc/393932383132343032373637323635396_api.html",
                "position": "<com.my.tracker.obfuscated.s0$a: void a()>",
                "target": [
                  "<com.my.tracker.obfuscated.s0$a: void a()>",
                  "virtualinvoke $r3_2.<android.hardware.SensorManager: boolean registerListener(android.hardware.SensorEventListener,android.hardware.Sensor,int)>(r0, $r4, 1000000)"
                ]
              },
              "hash": "1a1d87e21b1c5f757fc76c4ba722eb09b07c6f92"
            }
          ]
        },
        "635_api": {
          "complianceCategoryDetail": "sensor",
          "deobfApk": "",
          "level": "high",
          "name": "635_api",
          "detail": "陀螺仪传感器",
          "complianceCategory": "sensor",
          "category": "ComplianceInfo",
          "vulners": [
            {
              "details": {
                "ConstValue": "4",
                "position": "<com.my.tracker.obfuscated.s0$a: void a()>",
                "url": "https://tosv.byted.org/obj/appscan-obj/aux/misc/393932383139333139363537323133635_api.html",
                "target": [
                  "<com.my.tracker.obfuscated.s0$a: void a()>",
                  "<android.hardware.SensorManager: android.hardware.Sensor getDefaultSensor(int)>",
                  "4"
                ]
              },
              "hash": "d2be9ed6999426887120521dd2740a2f78c4352c"
            }
          ]
        },
        "398_api": {
          "complianceCategoryDetail": "sensor",
          "deobfApk": "",
          "level": "low",
          "name": "398_api",
          "detail": "传感器",
          "complianceCategory": "sensor",
          "category": "ComplianceInfo",
          "vulners": [
            {
              "details": {
                "url": "https://tosv.byted.org/obj/appscan-obj/aux/misc/393932383133303737373438303433398_api.html",
                "position": "<com.my.tracker.obfuscated.s0$a: void a()>",
                "target": [
                  "<com.my.tracker.obfuscated.s0$a: void a()>",
                  "virtualinvoke $r3_2.<android.hardware.SensorManager: boolean registerListener(android.hardware.SensorEventListener,android.hardware.Sensor,int)>(r0, $r4, 1000000)"
                ]
              },
              "hash": "1a1d87e21b1c5f757fc76c4ba722eb09b07c6f92"
            }
          ]
        },
        "638_api": {
          "complianceCategoryDetail": "sensor",
          "deobfApk": "",
          "level": "high",
          "name": "638_api",
          "detail": "陀螺仪传感器",
          "complianceCategory": "sensor",
          "category": "ComplianceInfo",
          "vulners": [
            {
              "details": {
                "ConstValue": "4",
                "position": "<com.my.tracker.obfuscated.s0$a: void a()>",
                "url": "https://tosv.byted.org/obj/appscan-obj/aux/misc/393932383139393733373834333538638_api.html",
                "target": [
                  "<com.my.tracker.obfuscated.s0$a: void a()>",
                  "<android.hardware.SensorManager: boolean registerListener(android.hardware.SensorEventListener,android.hardware.Sensor,int)>",
                  "4"
                ]
              },
              "hash": "d2be9ed6999426887120521dd2740a2f78c4352c"
            }
          ]
        }
      }
    },
    "DeepLinkInfo": {
      "AdsCommandsParameterList": [
        "mt_deeplink",
        "mt_click_id"
      ]
    },
    "JsBridgeInfo": {},
    "UrlRegion": {
      "filter": {
        "N/A:N/A": {
          "value": {
            "境外": {
              "api.ok.ru": {
                "value": {
                  "https://api.ok.ru/fb.do": {
                    "classes.dex.ru.ok.android.sdk.util.OkRequestUtil$Request": "const-string v1, \"https://api.ok.ru/fb.do\"\n"
                  }
                },
                "meta": {
                  "A": {
                    "108.160.162.109": "US"
                  },
                  "ICP": "ICP record undetected",
                  "ISP": [
                    "Dropbox, Inc."
                  ],
                  "locations": [
                    "US"
                  ],
                  "plugins": [
                    "DNS",
                    "ICP"
                  ]
                }
              },
              "connect.ok.ru": {
                "value": {
                  "https://connect.ok.ru/dk?st.cmd=": {
                    "classes.dex.ru.ok.android.sdk.AbstractWidgetActivity": "const-string v1, \"https://connect.ok.ru/dk?st.cmd=\"\n"
                  }
                },
                "meta": {
                  "A": {
                    "199.59.149.203": "US"
                  },
                  "ICP": "ICP record undetected",
                  "ISP": [
                    "Twitter Inc."
                  ],
                  "locations": [
                    "US"
                  ],
                  "plugins": [
                    "DNS",
                    "ICP"
                  ]
                }
              }
            }
          },
          "meta": {
            "url": "N/A",
            "description": "未查到组件信息",
            "version": "N/A"
          }
        }
      },
      "full": {
        "N/A:N/A": {
          "value": {
            "US": {
              "api.ok.ru": {
                "meta": {
                  "A": {
                    "108.160.162.109": "US"
                  },
                  "ICP": "ICP record undetected",
                  "ISP": [
                    "Dropbox, Inc."
                  ],
                  "locations": [
                    "US"
                  ],
                  "plugins": [
                    "DNS",
                    "ICP"
                  ]
                },
                "value": {
                  "https://api.ok.ru/fb.do": {
                    "classes.dex.ru.ok.android.sdk.util.OkRequestUtil$Request": "const-string v1, \"https://api.ok.ru/fb.do\"\n"
                  }
                }
              },
              "connect.ok.ru": {
                "meta": {
                  "A": {
                    "199.59.149.203": "US"
                  },
                  "ICP": "ICP record undetected",
                  "ISP": [
                    "Twitter Inc."
                  ],
                  "locations": [
                    "US"
                  ],
                  "plugins": [
                    "DNS",
                    "ICP"
                  ]
                },
                "value": {
                  "https://connect.ok.ru/dk?st.cmd=": {
                    "classes.dex.ru.ok.android.sdk.AbstractWidgetActivity": "const-string v1, \"https://connect.ok.ru/dk?st.cmd=\"\n"
                  }
                }
              }
            }
          },
          "meta": {
            "url": "N/A",
            "description": "未查到组件信息",
            "version": "N/A"
          }
        }
      }
    },
    "profiler": "https://tosv.byted.org/obj/appscan-obj/aux/misc/393932383236383338373036353239profiler.json",
    "HTTP_API": [],
    "BasicInfo": {
      "AppInfo": {
        "name": "",
        "size": "0.23MB",
        "package": "com.my.tracker",
        "versionName": null,
        "versionCode": null,
        "target_sdk": "32",
        "min_sdk": "14",
        "max_sdk": "",
        "sha1": "a3a6304c4feea54732542cdc3e59d384b029d1a5"
      },
      "SignInfo": {
        "Is signed v1": false,
        "Is signed v2": false,
        "Is signed v3": false,
        "certs": [],
        "pkeys": []
      },
      "ComponentsInfo": {},
      "PermissionInfo": [
        "android.permission.ACCESS_NETWORK_STATE",
        "com.google.android.gms.permission.AD_ID",
        "android.permission.INTERNET"
      ],
      "DeobfApk": ""
    },
    "PermissionUsedDetails": {
      "declaredPermissions": [
        "android.permission.ACCESS_NETWORK_STATE",
        "com.google.android.gms.permission.AD_ID",
        "android.permission.INTERNET"
      ],
      "usedPermissions": {
        "android.permission.INTERNET": {
          "level": "normal|instant",
          "description": "Allows applications to open network sockets",
          "positions": [
            "Default"
          ],
          "details": [
            {
              "caller": "N/A",
              "api": "N/A",
              "url": "N/A"
            }
          ]
        }
      },
      "declaredButNoUsed": {
        "android.permission.ACCESS_NETWORK_STATE": {
          "level": "normal|instant",
          "description": "Allows applications to access information about networks"
        },
        "com.google.android.gms.permission.AD_ID": null
      },
      "usedButNotDeclared": {}
    },
    "SDKComplianceList": []
  },
  0
]