[
  {
    "SecurityInfo": {},
    "ComplianceInfo": {
      "applist": {
        "374_api": {
          "complianceCategoryDetail": "applist",
          "deobfApk": "",
          "level": "low",
          "name": "374_api",
          "detail": "可获取所有能够启动给定Intent的activity",
          "complianceCategory": "applist",
          "category": "ComplianceInfo",
          "vulners": [
            {
              "details": {
                "url": "https://tosv.byted.org/obj/appscan-obj/aux/misc/393933323632393638343238333335374_api.html",
                "position": "<com.smartadserver.android.library.controller.mraid.SASMRAIDVideoController: void playVideoInNativePlayer(java.lang.String)>",
                "target": [
                  "<com.smartadserver.android.library.controller.mraid.SASMRAIDVideoController: void playVideoInNativePlayer(java.lang.String)>",
                  "$r10 = virtualinvoke $r9.<android.content.pm.PackageManager: java.util.List queryIntentActivities(android.content.Intent,int)>(r4, 65536)"
                ]
              },
              "hash": "1b037cf2cc9925e76dc32b199b005a283536c746"
            }
          ]
        }
      },
      "sensor": {
        "646_api": {
          "complianceCategoryDetail": "sensor",
          "deobfApk": "",
          "level": "high",
          "name": "646_api",
          "detail": "加速度传感器",
          "complianceCategory": "sensor",
          "category": "ComplianceInfo",
          "vulners": [
            {
              "details": {
                "ConstValue": "1",
                "position": "<com.smartadserver.android.library.controller.mraid.listener.SASAccelerationListener: void start()>",
                "url": "https://tosv.byted.org/obj/appscan-obj/aux/misc/393933323639313130333135373232646_api.html",
                "target": [
                  "<com.smartadserver.android.library.controller.mraid.listener.SASAccelerationListener: void start()>",
                  "<android.hardware.SensorManager: java.util.List getSensorList(int)>",
                  "1"
                ]
              },
              "hash": "15bd5385ac48ea037fd6ab329fea5169a1344065"
            }
          ]
        },
        "394_api": {
          "complianceCategoryDetail": "sensor",
          "deobfApk": "",
          "level": "low",
          "name": "394_api",
          "detail": "传感器",
          "complianceCategory": "sensor",
          "category": "ComplianceInfo",
          "vulners": [
            {
              "details": {
                "url": "https://tosv.byted.org/obj/appscan-obj/aux/misc/393933323633373237313232363039394_api.html",
                "position": "<com.smartadserver.android.library.controller.mraid.listener.SASAccelerationListener: void start()>",
                "target": [
                  "<com.smartadserver.android.library.controller.mraid.listener.SASAccelerationListener: void start()>",
                  "virtualinvoke r1_1.<android.hardware.SensorManager: boolean registerListener(android.hardware.SensorEventListener,android.hardware.Sensor,int)>(r0, $r4, $i0_1)"
                ]
              },
              "hash": "4375bc27d4e34538ef8426c2ff295c098b5ceb74"
            },
            {
              "details": {
                "url": "https://tosv.byted.org/obj/appscan-obj/aux/misc/393933323633393539333031343332394_api.html",
                "position": "<com.smartadserver.android.library.controller.mraid.listener.SASAccelerationListener: void startMag()>",
                "target": [
                  "<com.smartadserver.android.library.controller.mraid.listener.SASAccelerationListener: void startMag()>",
                  "virtualinvoke r1_1.<android.hardware.SensorManager: boolean registerListener(android.hardware.SensorEventListener,android.hardware.Sensor,int)>(r0, $r4, $i0_1)"
                ]
              },
              "hash": "67f17bd3df25044638a1767a4cb7fbeede1d5724"
            },
            {
              "details": {
                "url": "https://tosv.byted.org/obj/appscan-obj/aux/misc/393933323634353533383333313937394_api.html",
                "position": "<com.smartadserver.android.library.ui.SphericalVideoView.OrientationProvider.SASOrientationProvider: void start()>",
                "target": [
                  "<com.smartadserver.android.library.ui.SphericalVideoView.OrientationProvider.SASOrientationProvider: void start()>",
                  "virtualinvoke $r1.<android.hardware.SensorManager: boolean registerListener(android.hardware.SensorEventListener,android.hardware.Sensor,int)>(r0, r5, 1)"
                ]
              },
              "hash": "f86bf6b27f27546fb6e18fa7ce939d41fd8760e9"
            }
          ]
        },
        "636_api": {
          "complianceCategoryDetail": "sensor",
          "deobfApk": "",
          "level": "high",
          "name": "636_api",
          "detail": "陀螺仪传感器",
          "complianceCategory": "sensor",
          "category": "ComplianceInfo",
          "vulners": [
            {
              "details": {
                "ConstValue": "4",
                "position": "<com.smartadserver.android.library.ui.SphericalVideoView.OrientationProvider.SASImprovedOrientationSensorProvider: void <init>(android.hardware.SensorManager)>",
                "url": "https://tosv.byted.org/obj/appscan-obj/aux/misc/393933323638393439383830303533636_api.html",
                "target": [
                  "<com.smartadserver.android.library.ui.SphericalVideoView.OrientationProvider.SASImprovedOrientationSensorProvider: void <init>(android.hardware.SensorManager)>",
                  "<android.hardware.SensorManager: android.hardware.Sensor getDefaultSensor(int)>",
                  "4"
                ]
              },
              "hash": "932a96573bf6737fb9cbe267af8210cf3b9dde5c"
            }
          ]
        },
        "396_api": {
          "complianceCategoryDetail": "sensor",
          "deobfApk": "",
          "level": "low",
          "name": "396_api",
          "detail": "传感器",
          "complianceCategory": "sensor",
          "category": "ComplianceInfo",
          "vulners": [
            {
              "details": {
                "url": "https://tosv.byted.org/obj/appscan-obj/aux/misc/393933323635323635323735333234396_api.html",
                "position": "<com.smartadserver.android.library.controller.mraid.listener.SASAccelerationListener: void start()>",
                "target": [
                  "<com.smartadserver.android.library.controller.mraid.listener.SASAccelerationListener: void start()>",
                  "virtualinvoke r1_1.<android.hardware.SensorManager: boolean registerListener(android.hardware.SensorEventListener,android.hardware.Sensor,int)>(r0, $r4, $i0_1)"
                ]
              },
              "hash": "4375bc27d4e34538ef8426c2ff295c098b5ceb74"
            },
            {
              "details": {
                "url": "https://tosv.byted.org/obj/appscan-obj/aux/misc/393933323635343032333137333437396_api.html",
                "position": "<com.smartadserver.android.library.controller.mraid.listener.SASAccelerationListener: void startMag()>",
                "target": [
                  "<com.smartadserver.android.library.controller.mraid.listener.SASAccelerationListener: void startMag()>",
                  "virtualinvoke r1_1.<android.hardware.SensorManager: boolean registerListener(android.hardware.SensorEventListener,android.hardware.Sensor,int)>(r0, $r4, $i0_1)"
                ]
              },
              "hash": "67f17bd3df25044638a1767a4cb7fbeede1d5724"
            },
            {
              "details": {
                "url": "https://tosv.byted.org/obj/appscan-obj/aux/misc/393933323635353233353235323534396_api.html",
                "position": "<com.smartadserver.android.library.ui.SphericalVideoView.OrientationProvider.SASOrientationProvider: void start()>",
                "target": [
                  "<com.smartadserver.android.library.ui.SphericalVideoView.OrientationProvider.SASOrientationProvider: void start()>",
                  "virtualinvoke $r1.<android.hardware.SensorManager: boolean registerListener(android.hardware.SensorEventListener,android.hardware.Sensor,int)>(r0, r5, 1)"
                ]
              },
              "hash": "f86bf6b27f27546fb6e18fa7ce939d41fd8760e9"
            }
          ]
        },
        "651_api": {
          "complianceCategoryDetail": "sensor",
          "deobfApk": "",
          "level": "high",
          "name": "651_api",
          "detail": "加速度传感器",
          "complianceCategory": "sensor",
          "category": "ComplianceInfo",
          "vulners": [
            {
              "details": {
                "ConstValue": "1",
                "position": "<com.smartadserver.android.library.controller.mraid.listener.SASAccelerationListener: void start()>",
                "url": "https://tosv.byted.org/obj/appscan-obj/aux/misc/393933323735333832393132323837651_api.html",
                "target": [
                  "<com.smartadserver.android.library.controller.mraid.listener.SASAccelerationListener: void start()>",
                  "<android.hardware.SensorManager: boolean registerListener(android.hardware.SensorEventListener,android.hardware.Sensor,int)>",
                  "1"
                ]
              },
              "hash": "15bd5385ac48ea037fd6ab329fea5169a1344065"
            }
          ]
        },
        "398_api": {
          "complianceCategoryDetail": "sensor",
          "deobfApk": "",
          "level": "low",
          "name": "398_api",
          "detail": "传感器",
          "complianceCategory": "sensor",
          "category": "ComplianceInfo",
          "vulners": [
            {
              "details": {
                "url": "https://tosv.byted.org/obj/appscan-obj/aux/misc/393933323636323436353830383834398_api.html",
                "position": "<com.smartadserver.android.library.controller.mraid.listener.SASAccelerationListener: void start()>",
                "target": [
                  "<com.smartadserver.android.library.controller.mraid.listener.SASAccelerationListener: void start()>",
                  "virtualinvoke r1_1.<android.hardware.SensorManager: boolean registerListener(android.hardware.SensorEventListener,android.hardware.Sensor,int)>(r0, $r4, $i0_1)"
                ]
              },
              "hash": "4375bc27d4e34538ef8426c2ff295c098b5ceb74"
            },
            {
              "details": {
                "url": "https://tosv.byted.org/obj/appscan-obj/aux/misc/393933323636353035353639363639398_api.html",
                "position": "<com.smartadserver.android.library.controller.mraid.listener.SASAccelerationListener: void startMag()>",
                "target": [
                  "<com.smartadserver.android.library.controller.mraid.listener.SASAccelerationListener: void startMag()>",
                  "virtualinvoke r1_1.<android.hardware.SensorManager: boolean registerListener(android.hardware.SensorEventListener,android.hardware.Sensor,int)>(r0, $r4, $i0_1)"
                ]
              },
              "hash": "67f17bd3df25044638a1767a4cb7fbeede1d5724"
            },
            {
              "details": {
                "url": "https://tosv.byted.org/obj/appscan-obj/aux/misc/393933323636363435373130323832398_api.html",
                "position": "<com.smartadserver.android.library.ui.SphericalVideoView.OrientationProvider.SASOrientationProvider: void start()>",
                "target": [
                  "<com.smartadserver.android.library.ui.SphericalVideoView.OrientationProvider.SASOrientationProvider: void start()>",
                  "virtualinvoke $r1.<android.hardware.SensorManager: boolean registerListener(android.hardware.SensorEventListener,android.hardware.Sensor,int)>(r0, r5, 1)"
                ]
              },
              "hash": "f86bf6b27f27546fb6e18fa7ce939d41fd8760e9"
            }
          ]
        },
        "395_api": {
          "complianceCategoryDetail": "sensor",
          "deobfApk": "",
          "level": "low",
          "name": "395_api",
          "detail": "传感器",
          "complianceCategory": "sensor",
          "category": "ComplianceInfo",
          "vulners": [
            {
              "details": {
                "url": "https://tosv.byted.org/obj/appscan-obj/aux/misc/393933323634373231353131323138395_api.html",
                "position": "<com.smartadserver.android.library.controller.mraid.listener.SASAccelerationListener: void start()>",
                "target": [
                  "<com.smartadserver.android.library.controller.mraid.listener.SASAccelerationListener: void start()>",
                  "virtualinvoke r1_1.<android.hardware.SensorManager: boolean registerListener(android.hardware.SensorEventListener,android.hardware.Sensor,int)>(r0, $r4, $i0_1)"
                ]
              },
              "hash": "4375bc27d4e34538ef8426c2ff295c098b5ceb74"
            },
            {
              "details": {
                "url": "https://tosv.byted.org/obj/appscan-obj/aux/misc/393933323634393432303834313837395_api.html",
                "position": "<com.smartadserver.android.library.controller.mraid.listener.SASAccelerationListener: void startMag()>",
                "target": [
                  "<com.smartadserver.android.library.controller.mraid.listener.SASAccelerationListener: void startMag()>",
                  "virtualinvoke r1_1.<android.hardware.SensorManager: boolean registerListener(android.hardware.SensorEventListener,android.hardware.Sensor,int)>(r0, $r4, $i0_1)"
                ]
              },
              "hash": "67f17bd3df25044638a1767a4cb7fbeede1d5724"
            },
            {
              "details": {
                "url": "https://tosv.byted.org/obj/appscan-obj/aux/misc/393933323635303838353639383431395_api.html",
                "position": "<com.smartadserver.android.library.ui.SphericalVideoView.OrientationProvider.SASOrientationProvider: void start()>",
                "target": [
                  "<com.smartadserver.android.library.ui.SphericalVideoView.OrientationProvider.SASOrientationProvider: void start()>",
                  "virtualinvoke $r1.<android.hardware.SensorManager: boolean registerListener(android.hardware.SensorEventListener,android.hardware.Sensor,int)>(r0, r5, 1)"
                ]
              },
              "hash": "f86bf6b27f27546fb6e18fa7ce939d41fd8760e9"
            }
          ]
        },
        "311_api": {
          "complianceCategoryDetail": "sensor",
          "deobfApk": "",
          "level": "low",
          "name": "311_api",
          "detail": "传感器",
          "complianceCategory": "sensor",
          "category": "ComplianceInfo",
          "vulners": [
            {
              "details": {
                "url": "https://tosv.byted.org/obj/appscan-obj/aux/misc/393933323631373234333938313833311_api.html",
                "position": "<com.smartadserver.android.library.controller.mraid.listener.SASAccelerationListener: void start()>",
                "target": [
                  "<com.smartadserver.android.library.controller.mraid.listener.SASAccelerationListener: void start()>",
                  "$r2 = virtualinvoke r1.<android.hardware.SensorManager: java.util.List getSensorList(int)>(1)"
                ]
              },
              "hash": "427c1343c92c91e78490678ccfc34f683b865b0a"
            },
            {
              "details": {
                "url": "https://tosv.byted.org/obj/appscan-obj/aux/misc/393933323632323332393730343338311_api.html",
                "position": "<com.smartadserver.android.library.controller.mraid.listener.SASAccelerationListener: void startMag()>",
                "target": [
                  "<com.smartadserver.android.library.controller.mraid.listener.SASAccelerationListener: void startMag()>",
                  "$r2 = virtualinvoke r1.<android.hardware.SensorManager: java.util.List getSensorList(int)>(2)"
                ]
              },
              "hash": "3df2eb40016d16b2857df4adf4717bf420b0c546"
            }
          ]
        },
        "393_api": {
          "complianceCategoryDetail": "sensor",
          "deobfApk": "",
          "level": "low",
          "name": "393_api",
          "detail": "传感器",
          "complianceCategory": "sensor",
          "category": "ComplianceInfo",
          "vulners": [
            {
              "details": {
                "url": "https://tosv.byted.org/obj/appscan-obj/aux/misc/393933323633313533323039343538393_api.html",
                "position": "<com.smartadserver.android.library.controller.mraid.listener.SASAccelerationListener: void start()>",
                "target": [
                  "<com.smartadserver.android.library.controller.mraid.listener.SASAccelerationListener: void start()>",
                  "virtualinvoke r1_1.<android.hardware.SensorManager: boolean registerListener(android.hardware.SensorEventListener,android.hardware.Sensor,int)>(r0, $r4, $i0_1)"
                ]
              },
              "hash": "4375bc27d4e34538ef8426c2ff295c098b5ceb74"
            },
            {
              "details": {
                "url": "https://tosv.byted.org/obj/appscan-obj/aux/misc/393933323633323931353532343936393_api.html",
                "position": "<com.smartadserver.android.library.controller.mraid.listener.SASAccelerationListener: void startMag()>",
                "target": [
                  "<com.smartadserver.android.library.controller.mraid.listener.SASAccelerationListener: void startMag()>",
                  "virtualinvoke r1_1.<android.hardware.SensorManager: boolean registerListener(android.hardware.SensorEventListener,android.hardware.Sensor,int)>(r0, $r4, $i0_1)"
                ]
              },
              "hash": "67f17bd3df25044638a1767a4cb7fbeede1d5724"
            },
            {
              "details": {
                "url": "https://tosv.byted.org/obj/appscan-obj/aux/misc/393933323633343730363938343335393_api.html",
                "position": "<com.smartadserver.android.library.ui.SphericalVideoView.OrientationProvider.SASOrientationProvider: void start()>",
                "target": [
                  "<com.smartadserver.android.library.ui.SphericalVideoView.OrientationProvider.SASOrientationProvider: void start()>",
                  "virtualinvoke $r1.<android.hardware.SensorManager: boolean registerListener(android.hardware.SensorEventListener,android.hardware.Sensor,int)>(r0, r5, 1)"
                ]
              },
              "hash": "f86bf6b27f27546fb6e18fa7ce939d41fd8760e9"
            }
          ]
        },
        "397_api": {
          "complianceCategoryDetail": "sensor",
          "deobfApk": "",
          "level": "low",
          "name": "397_api",
          "detail": "传感器",
          "complianceCategory": "sensor",
          "category": "ComplianceInfo",
          "vulners": [
            {
              "details": {
                "url": "https://tosv.byted.org/obj/appscan-obj/aux/misc/393933323635373035353034353235397_api.html",
                "position": "<com.smartadserver.android.library.controller.mraid.listener.SASAccelerationListener: void start()>",
                "target": [
                  "<com.smartadserver.android.library.controller.mraid.listener.SASAccelerationListener: void start()>",
                  "virtualinvoke r1_1.<android.hardware.SensorManager: boolean registerListener(android.hardware.SensorEventListener,android.hardware.Sensor,int)>(r0, $r4, $i0_1)"
                ]
              },
              "hash": "4375bc27d4e34538ef8426c2ff295c098b5ceb74"
            },
            {
              "details": {
                "url": "https://tosv.byted.org/obj/appscan-obj/aux/misc/393933323635383239383437363331397_api.html",
                "position": "<com.smartadserver.android.library.controller.mraid.listener.SASAccelerationListener: void startMag()>",
                "target": [
                  "<com.smartadserver.android.library.controller.mraid.listener.SASAccelerationListener: void startMag()>",
                  "virtualinvoke r1_1.<android.hardware.SensorManager: boolean registerListener(android.hardware.SensorEventListener,android.hardware.Sensor,int)>(r0, $r4, $i0_1)"
                ]
              },
              "hash": "67f17bd3df25044638a1767a4cb7fbeede1d5724"
            },
            {
              "details": {
                "url": "https://tosv.byted.org/obj/appscan-obj/aux/misc/393933323636303336313132353936397_api.html",
                "position": "<com.smartadserver.android.library.ui.SphericalVideoView.OrientationProvider.SASOrientationProvider: void start()>",
                "target": [
                  "<com.smartadserver.android.library.ui.SphericalVideoView.OrientationProvider.SASOrientationProvider: void start()>",
                  "virtualinvoke $r1.<android.hardware.SensorManager: boolean registerListener(android.hardware.SensorEventListener,android.hardware.Sensor,int)>(r0, r5, 1)"
                ]
              },
              "hash": "f86bf6b27f27546fb6e18fa7ce939d41fd8760e9"
            }
          ]
        },
        "635_api": {
          "complianceCategoryDetail": "sensor",
          "deobfApk": "",
          "level": "high",
          "name": "635_api",
          "detail": "陀螺仪传感器",
          "complianceCategory": "sensor",
          "category": "ComplianceInfo",
          "vulners": [
            {
              "details": {
                "ConstValue": "4",
                "position": "<com.smartadserver.android.library.ui.SphericalVideoView.OrientationProvider.SASImprovedOrientationSensorProvider: void <init>(android.hardware.SensorManager)>",
                "url": "https://tosv.byted.org/obj/appscan-obj/aux/misc/393933323638383135363034393330635_api.html",
                "target": [
                  "<com.smartadserver.android.library.ui.SphericalVideoView.OrientationProvider.SASImprovedOrientationSensorProvider: void <init>(android.hardware.SensorManager)>",
                  "<android.hardware.SensorManager: android.hardware.Sensor getDefaultSensor(int)>",
                  "4"
                ]
              },
              "hash": "932a96573bf6737fb9cbe267af8210cf3b9dde5c"
            }
          ]
        },
        "650_api": {
          "complianceCategoryDetail": "sensor",
          "deobfApk": "",
          "level": "high",
          "name": "650_api",
          "detail": "加速度传感器",
          "complianceCategory": "sensor",
          "category": "ComplianceInfo",
          "vulners": [
            {
              "details": {
                "ConstValue": "1",
                "position": "<com.smartadserver.android.library.controller.mraid.listener.SASAccelerationListener: void start()>",
                "url": "https://tosv.byted.org/obj/appscan-obj/aux/misc/393933323735303331313033313232650_api.html",
                "target": [
                  "<com.smartadserver.android.library.controller.mraid.listener.SASAccelerationListener: void start()>",
                  "<android.hardware.SensorManager: boolean registerListener(android.hardware.SensorEventListener,android.hardware.Sensor,int)>",
                  "1"
                ]
              },
              "hash": "15bd5385ac48ea037fd6ab329fea5169a1344065"
            }
          ]
        }
      },
      "location": {
        "357_api": {
          "complianceCategoryDetail": "location",
          "deobfApk": "",
          "level": "low",
          "name": "357_api",
          "detail": "提示用户webview正在申请获取地理位置",
          "complianceCategory": "location",
          "category": "ComplianceInfo",
          "vulners": [
            {
              "details": {
                "url": "https://tosv.byted.org/obj/appscan-obj/aux/misc/393933323632373032353032393037357_api.html",
                "position": "<com.smartadserver.android.library.controller.SASWebChromeClient: void onGeolocationPermissionsShowPrompt(java.lang.String,android.webkit.GeolocationPermissions$Callback)>",
                "target": [
                  "<com.smartadserver.android.library.controller.SASWebChromeClient: void onGeolocationPermissionsShowPrompt(java.lang.String,android.webkit.GeolocationPermissions$Callback)>",
                  "virtualinvoke $r3.<android.webkit.WebChromeClient: void onGeolocationPermissionsShowPrompt(java.lang.String,android.webkit.GeolocationPermissions$Callback)>($r1, $r2)"
                ]
              },
              "hash": "f999f9905557e01a1175e0f15df9d5926cd2fbb4"
            }
          ]
        },
        "575_api": {
          "complianceCategoryDetail": "location",
          "deobfApk": "",
          "level": "high",
          "name": "575_api",
          "detail": "纬度",
          "complianceCategory": "location",
          "category": "ComplianceInfo",
          "vulners": [
            {
              "details": {
                "url": "https://tosv.byted.org/obj/appscan-obj/aux/misc/393933323637343730353234393636575_api.html",
                "position": "<com.smartadserver.android.library.ui.SASAdView: void loadAdImpl(com.smartadserver.android.library.model.SASAdRequest,com.smartadserver.android.library.ui.SASAdView$AdResponseHandler,boolean)>",
                "target": [
                  "<com.smartadserver.android.library.ui.SASAdView: void loadAdImpl(com.smartadserver.android.library.model.SASAdRequest,com.smartadserver.android.library.ui.SASAdView$AdResponseHandler,boolean)>",
                  "$d0_1 = virtualinvoke $r18_2.<android.location.Location: double getLatitude()>()"
                ]
              },
              "hash": "00e16f6041e807ce8d18774b4243c15c989b7cdf"
            },
            {
              "details": {
                "url": "https://tosv.byted.org/obj/appscan-obj/aux/misc/393933323637363334343636393036575_api.html",
                "position": "<com.smartadserver.android.library.model.SASNativeAdManager$2: void run()>",
                "target": [
                  "<com.smartadserver.android.library.model.SASNativeAdManager$2: void run()>",
                  "$d0_1 = virtualinvoke $r7_2.<android.location.Location: double getLatitude()>()"
                ]
              },
              "hash": "6ed05dfb1be689d703e4a31aa50f4e176d3254ae"
            },
            {
              "details": {
                "url": "https://tosv.byted.org/obj/appscan-obj/aux/misc/393933323637373632383830303938575_api.html",
                "position": "<com.smartadserver.android.library.headerbidding.SASBiddingManager: void loadImpl()>",
                "target": [
                  "<com.smartadserver.android.library.headerbidding.SASBiddingManager: void loadImpl()>",
                  "$d0_1 = virtualinvoke $r15_2.<android.location.Location: double getLatitude()>()"
                ]
              },
              "hash": "134f97e26a56c707342c8f43fea56fba253f5bce"
            },
            {
              "details": {
                "url": "https://tosv.byted.org/obj/appscan-obj/aux/misc/393933323637383834393731373036575_api.html",
                "position": "<com.smartadserver.android.library.controller.mraid.SASMRAIDController: java.lang.String getLocation()>",
                "target": [
                  "<com.smartadserver.android.library.controller.mraid.SASMRAIDController: java.lang.String getLocation()>",
                  "$d0 = virtualinvoke $r4_2.<android.location.Location: double getLatitude()>()"
                ]
              },
              "hash": "0ec274f69845c1024f703a8a4ac633a189fe8396"
            }
          ]
        },
        "576_api": {
          "complianceCategoryDetail": "location",
          "deobfApk": "",
          "level": "high",
          "name": "576_api",
          "detail": "经度",
          "complianceCategory": "location",
          "category": "ComplianceInfo",
          "vulners": [
            {
              "details": {
                "url": "https://tosv.byted.org/obj/appscan-obj/aux/misc/393933323638303330333933393031576_api.html",
                "position": "<com.smartadserver.android.library.ui.SASAdView: void loadAdImpl(com.smartadserver.android.library.model.SASAdRequest,com.smartadserver.android.library.ui.SASAdView$AdResponseHandler,boolean)>",
                "target": [
                  "<com.smartadserver.android.library.ui.SASAdView: void loadAdImpl(com.smartadserver.android.library.model.SASAdRequest,com.smartadserver.android.library.ui.SASAdView$AdResponseHandler,boolean)>",
                  "$d0 = virtualinvoke $r18_2.<android.location.Location: double getLongitude()>()"
                ]
              },
              "hash": "09ca7d7208f8ff9c11e0d897aca359010daac0f5"
            },
            {
              "details": {
                "url": "https://tosv.byted.org/obj/appscan-obj/aux/misc/393933323638323138393633383137576_api.html",
                "position": "<com.smartadserver.android.library.model.SASNativeAdManager$2: void run()>",
                "target": [
                  "<com.smartadserver.android.library.model.SASNativeAdManager$2: void run()>",
                  "$d0 = virtualinvoke $r7_2.<android.location.Location: double getLongitude()>()"
                ]
              },
              "hash": "ebc1426a9223d0223634aca32eccf45b07de1932"
            },
            {
              "details": {
                "url": "https://tosv.byted.org/obj/appscan-obj/aux/misc/393933323638333836353632303937576_api.html",
                "position": "<com.smartadserver.android.library.headerbidding.SASBiddingManager: void loadImpl()>",
                "target": [
                  "<com.smartadserver.android.library.headerbidding.SASBiddingManager: void loadImpl()>",
                  "$d0 = virtualinvoke $r15_2.<android.location.Location: double getLongitude()>()"
                ]
              },
              "hash": "ec318d479e9a2c3e252bd0cd40aa239a007605e4"
            },
            {
              "details": {
                "url": "https://tosv.byted.org/obj/appscan-obj/aux/misc/393933323638353132313835323731576_api.html",
                "position": "<com.smartadserver.android.library.controller.mraid.SASMRAIDController: java.lang.String getLocation()>",
                "target": [
                  "<com.smartadserver.android.library.controller.mraid.SASMRAIDController: java.lang.String getLocation()>",
                  "$d0_1 = virtualinvoke $r4_2.<android.location.Location: double getLongitude()>()"
                ]
              },
              "hash": "88142c6f5514b9a8b9db67a5fe0a4a61d1434faa"
            }
          ]
        }
      }
    },
    "DeepLinkInfo": {},
    "JsBridgeInfo": {},
    "UrlRegion": {
      "filter": {
        "N/A:N/A": {
          "value": {
            "境外": {
              "api.ok.ru": {
                "value": {
                  "https://api.ok.ru/fb.do": {
                    "classes.dex.ru.ok.android.sdk.util.OkRequestUtil$Request": "const-string v1, \"https://api.ok.ru/fb.do\"\n"
                  }
                },
                "meta": {
                  "A": {
                    "108.160.162.109": "US"
                  },
                  "ICP": "ICP record undetected",
                  "ISP": [
                    "Dropbox, Inc."
                  ],
                  "locations": [
                    "US"
                  ],
                  "plugins": [
                    "DNS",
                    "ICP"
                  ]
                }
              },
              "connect.ok.ru": {
                "value": {
                  "https://connect.ok.ru/dk?st.cmd=": {
                    "classes.dex.ru.ok.android.sdk.AbstractWidgetActivity": "const-string v1, \"https://connect.ok.ru/dk?st.cmd=\"\n"
                  }
                },
                "meta": {
                  "A": {
                    "199.59.149.203": "US"
                  },
                  "ICP": "ICP record undetected",
                  "ISP": [
                    "Twitter Inc."
                  ],
                  "locations": [
                    "US"
                  ],
                  "plugins": [
                    "DNS",
                    "ICP"
                  ]
                }
              }
            }
          },
          "meta": {
            "url": "N/A",
            "description": "未查到组件信息",
            "version": "N/A"
          }
        }
      },
      "full": {
        "N/A:N/A": {
          "value": {
            "US": {
              "api.ok.ru": {
                "meta": {
                  "A": {
                    "108.160.162.109": "US"
                  },
                  "ICP": "ICP record undetected",
                  "ISP": [
                    "Dropbox, Inc."
                  ],
                  "locations": [
                    "US"
                  ],
                  "plugins": [
                    "DNS",
                    "ICP"
                  ]
                },
                "value": {
                  "https://api.ok.ru/fb.do": {
                    "classes.dex.ru.ok.android.sdk.util.OkRequestUtil$Request": "const-string v1, \"https://api.ok.ru/fb.do\"\n"
                  }
                }
              },
              "connect.ok.ru": {
                "meta": {
                  "A": {
                    "199.59.149.203": "US"
                  },
                  "ICP": "ICP record undetected",
                  "ISP": [
                    "Twitter Inc."
                  ],
                  "locations": [
                    "US"
                  ],
                  "plugins": [
                    "DNS",
                    "ICP"
                  ]
                },
                "value": {
                  "https://connect.ok.ru/dk?st.cmd=": {
                    "classes.dex.ru.ok.android.sdk.AbstractWidgetActivity": "const-string v1, \"https://connect.ok.ru/dk?st.cmd=\"\n"
                  }
                }
              }
            }
          },
          "meta": {
            "url": "N/A",
            "description": "未查到组件信息",
            "version": "N/A"
          }
        }
      }
    },
    "profiler": "https://tosv.byted.org/obj/appscan-obj/aux/misc/393933323739323231323236383739profiler.json",
    "HTTP_API": [],
    "BasicInfo": {
      "AppInfo": {
        "name": "",
        "size": "0.89MB",
        "package": "com.smartadserver.android.library",
        "versionName": null,
        "versionCode": null,
        "target_sdk": "",
        "min_sdk": "19",
        "max_sdk": "",
        "sha1": "75e9c0570da93ee5658b02326fe45d85c9d0394f"
      },
      "SignInfo": {
        "Is signed v1": false,
        "Is signed v2": false,
        "Is signed v3": false,
        "certs": [],
        "pkeys": []
      },
      "ComponentsInfo": {
        "unExportedActivities": [
          "com.smartadserver.android.library.ui.SASInterstitialActivity"
        ],
        "unExportedProviders": [
          "com.smartadserver.android.library.components.transparencyreport.SASTransparencyReport$FileProvider"
        ]
      },
      "PermissionInfo": [
        "android.permission.ACCESS_NETWORK_STATE",
        "android.permission.INTERNET"
      ],
      "DeobfApk": ""
    },
    "PermissionUsedDetails": {
      "declaredPermissions": [
        "android.permission.ACCESS_NETWORK_STATE",
        "android.permission.INTERNET"
      ],
      "usedPermissions": {
        "android.permission.INTERNET": {
          "level": "normal|instant",
          "description": "Allows applications to open network sockets",
          "positions": [
            "Default"
          ],
          "details": [
            {
              "caller": "N/A",
              "api": "N/A",
              "url": "N/A"
            }
          ]
        }
      },
      "declaredButNoUsed": {
        "android.permission.ACCESS_NETWORK_STATE": {
          "level": "normal|instant",
          "description": "Allows applications to access information about networks"
        }
      },
      "usedButNotDeclared": {}
    },
    "SDKComplianceList": []
  },
  0
]