[
  {
    "SecurityInfo": {},
    "ComplianceInfo": {
      "bluetooth MAC": {
        "472_api": {
          "complianceCategoryDetail": "bluetooth MAC",
          "deobfApk": "",
          "level": "low",
          "name": "472_api",
          "detail": "蓝牙MAC地址",
          "complianceCategory": "bluetooth MAC",
          "category": "ComplianceInfo",
          "vulners": [
            {
              "details": {
                "url": "https://tosv.byted.org/obj/appscan-obj/aux/misc/393933373432343430333232383138472_api.html",
                "position": "<com.facebook.places.internal.BleScannerImpl: void startScanning()>",
                "target": [
                  "<com.facebook.places.internal.BleScannerImpl: void startScanning()>",
                  "virtualinvoke r5_1.<android.bluetooth.le.BluetoothLeScanner: void startScan(java.util.List,android.bluetooth.le.ScanSettings,android.bluetooth.le.ScanCallback)>(null, $r2, $r1_1)"
                ]
              },
              "hash": "315e59e8a257b61c338cd8037f60ff5c1510f27a"
            }
          ]
        },
        "473_api": {
          "complianceCategoryDetail": "bluetooth MAC",
          "deobfApk": "",
          "level": "low",
          "name": "473_api",
          "detail": "蓝牙MAC地址",
          "complianceCategory": "bluetooth MAC",
          "category": "ComplianceInfo",
          "vulners": [
            {
              "details": {
                "url": "https://tosv.byted.org/obj/appscan-obj/aux/misc/393933373432353739333933313532473_api.html",
                "position": "<com.facebook.places.internal.BleScannerImpl: void startScanning()>",
                "target": [
                  "<com.facebook.places.internal.BleScannerImpl: void startScanning()>",
                  "virtualinvoke r5_1.<android.bluetooth.le.BluetoothLeScanner: void startScan(java.util.List,android.bluetooth.le.ScanSettings,android.bluetooth.le.ScanCallback)>(null, $r2, $r1_1)"
                ]
              },
              "hash": "315e59e8a257b61c338cd8037f60ff5c1510f27a"
            }
          ]
        },
        "474_api": {
          "complianceCategoryDetail": "bluetooth MAC",
          "deobfApk": "",
          "level": "low",
          "name": "474_api",
          "detail": "蓝牙MAC地址",
          "complianceCategory": "bluetooth MAC",
          "category": "ComplianceInfo",
          "vulners": [
            {
              "details": {
                "url": "https://tosv.byted.org/obj/appscan-obj/aux/misc/393933373432393235353334343938474_api.html",
                "position": "<com.facebook.places.internal.BleScannerImpl: void startScanning()>",
                "target": [
                  "<com.facebook.places.internal.BleScannerImpl: void startScanning()>",
                  "virtualinvoke r5_1.<android.bluetooth.le.BluetoothLeScanner: void startScan(java.util.List,android.bluetooth.le.ScanSettings,android.bluetooth.le.ScanCallback)>(null, $r2, $r1_1)"
                ]
              },
              "hash": "315e59e8a257b61c338cd8037f60ff5c1510f27a"
            }
          ]
        },
        "188_api": {
          "complianceCategoryDetail": "bluetooth MAC",
          "deobfApk": "",
          "level": "low",
          "name": "188_api",
          "detail": "蓝牙MAC地址",
          "complianceCategory": "bluetooth MAC",
          "category": "ComplianceInfo",
          "vulners": [
            {
              "details": {
                "url": "https://tosv.byted.org/obj/appscan-obj/aux/misc/393933373335313136393336343734188_api.html",
                "position": "<com.facebook.places.internal.BleScannerImpl: void stopScanning()>",
                "target": [
                  "<com.facebook.places.internal.BleScannerImpl: void stopScanning()>",
                  "virtualinvoke $r1.<android.bluetooth.le.BluetoothLeScanner: void flushPendingScanResults(android.bluetooth.le.ScanCallback)>($r2)"
                ]
              },
              "hash": "b362b2529933b14fcb6e0b94729c9d64fd046dd5"
            }
          ]
        }
      },
      "wifi": {
        "471_api": {
          "complianceCategoryDetail": "wifi",
          "deobfApk": "",
          "level": "low",
          "name": "471_api",
          "detail": "执行WiFi扫描，可能会被照明弹记录",
          "complianceCategory": "wifi",
          "category": "ComplianceInfo",
          "vulners": [
            {
              "details": {
                "url": "https://tosv.byted.org/obj/appscan-obj/aux/misc/393933373432313232393139323637471_api.html",
                "position": "<com.facebook.places.internal.WifiScannerImpl: java.util.List getActiveScanResults()>",
                "target": [
                  "<com.facebook.places.internal.WifiScannerImpl: java.util.List getActiveScanResults()>",
                  "$z0_1 = virtualinvoke r3.<android.net.wifi.WifiManager: boolean startScan()>()"
                ]
              },
              "hash": "2929a02466e53db4008c3c4c5f857f4aeebcd72b"
            }
          ]
        }
      },
      "bluetooth": {
        "482_api": {
          "complianceCategoryDetail": "bluetooth",
          "deobfApk": "",
          "level": "low",
          "name": "482_api",
          "detail": "停止蓝牙扫描。",
          "complianceCategory": "bluetooth",
          "category": "ComplianceInfo",
          "vulners": [
            {
              "details": {
                "url": "https://tosv.byted.org/obj/appscan-obj/aux/misc/393933373433363139343633333431482_api.html",
                "position": "<com.facebook.places.internal.BleScannerImpl: void stopScanning()>",
                "target": [
                  "<com.facebook.places.internal.BleScannerImpl: void stopScanning()>",
                  "virtualinvoke $r1_1.<android.bluetooth.le.BluetoothLeScanner: void stopScan(android.bluetooth.le.ScanCallback)>($r2_1)"
                ]
              },
              "hash": "b29bd1386bcf8debaa1cf08f58d8e8611f1c3592"
            }
          ]
        },
        "481_api": {
          "complianceCategoryDetail": "bluetooth",
          "deobfApk": "",
          "level": "low",
          "name": "481_api",
          "detail": "停止蓝牙扫描。",
          "complianceCategory": "bluetooth",
          "category": "ComplianceInfo",
          "vulners": [
            {
              "details": {
                "url": "https://tosv.byted.org/obj/appscan-obj/aux/misc/393933373433343336323639353337481_api.html",
                "position": "<com.facebook.places.internal.BleScannerImpl: void stopScanning()>",
                "target": [
                  "<com.facebook.places.internal.BleScannerImpl: void stopScanning()>",
                  "virtualinvoke $r1_1.<android.bluetooth.le.BluetoothLeScanner: void stopScan(android.bluetooth.le.ScanCallback)>($r2_1)"
                ]
              },
              "hash": "b29bd1386bcf8debaa1cf08f58d8e8611f1c3592"
            }
          ]
        }
      },
      "SSIDBSSID": {
        "309_api": {
          "complianceCategoryDetail": "SSIDBSSID",
          "deobfApk": "",
          "level": "high",
          "name": "309_api",
          "detail": "SSID、BSSID",
          "complianceCategory": "SSIDBSSID",
          "category": "ComplianceInfo",
          "vulners": [
            {
              "details": {
                "url": "https://tosv.byted.org/obj/appscan-obj/aux/misc/393933373337393939343431373638309_api.html",
                "position": "<com.facebook.places.internal.WifiScannerImpl: java.util.List getCachedScanResults()>",
                "target": [
                  "<com.facebook.places.internal.WifiScannerImpl: java.util.List getCachedScanResults()>",
                  "$r2 = virtualinvoke r1.<android.net.wifi.WifiManager: java.util.List getScanResults()>()"
                ]
              },
              "hash": "e05737df454899265e5d73d456c13b62d27dc22c"
            }
          ]
        },
        "555_api": {
          "complianceCategoryDetail": "SSIDBSSID",
          "deobfApk": "",
          "level": "high",
          "name": "555_api",
          "detail": "SSID",
          "complianceCategory": "SSIDBSSID",
          "category": "ComplianceInfo",
          "vulners": [
            {
              "details": {
                "url": "https://tosv.byted.org/obj/appscan-obj/aux/misc/393933373434313639353634303339555_api.html",
                "position": "<com.facebook.places.internal.WifiScannerImpl: com.facebook.places.internal.WifiScanResult getConnectedWifi()>",
                "target": [
                  "<com.facebook.places.internal.WifiScannerImpl: com.facebook.places.internal.WifiScanResult getConnectedWifi()>",
                  "$r3_1 = virtualinvoke $r2.<android.net.wifi.WifiInfo: java.lang.String getSSID()>()"
                ]
              },
              "hash": "d6af572e56249677cc2c7da23696d053e07a22c0"
            }
          ]
        },
        "502_api": {
          "complianceCategoryDetail": "SSIDBSSID",
          "deobfApk": "",
          "level": "high",
          "name": "502_api",
          "detail": "SSID、BSSID",
          "complianceCategory": "SSIDBSSID",
          "category": "ComplianceInfo",
          "vulners": [
            {
              "details": {
                "position": "<com.facebook.places.internal.WifiScannerImpl: void registerBroadcastReceiver()>",
                "url": "https://tosv.byted.org/obj/appscan-obj/aux/misc/393933373438373635373434323930502_api.html",
                "target": [
                  "<com.facebook.places.internal.WifiScannerImpl: void registerBroadcastReceiver()>->@const_str:android.net.wifi.SCAN_RESULTS",
                  "<com.facebook.places.internal.WifiScannerImpl: void registerBroadcastReceiver()>->r2"
                ],
                "entryMethod": "<com.facebook.places.internal.WifiScannerImpl: void registerBroadcastReceiver()>",
                "Source": [
                  "virtualinvoke r2.<android.content.IntentFilter: void addAction(java.lang.String)>(\"android.net.wifi.SCAN_RESULTS\")"
                ],
                "Sink": [
                  "virtualinvoke $r3.<android.content.Context: android.content.Intent registerReceiver(android.content.BroadcastReceiver,android.content.IntentFilter)>($r1_2, r2)"
                ]
              },
              "hash": "66a4abd7474f2f2b79766f6d201ef0c7096c9cbd"
            }
          ]
        },
        "557_api": {
          "complianceCategoryDetail": "SSIDBSSID",
          "deobfApk": "",
          "level": "high",
          "name": "557_api",
          "detail": "BSSID",
          "complianceCategory": "SSIDBSSID",
          "category": "ComplianceInfo",
          "vulners": [
            {
              "details": {
                "url": "https://tosv.byted.org/obj/appscan-obj/aux/misc/393933373434353132333730323531557_api.html",
                "position": "<com.facebook.places.internal.WifiScannerImpl: com.facebook.places.internal.WifiScanResult getConnectedWifi()>",
                "target": [
                  "<com.facebook.places.internal.WifiScannerImpl: com.facebook.places.internal.WifiScanResult getConnectedWifi()>",
                  "$r3 = virtualinvoke $r2.<android.net.wifi.WifiInfo: java.lang.String getBSSID()>()"
                ]
              },
              "hash": "e3346dda9da85bf3696367b4fc7a0708aa1cf60f"
            }
          ]
        },
        "239_api": {
          "complianceCategoryDetail": "SSIDBSSID",
          "deobfApk": "",
          "level": "high",
          "name": "239_api",
          "detail": "SSID、BSSID",
          "complianceCategory": "SSIDBSSID",
          "category": "ComplianceInfo",
          "vulners": [
            {
              "details": {
                "url": "https://tosv.byted.org/obj/appscan-obj/aux/misc/393933373336323237393730373738239_api.html",
                "position": "<com.facebook.places.internal.WifiScannerImpl: com.facebook.places.internal.WifiScanResult getConnectedWifi()>",
                "target": [
                  "<com.facebook.places.internal.WifiScannerImpl: com.facebook.places.internal.WifiScanResult getConnectedWifi()>",
                  "$r2 = virtualinvoke r1.<android.net.wifi.WifiManager: android.net.wifi.WifiInfo getConnectionInfo()>()"
                ]
              },
              "hash": "fcf4d350851a58f51151cacf58148f8fcf442d28"
            }
          ]
        }
      },
      "location": {
        "417_api": {
          "complianceCategoryDetail": "location",
          "deobfApk": "",
          "level": "low",
          "name": "417_api",
          "detail": "位置信息",
          "complianceCategory": "location",
          "category": "ComplianceInfo",
          "vulners": [
            {
              "details": {
                "url": "https://tosv.byted.org/obj/appscan-obj/aux/misc/393933373431333731333233333336417_api.html",
                "position": "<com.facebook.places.internal.LocationScannerImpl: android.location.Location getFreshLocation()>",
                "target": [
                  "<com.facebook.places.internal.LocationScannerImpl: android.location.Location getFreshLocation()>",
                  "virtualinvoke $r6_1.<android.location.LocationManager: void requestLocationUpdates(java.lang.String,long,float,android.location.LocationListener,android.os.Looper)>(r5, 100L, 0.0F, r0, $r7)"
                ]
              },
              "hash": "bb408ecb8c96ea9165f80d2e6f29de72285d2329"
            }
          ]
        },
        "575_api": {
          "complianceCategoryDetail": "location",
          "deobfApk": "",
          "level": "high",
          "name": "575_api",
          "detail": "纬度",
          "complianceCategory": "location",
          "category": "ComplianceInfo",
          "vulners": [
            {
              "details": {
                "url": "https://tosv.byted.org/obj/appscan-obj/aux/misc/393933373434373137333131313833575_api.html",
                "position": "<com.facebook.places.PlaceManager: android.os.Bundle getCurrentPlaceParameters(com.facebook.places.model.CurrentPlaceRequestParams,com.facebook.places.internal.LocationPackage)>",
                "target": [
                  "<com.facebook.places.PlaceManager: android.os.Bundle getCurrentPlaceParameters(com.facebook.places.model.CurrentPlaceRequestParams,com.facebook.places.internal.LocationPackage)>",
                  "$d0_1 = virtualinvoke r3_5.<android.location.Location: double getLatitude()>()"
                ]
              },
              "hash": "5763aea585e5b228eeef2ffa2ccf9f175d7e273a"
            },
            {
              "details": {
                "url": "https://tosv.byted.org/obj/appscan-obj/aux/misc/393933373435303535353232393438575_api.html",
                "position": "<com.facebook.places.PlaceManager: com.facebook.GraphRequest newPlaceSearchRequestForLocation(com.facebook.places.model.PlaceSearchRequestParams,android.location.Location)>",
                "target": [
                  "<com.facebook.places.PlaceManager: com.facebook.GraphRequest newPlaceSearchRequestForLocation(com.facebook.places.model.PlaceSearchRequestParams,android.location.Location)>",
                  "$d0 = virtualinvoke $r1.<android.location.Location: double getLatitude()>()"
                ]
              },
              "hash": "29b02e93dabfb9f92172f3368c31d6f9b7109590"
            }
          ]
        },
        "416_api": {
          "complianceCategoryDetail": "location",
          "deobfApk": "",
          "level": "low",
          "name": "416_api",
          "detail": "位置信息",
          "complianceCategory": "location",
          "category": "ComplianceInfo",
          "vulners": [
            {
              "details": {
                "url": "https://tosv.byted.org/obj/appscan-obj/aux/misc/393933373431303439323631343536416_api.html",
                "position": "<com.facebook.places.internal.LocationScannerImpl: android.location.Location getFreshLocation()>",
                "target": [
                  "<com.facebook.places.internal.LocationScannerImpl: android.location.Location getFreshLocation()>",
                  "virtualinvoke $r6_1.<android.location.LocationManager: void requestLocationUpdates(java.lang.String,long,float,android.location.LocationListener,android.os.Looper)>(r5, 100L, 0.0F, r0, $r7)"
                ]
              },
              "hash": "bb408ecb8c96ea9165f80d2e6f29de72285d2329"
            }
          ]
        },
        "576_api": {
          "complianceCategoryDetail": "location",
          "deobfApk": "",
          "level": "high",
          "name": "576_api",
          "detail": "经度",
          "complianceCategory": "location",
          "category": "ComplianceInfo",
          "vulners": [
            {
              "details": {
                "url": "https://tosv.byted.org/obj/appscan-obj/aux/misc/393933373435323336323030303534576_api.html",
                "position": "<com.facebook.places.PlaceManager: android.os.Bundle getCurrentPlaceParameters(com.facebook.places.model.CurrentPlaceRequestParams,com.facebook.places.internal.LocationPackage)>",
                "target": [
                  "<com.facebook.places.PlaceManager: android.os.Bundle getCurrentPlaceParameters(com.facebook.places.model.CurrentPlaceRequestParams,com.facebook.places.internal.LocationPackage)>",
                  "$d0_2 = virtualinvoke r3_5.<android.location.Location: double getLongitude()>()"
                ]
              },
              "hash": "06a3c2379b90a439312aff06990ee3f6a1904036"
            },
            {
              "details": {
                "url": "https://tosv.byted.org/obj/appscan-obj/aux/misc/393933373435363332343234343938576_api.html",
                "position": "<com.facebook.places.PlaceManager: com.facebook.GraphRequest newPlaceSearchRequestForLocation(com.facebook.places.model.PlaceSearchRequestParams,android.location.Location)>",
                "target": [
                  "<com.facebook.places.PlaceManager: com.facebook.GraphRequest newPlaceSearchRequestForLocation(com.facebook.places.model.PlaceSearchRequestParams,android.location.Location)>",
                  "$d0_1 = virtualinvoke $r1.<android.location.Location: double getLongitude()>()"
                ]
              },
              "hash": "022e03443cd426df5ad4c3a73c175cf2b1b57b89"
            }
          ]
        },
        "414_api": {
          "complianceCategoryDetail": "location",
          "deobfApk": "",
          "level": "low",
          "name": "414_api",
          "detail": "位置信息",
          "complianceCategory": "location",
          "category": "ComplianceInfo",
          "vulners": [
            {
              "details": {
                "url": "https://tosv.byted.org/obj/appscan-obj/aux/misc/393933373430323237373631363835414_api.html",
                "position": "<com.facebook.places.internal.LocationScannerImpl: android.location.Location getFreshLocation()>",
                "target": [
                  "<com.facebook.places.internal.LocationScannerImpl: android.location.Location getFreshLocation()>",
                  "virtualinvoke $r6_1.<android.location.LocationManager: void requestLocationUpdates(java.lang.String,long,float,android.location.LocationListener,android.os.Looper)>(r5, 100L, 0.0F, r0, $r7)"
                ]
              },
              "hash": "bb408ecb8c96ea9165f80d2e6f29de72285d2329"
            }
          ]
        },
        "577_api": {
          "complianceCategoryDetail": "location",
          "deobfApk": "",
          "level": "high",
          "name": "577_api",
          "detail": "基站ID",
          "complianceCategory": "location",
          "category": "ComplianceInfo",
          "vulners": [
            {
              "details": {
                "url": "https://tosv.byted.org/obj/appscan-obj/aux/misc/393933373435383639363331393533577_api.html",
                "position": "<com.facebook.places.PlaceManager: android.os.Bundle getCurrentPlaceParameters(com.facebook.places.model.CurrentPlaceRequestParams,com.facebook.places.internal.LocationPackage)>",
                "target": [
                  "<com.facebook.places.PlaceManager: android.os.Bundle getCurrentPlaceParameters(com.facebook.places.model.CurrentPlaceRequestParams,com.facebook.places.internal.LocationPackage)>",
                  "$d0_5 = virtualinvoke r3_5.<android.location.Location: double getAltitude()>()"
                ]
              },
              "hash": "87ba13a63aa22d83abef3cdd0b810d3394084385"
            }
          ]
        },
        "415_api": {
          "complianceCategoryDetail": "location",
          "deobfApk": "",
          "level": "low",
          "name": "415_api",
          "detail": "位置信息",
          "complianceCategory": "location",
          "category": "ComplianceInfo",
          "vulners": [
            {
              "details": {
                "url": "https://tosv.byted.org/obj/appscan-obj/aux/misc/393933373430373432323338353437415_api.html",
                "position": "<com.facebook.places.internal.LocationScannerImpl: android.location.Location getFreshLocation()>",
                "target": [
                  "<com.facebook.places.internal.LocationScannerImpl: android.location.Location getFreshLocation()>",
                  "virtualinvoke $r6_1.<android.location.LocationManager: void requestLocationUpdates(java.lang.String,long,float,android.location.LocationListener,android.os.Looper)>(r5, 100L, 0.0F, r0, $r7)"
                ]
              },
              "hash": "bb408ecb8c96ea9165f80d2e6f29de72285d2329"
            }
          ]
        },
        "280_api": {
          "complianceCategoryDetail": "location",
          "deobfApk": "",
          "level": "high",
          "name": "280_api",
          "detail": "位置信息",
          "complianceCategory": "location",
          "category": "ComplianceInfo",
          "vulners": [
            {
              "details": {
                "url": "https://tosv.byted.org/obj/appscan-obj/aux/misc/393933373337333636393637353134280_api.html",
                "position": "<com.facebook.places.internal.LocationScannerImpl: android.location.Location getLastLocation(java.lang.String)>",
                "target": [
                  "<com.facebook.places.internal.LocationScannerImpl: android.location.Location getLastLocation(java.lang.String)>",
                  "$r3 = virtualinvoke r2.<android.location.LocationManager: android.location.Location getLastKnownLocation(java.lang.String)>($r1)"
                ]
              },
              "hash": "0513d0a3d410b452d284ba1f7d52c3a17cdeed58"
            }
          ]
        },
        "413_api": {
          "complianceCategoryDetail": "location",
          "deobfApk": "",
          "level": "low",
          "name": "413_api",
          "detail": "位置信息",
          "complianceCategory": "location",
          "category": "ComplianceInfo",
          "vulners": [
            {
              "details": {
                "url": "https://tosv.byted.org/obj/appscan-obj/aux/misc/393933373339383134313130353536413_api.html",
                "position": "<com.facebook.places.internal.LocationScannerImpl: android.location.Location getFreshLocation()>",
                "target": [
                  "<com.facebook.places.internal.LocationScannerImpl: android.location.Location getFreshLocation()>",
                  "virtualinvoke $r6_1.<android.location.LocationManager: void requestLocationUpdates(java.lang.String,long,float,android.location.LocationListener,android.os.Looper)>(r5, 100L, 0.0F, r0, $r7)"
                ]
              },
              "hash": "bb408ecb8c96ea9165f80d2e6f29de72285d2329"
            }
          ]
        },
        "412_api": {
          "complianceCategoryDetail": "location",
          "deobfApk": "",
          "level": "low",
          "name": "412_api",
          "detail": "位置信息",
          "complianceCategory": "location",
          "category": "ComplianceInfo",
          "vulners": [
            {
              "details": {
                "url": "https://tosv.byted.org/obj/appscan-obj/aux/misc/393933373339343738303934383335412_api.html",
                "position": "<com.facebook.places.internal.LocationScannerImpl: android.location.Location getFreshLocation()>",
                "target": [
                  "<com.facebook.places.internal.LocationScannerImpl: android.location.Location getFreshLocation()>",
                  "virtualinvoke $r6_1.<android.location.LocationManager: void requestLocationUpdates(java.lang.String,long,float,android.location.LocationListener,android.os.Looper)>(r5, 100L, 0.0F, r0, $r7)"
                ]
              },
              "hash": "bb408ecb8c96ea9165f80d2e6f29de72285d2329"
            }
          ]
        },
        "411_api": {
          "complianceCategoryDetail": "location",
          "deobfApk": "",
          "level": "low",
          "name": "411_api",
          "detail": "位置信息",
          "complianceCategory": "location",
          "category": "ComplianceInfo",
          "vulners": [
            {
              "details": {
                "url": "https://tosv.byted.org/obj/appscan-obj/aux/misc/393933373339333339303732353133411_api.html",
                "position": "<com.facebook.places.internal.LocationScannerImpl: android.location.Location getFreshLocation()>",
                "target": [
                  "<com.facebook.places.internal.LocationScannerImpl: android.location.Location getFreshLocation()>",
                  "virtualinvoke $r6_1.<android.location.LocationManager: void requestLocationUpdates(java.lang.String,long,float,android.location.LocationListener,android.os.Looper)>(r5, 100L, 0.0F, r0, $r7)"
                ]
              },
              "hash": "bb408ecb8c96ea9165f80d2e6f29de72285d2329"
            }
          ]
        }
      }
    },
    "DeepLinkInfo": {},
    "JsBridgeInfo": {},
    "UrlRegion": {
      "filter": {
        "N/A:N/A": {
          "value": {
            "境外": {
              "api.ok.ru": {
                "value": {
                  "https://api.ok.ru/fb.do": {
                    "classes.dex.ru.ok.android.sdk.util.OkRequestUtil$Request": "const-string v1, \"https://api.ok.ru/fb.do\"\n"
                  }
                },
                "meta": {
                  "A": {
                    "108.160.162.109": "US"
                  },
                  "ICP": "ICP record undetected",
                  "ISP": [
                    "Dropbox, Inc."
                  ],
                  "locations": [
                    "US"
                  ],
                  "plugins": [
                    "DNS",
                    "ICP"
                  ]
                }
              },
              "connect.ok.ru": {
                "value": {
                  "https://connect.ok.ru/dk?st.cmd=": {
                    "classes.dex.ru.ok.android.sdk.AbstractWidgetActivity": "const-string v1, \"https://connect.ok.ru/dk?st.cmd=\"\n"
                  }
                },
                "meta": {
                  "A": {
                    "199.59.149.203": "US"
                  },
                  "ICP": "ICP record undetected",
                  "ISP": [
                    "Twitter Inc."
                  ],
                  "locations": [
                    "US"
                  ],
                  "plugins": [
                    "DNS",
                    "ICP"
                  ]
                }
              }
            }
          },
          "meta": {
            "url": "N/A",
            "description": "未查到组件信息",
            "version": "N/A"
          }
        }
      },
      "full": {
        "N/A:N/A": {
          "value": {
            "US": {
              "api.ok.ru": {
                "meta": {
                  "A": {
                    "108.160.162.109": "US"
                  },
                  "ICP": "ICP record undetected",
                  "ISP": [
                    "Dropbox, Inc."
                  ],
                  "locations": [
                    "US"
                  ],
                  "plugins": [
                    "DNS",
                    "ICP"
                  ]
                },
                "value": {
                  "https://api.ok.ru/fb.do": {
                    "classes.dex.ru.ok.android.sdk.util.OkRequestUtil$Request": "const-string v1, \"https://api.ok.ru/fb.do\"\n"
                  }
                }
              },
              "connect.ok.ru": {
                "meta": {
                  "A": {
                    "199.59.149.203": "US"
                  },
                  "ICP": "ICP record undetected",
                  "ISP": [
                    "Twitter Inc."
                  ],
                  "locations": [
                    "US"
                  ],
                  "plugins": [
                    "DNS",
                    "ICP"
                  ]
                },
                "value": {
                  "https://connect.ok.ru/dk?st.cmd=": {
                    "classes.dex.ru.ok.android.sdk.AbstractWidgetActivity": "const-string v1, \"https://connect.ok.ru/dk?st.cmd=\"\n"
                  }
                }
              }
            }
          },
          "meta": {
            "url": "N/A",
            "description": "未查到组件信息",
            "version": "N/A"
          }
        }
      }
    },
    "profiler": "https://tosv.byted.org/obj/appscan-obj/aux/misc/393933373439363035343537323633profiler.json",
    "HTTP_API": [],
    "BasicInfo": {
      "AppInfo": {
        "name": "",
        "size": "0.07MB",
        "package": "com.facebook.places",
        "versionName": null,
        "versionCode": null,
        "target_sdk": "29",
        "min_sdk": "15",
        "max_sdk": "",
        "sha1": "3af9bc8ba918024e59209b9b3628db639568c283"
      },
      "SignInfo": {
        "Is signed v1": false,
        "Is signed v2": false,
        "Is signed v3": false,
        "certs": [],
        "pkeys": []
      },
      "ComponentsInfo": {
        "exportedReceivers": [
          "com.facebook.places.internal.WifiScannerImpl$ScanResultBroadcastReceiver"
        ]
      },
      "PermissionInfo": [],
      "DeobfApk": ""
    },
    "PermissionUsedDetails": {
      "declaredPermissions": [],
      "usedPermissions": {},
      "declaredButNoUsed": {},
      "usedButNotDeclared": {}
    },
    "SDKComplianceList": []
  },
  0
]