[
  {
    "SecurityInfo": {},
    "ComplianceInfo": {},
    "DeepLinkInfo": {},
    "JsBridgeInfo": {},
    "UrlRegion": {
      "filter": {
        "N/A:N/A": {
          "value": {
            "境外": {
              "api.ok.ru": {
                "value": {
                  "https://api.ok.ru/fb.do": {
                    "classes.dex.ru.ok.android.sdk.util.OkRequestUtil$Request": "const-string v1, \"https://api.ok.ru/fb.do\"\n"
                  }
                },
                "meta": {
                  "A": {
                    "108.160.162.109": "US"
                  },
                  "ICP": "ICP record undetected",
                  "ISP": [
                    "Dropbox, Inc."
                  ],
                  "locations": [
                    "US"
                  ],
                  "plugins": [
                    "DNS",
                    "ICP"
                  ]
                }
              },
              "connect.ok.ru": {
                "value": {
                  "https://connect.ok.ru/dk?st.cmd=": {
                    "classes.dex.ru.ok.android.sdk.AbstractWidgetActivity": "const-string v1, \"https://connect.ok.ru/dk?st.cmd=\"\n"
                  }
                },
                "meta": {
                  "A": {
                    "199.59.149.203": "US"
                  },
                  "ICP": "ICP record undetected",
                  "ISP": [
                    "Twitter Inc."
                  ],
                  "locations": [
                    "US"
                  ],
                  "plugins": [
                    "DNS",
                    "ICP"
                  ]
                }
              }
            }
          },
          "meta": {
            "url": "N/A",
            "description": "未查到组件信息",
            "version": "N/A"
          }
        }
      },
      "full": {
        "N/A:N/A": {
          "value": {
            "US": {
              "api.ok.ru": {
                "meta": {
                  "A": {
                    "108.160.162.109": "US"
                  },
                  "ICP": "ICP record undetected",
                  "ISP": [
                    "Dropbox, Inc."
                  ],
                  "locations": [
                    "US"
                  ],
                  "plugins": [
                    "DNS",
                    "ICP"
                  ]
                },
                "value": {
                  "https://api.ok.ru/fb.do": {
                    "classes.dex.ru.ok.android.sdk.util.OkRequestUtil$Request": "const-string v1, \"https://api.ok.ru/fb.do\"\n"
                  }
                }
              },
              "connect.ok.ru": {
                "meta": {
                  "A": {
                    "199.59.149.203": "US"
                  },
                  "ICP": "ICP record undetected",
                  "ISP": [
                    "Twitter Inc."
                  ],
                  "locations": [
                    "US"
                  ],
                  "plugins": [
                    "DNS",
                    "ICP"
                  ]
                },
                "value": {
                  "https://connect.ok.ru/dk?st.cmd=": {
                    "classes.dex.ru.ok.android.sdk.AbstractWidgetActivity": "const-string v1, \"https://connect.ok.ru/dk?st.cmd=\"\n"
                  }
                }
              }
            }
          },
          "meta": {
            "url": "N/A",
            "description": "未查到组件信息",
            "version": "N/A"
          }
        }
      }
    },
    "profiler": "https://tosv.byted.org/obj/appscan-obj/aux/misc/393931373134323438313034343831profiler.json",
    "HTTP_API": [
      {
        "API": "/v1/user/access_token_info",
        "ReqMethod": "GET",
        "EntryMethod": "<com.kakao.sdk.user.UserApi: retrofit2.Call accessTokenInfo()>",
        "AnnotType": [
          "Lretrofit2/http/GET;"
        ]
      },
      {
        "API": "/v1/user/logout",
        "ReqMethod": "POST",
        "EntryMethod": "<com.kakao.sdk.user.UserApi: retrofit2.Call logout()>",
        "AnnotType": [
          "Lretrofit2/http/POST;"
        ]
      },
      {
        "API": "/v2/user/me",
        "ReqMethod": "GET",
        "EntryMethod": "<com.kakao.sdk.user.UserApi: retrofit2.Call me(boolean,java.lang.String)>",
        "AnnotType": [
          "Lretrofit2/http/GET;"
        ]
      },
      {
        "API": "/v2/user/revoke/scopes",
        "ReqMethod": "POST",
        "EntryMethod": "<com.kakao.sdk.user.UserApi: retrofit2.Call revokeScopes(java.lang.String)>",
        "AnnotType": [
          "Lretrofit2/http/POST;"
        ]
      },
      {
        "API": "/v2/user/scopes",
        "ReqMethod": "GET",
        "EntryMethod": "<com.kakao.sdk.user.UserApi: retrofit2.Call scopes(java.lang.String)>",
        "AnnotType": [
          "Lretrofit2/http/GET;"
        ]
      },
      {
        "API": "/v1/user/service/terms",
        "ReqMethod": "GET",
        "EntryMethod": "<com.kakao.sdk.user.UserApi: retrofit2.Call serviceTerms(java.lang.String)>",
        "AnnotType": [
          "Lretrofit2/http/GET;"
        ]
      },
      {
        "API": "/v1/user/shipping_address",
        "ReqMethod": "GET",
        "EntryMethod": "<com.kakao.sdk.user.UserApi: retrofit2.Call shippingAddresses(java.lang.Long,java.util.Date,java.lang.Integer)>",
        "AnnotType": [
          "Lretrofit2/http/GET;"
        ]
      },
      {
        "API": "/v1/user/signup",
        "ReqMethod": "POST",
        "EntryMethod": "<com.kakao.sdk.user.UserApi: retrofit2.Call signup(java.util.Map)>",
        "AnnotType": [
          "Lretrofit2/http/POST;"
        ]
      },
      {
        "API": "/v1/user/unlink",
        "ReqMethod": "POST",
        "EntryMethod": "<com.kakao.sdk.user.UserApi: retrofit2.Call unlink()>",
        "AnnotType": [
          "Lretrofit2/http/POST;"
        ]
      },
      {
        "API": "/v1/user/update_profile",
        "ReqMethod": "POST",
        "EntryMethod": "<com.kakao.sdk.user.UserApi: retrofit2.Call updateProfile(java.util.Map)>",
        "AnnotType": [
          "Lretrofit2/http/POST;"
        ]
      }
    ],
    "BasicInfo": {
      "AppInfo": {
        "name": "",
        "size": "0.13MB",
        "package": "com.kakao.sdk.v2.user",
        "versionName": null,
        "versionCode": null,
        "target_sdk": "33",
        "min_sdk": "21",
        "max_sdk": "",
        "sha1": "c9f1a026bc71208b0bad1e632791ab5e25e2a8b0"
      },
      "SignInfo": {
        "Is signed v1": false,
        "Is signed v2": false,
        "Is signed v3": false,
        "certs": [],
        "pkeys": []
      },
      "ComponentsInfo": {},
      "PermissionInfo": [],
      "DeobfApk": ""
    },
    "PermissionUsedDetails": {
      "declaredPermissions": [],
      "usedPermissions": {},
      "declaredButNoUsed": {},
      "usedButNotDeclared": {}
    },
    "SDKComplianceList": []
  },
  0
]