[
  {
    "SecurityInfo": {},
    "ComplianceInfo": {
      "Android_ID": {
        "550_api": {
          "complianceCategoryDetail": "Android_ID",
          "deobfApk": "",
          "level": "high",
          "name": "550_api",
          "detail": "Android_ID",
          "complianceCategory": "Android_ID",
          "category": "ComplianceInfo",
          "vulners": [
            {
              "details": {
                "ConstValue": "android_id",
                "position": "<com.linecorp.android.security.encryption.StringCipher: java.lang.String generateDevicePackageSpecificId(android.content.Context)>",
                "url": "https://tosv.byted.org/obj/appscan-obj/aux/misc/393931373836373032303233393237550_api.html",
                "target": [
                  "<com.linecorp.android.security.encryption.StringCipher: java.lang.String generateDevicePackageSpecificId(android.content.Context)>",
                  "<android.provider.Settings$Secure: java.lang.String getString(android.content.ContentResolver,java.lang.String)>",
                  "android_id"
                ]
              },
              "hash": "299a910444ad5964c7f6cd4beec80b06e0f3301d"
            }
          ]
        }
      },
      "serial": {
        "5_api": {
          "complianceCategoryDetail": "serial",
          "deobfApk": "",
          "level": "high",
          "name": "5_api",
          "detail": "序列号",
          "complianceCategory": "serial",
          "category": "ComplianceInfo",
          "vulners": [
            {
              "details": {
                "url": "https://tosv.byted.org/obj/appscan-obj/aux/misc/3939313738333135353337303835305_api.html",
                "position": "<com.linecorp.android.security.encryption.StringCipher: java.lang.String generateDevicePackageSpecificId(android.content.Context)>",
                "target": [
                  "<com.linecorp.android.security.encryption.StringCipher: java.lang.String generateDevicePackageSpecificId(android.content.Context)>",
                  "r4_2 = <android.os.Build: java.lang.String SERIAL>"
                ]
              },
              "hash": "7204f0146449a639b5db8ffb3ca6c0d06c883b7f"
            }
          ]
        }
      },
      "applist": {
        "374_api": {
          "complianceCategoryDetail": "applist",
          "deobfApk": "",
          "level": "low",
          "name": "374_api",
          "detail": "可获取所有能够启动给定Intent的activity",
          "complianceCategory": "applist",
          "category": "ComplianceInfo",
          "vulners": [
            {
              "details": {
                "url": "https://tosv.byted.org/obj/appscan-obj/aux/misc/393931373836303231323537393933374_api.html",
                "position": "<com.linecorp.linesdk.auth.internal.BrowserAuthenticationApi: com.linecorp.linesdk.auth.internal.BrowserAuthenticationApi$AuthenticationIntentHolder getAuthenticationIntentHolder(android.content.Context,android.net.Uri,boolean)>",
                "target": [
                  "<com.linecorp.linesdk.auth.internal.BrowserAuthenticationApi: com.linecorp.linesdk.auth.internal.BrowserAuthenticationApi$AuthenticationIntentHolder getAuthenticationIntentHolder(android.content.Context,android.net.Uri,boolean)>",
                  "$r13 = virtualinvoke $r12.<android.content.pm.PackageManager: java.util.List queryIntentActivities(android.content.Intent,int)>(r8_2, 0)"
                ]
              },
              "hash": "2c84138d77d983faa7e70589a7282230d24bfd9b"
            }
          ]
        }
      }
    },
    "DeepLinkInfo": {
      "AdsCommandsParameterList": [
        "friendship_status_changed",
        "code",
        "error_description",
        "state",
        "error"
      ]
    },
    "JsBridgeInfo": {},
    "UrlRegion": {
      "filter": {
        "N/A:N/A": {
          "value": {
            "境外": {
              "api.ok.ru": {
                "value": {
                  "https://api.ok.ru/fb.do": {
                    "classes.dex.ru.ok.android.sdk.util.OkRequestUtil$Request": "const-string v1, \"https://api.ok.ru/fb.do\"\n"
                  }
                },
                "meta": {
                  "A": {
                    "108.160.162.109": "US"
                  },
                  "ICP": "ICP record undetected",
                  "ISP": [
                    "Dropbox, Inc."
                  ],
                  "locations": [
                    "US"
                  ],
                  "plugins": [
                    "DNS",
                    "ICP"
                  ]
                }
              },
              "connect.ok.ru": {
                "value": {
                  "https://connect.ok.ru/dk?st.cmd=": {
                    "classes.dex.ru.ok.android.sdk.AbstractWidgetActivity": "const-string v1, \"https://connect.ok.ru/dk?st.cmd=\"\n"
                  }
                },
                "meta": {
                  "A": {
                    "199.59.149.203": "US"
                  },
                  "ICP": "ICP record undetected",
                  "ISP": [
                    "Twitter Inc."
                  ],
                  "locations": [
                    "US"
                  ],
                  "plugins": [
                    "DNS",
                    "ICP"
                  ]
                }
              }
            }
          },
          "meta": {
            "url": "N/A",
            "description": "未查到组件信息",
            "version": "N/A"
          }
        }
      },
      "full": {
        "N/A:N/A": {
          "value": {
            "US": {
              "api.ok.ru": {
                "meta": {
                  "A": {
                    "108.160.162.109": "US"
                  },
                  "ICP": "ICP record undetected",
                  "ISP": [
                    "Dropbox, Inc."
                  ],
                  "locations": [
                    "US"
                  ],
                  "plugins": [
                    "DNS",
                    "ICP"
                  ]
                },
                "value": {
                  "https://api.ok.ru/fb.do": {
                    "classes.dex.ru.ok.android.sdk.util.OkRequestUtil$Request": "const-string v1, \"https://api.ok.ru/fb.do\"\n"
                  }
                }
              },
              "connect.ok.ru": {
                "meta": {
                  "A": {
                    "199.59.149.203": "US"
                  },
                  "ICP": "ICP record undetected",
                  "ISP": [
                    "Twitter Inc."
                  ],
                  "locations": [
                    "US"
                  ],
                  "plugins": [
                    "DNS",
                    "ICP"
                  ]
                },
                "value": {
                  "https://connect.ok.ru/dk?st.cmd=": {
                    "classes.dex.ru.ok.android.sdk.AbstractWidgetActivity": "const-string v1, \"https://connect.ok.ru/dk?st.cmd=\"\n"
                  }
                }
              }
            }
          },
          "meta": {
            "url": "N/A",
            "description": "未查到组件信息",
            "version": "N/A"
          }
        }
      }
    },
    "profiler": "https://tosv.byted.org/obj/appscan-obj/aux/misc/393931373931313032313438393036profiler.json",
    "HTTP_API": [],
    "BasicInfo": {
      "AppInfo": {
        "name": "",
        "size": "0.52MB",
        "package": "com.linecorp.linesdk",
        "versionName": null,
        "versionCode": null,
        "target_sdk": "33",
        "min_sdk": "19",
        "max_sdk": "",
        "sha1": "083d1116624919466e59f5f52a4471fd94a34331"
      },
      "SignInfo": {
        "Is signed v1": false,
        "Is signed v2": false,
        "Is signed v3": false,
        "certs": [],
        "pkeys": []
      },
      "ComponentsInfo": {
        "unExportedActivities": [
          "com.linecorp.linesdk.openchat.ui.CreateOpenChatActivity",
          "com.linecorp.linesdk.auth.internal.LineAuthenticationActivity"
        ],
        "exportedActivities": [
          "com.linecorp.linesdk.auth.internal.LineAuthenticationCallbackActivity"
        ]
      },
      "PermissionInfo": [],
      "DeobfApk": ""
    },
    "PermissionUsedDetails": {
      "declaredPermissions": [],
      "usedPermissions": {},
      "declaredButNoUsed": {},
      "usedButNotDeclared": {}
    },
    "SDKComplianceList": []
  },
  0
]