[
  {
    "SecurityInfo": {},
    "ComplianceInfo": {
      "carrier info": {
        "299_api": {
          "complianceCategoryDetail": "carrier info",
          "deobfApk": "",
          "level": "low",
          "name": "299_api",
          "detail": "获取移动网络类型，比如GSM、CDMA、LTE等。可能会被照明弹记录。",
          "complianceCategory": "carrier info",
          "category": "ComplianceInfo",
          "vulners": [
            {
              "details": {
                "url": "https://tosv.byted.org/obj/appscan-obj/aux/misc/393932343338393937313730343039299_api.html",
                "position": "<com.webengage.sdk.android.actions.database.x: java.lang.String d(android.content.Context)>",
                "target": [
                  "<com.webengage.sdk.android.actions.database.x: java.lang.String d(android.content.Context)>",
                  "$i0_2 = virtualinvoke $r2.<android.telephony.TelephonyManager: int getNetworkType()>()"
                ]
              },
              "hash": "77c715a1aca06c2510d3d909b1c9caf004900b23"
            }
          ]
        }
      },
      "applist": {
        "374_api": {
          "complianceCategoryDetail": "applist",
          "deobfApk": "",
          "level": "low",
          "name": "374_api",
          "detail": "可获取所有能够启动给定Intent的activity",
          "complianceCategory": "applist",
          "category": "ComplianceInfo",
          "vulners": [
            {
              "details": {
                "url": "https://tosv.byted.org/obj/appscan-obj/aux/misc/393932343339373735353738363232374_api.html",
                "position": "<com.webengage.sdk.android.z0.a.a: java.lang.Object d(java.lang.Object)>",
                "target": [
                  "<com.webengage.sdk.android.z0.a.a: java.lang.Object d(java.lang.Object)>",
                  "$r10 = virtualinvoke $r9.<android.content.pm.PackageManager: java.util.List queryIntentActivities(android.content.Intent,int)>($r6, 65536)"
                ]
              },
              "hash": "f35590fac1431a938973b97187286d3186a64aa4"
            }
          ]
        }
      },
      "location": {
        "575_api": {
          "complianceCategoryDetail": "location",
          "deobfApk": "",
          "level": "high",
          "name": "575_api",
          "detail": "纬度",
          "complianceCategory": "location",
          "category": "ComplianceInfo",
          "vulners": [
            {
              "details": {
                "url": "https://tosv.byted.org/obj/appscan-obj/aux/misc/393932343430353131313732363535575_api.html",
                "position": "<com.webengage.sdk.android.actions.database.h: java.lang.Object d(java.lang.Object)>",
                "target": [
                  "<com.webengage.sdk.android.actions.database.h: java.lang.Object d(java.lang.Object)>",
                  "$d0_2 = virtualinvoke $r34.<android.location.Location: double getLatitude()>()"
                ]
              },
              "hash": "eb6a82bd54f7eb11f041c83c32602ea1dc8d0bf6"
            },
            {
              "details": {
                "url": "https://tosv.byted.org/obj/appscan-obj/aux/misc/393932343430383638303432343339575_api.html",
                "position": "<com.webengage.sdk.android.WebEngage: void a(android.location.Location,android.content.BroadcastReceiver)>",
                "target": [
                  "<com.webengage.sdk.android.WebEngage: void a(android.location.Location,android.content.BroadcastReceiver)>",
                  "$d0 = virtualinvoke $r2.<android.location.Location: double getLatitude()>()"
                ]
              },
              "hash": "d0c6bfaf67f714227812a496c5b2129edb01643e"
            },
            {
              "details": {
                "url": "https://tosv.byted.org/obj/appscan-obj/aux/misc/393932343431303135373133343234575_api.html",
                "position": "<com.webengage.sdk.android.WebEngage: void a(com.webengage.sdk.android.u$a,android.content.BroadcastReceiver)>",
                "target": [
                  "<com.webengage.sdk.android.WebEngage: void a(com.webengage.sdk.android.u$a,android.content.BroadcastReceiver)>",
                  "$d0 = virtualinvoke $r6_1.<android.location.Location: double getLatitude()>()"
                ]
              },
              "hash": "e8909f0d614c93080b93ae10f6491249bf979a71"
            }
          ]
        },
        "576_api": {
          "complianceCategoryDetail": "location",
          "deobfApk": "",
          "level": "high",
          "name": "576_api",
          "detail": "经度",
          "complianceCategory": "location",
          "category": "ComplianceInfo",
          "vulners": [
            {
              "details": {
                "url": "https://tosv.byted.org/obj/appscan-obj/aux/misc/393932343431313938393439363838576_api.html",
                "position": "<com.webengage.sdk.android.actions.database.h: java.lang.Object d(java.lang.Object)>",
                "target": [
                  "<com.webengage.sdk.android.actions.database.h: java.lang.Object d(java.lang.Object)>",
                  "$d0_1 = virtualinvoke $r34.<android.location.Location: double getLongitude()>()"
                ]
              },
              "hash": "91dc53b834e5ce8f7e99c33b06e44a25f13b29dd"
            },
            {
              "details": {
                "url": "https://tosv.byted.org/obj/appscan-obj/aux/misc/393932343431353636303637373531576_api.html",
                "position": "<com.webengage.sdk.android.WebEngage: void a(android.location.Location,android.content.BroadcastReceiver)>",
                "target": [
                  "<com.webengage.sdk.android.WebEngage: void a(android.location.Location,android.content.BroadcastReceiver)>",
                  "$d0_1 = virtualinvoke $r2.<android.location.Location: double getLongitude()>()"
                ]
              },
              "hash": "5b7df59ba751df1183886b10cc57e93b1f192e07"
            },
            {
              "details": {
                "url": "https://tosv.byted.org/obj/appscan-obj/aux/misc/393932343431393734383837383734576_api.html",
                "position": "<com.webengage.sdk.android.WebEngage: void a(com.webengage.sdk.android.u$a,android.content.BroadcastReceiver)>",
                "target": [
                  "<com.webengage.sdk.android.WebEngage: void a(com.webengage.sdk.android.u$a,android.content.BroadcastReceiver)>",
                  "$d0_1 = virtualinvoke $r6_2.<android.location.Location: double getLongitude()>()"
                ]
              },
              "hash": "495907c7280d11c0693fd2bfedec07469a91264d"
            }
          ]
        }
      }
    },
    "DeepLinkInfo": {
      "SmartRouterParameterList": [
        "baseUrl",
        "fullscreen",
        "action"
      ]
    },
    "JsBridgeInfo": {},
    "UrlRegion": {
      "filter": {
        "N/A:N/A": {
          "value": {
            "境外": {
              "api.ok.ru": {
                "value": {
                  "https://api.ok.ru/fb.do": {
                    "classes.dex.ru.ok.android.sdk.util.OkRequestUtil$Request": "const-string v1, \"https://api.ok.ru/fb.do\"\n"
                  }
                },
                "meta": {
                  "A": {
                    "108.160.162.109": "US"
                  },
                  "ICP": "ICP record undetected",
                  "ISP": [
                    "Dropbox, Inc."
                  ],
                  "locations": [
                    "US"
                  ],
                  "plugins": [
                    "DNS",
                    "ICP"
                  ]
                }
              },
              "connect.ok.ru": {
                "value": {
                  "https://connect.ok.ru/dk?st.cmd=": {
                    "classes.dex.ru.ok.android.sdk.AbstractWidgetActivity": "const-string v1, \"https://connect.ok.ru/dk?st.cmd=\"\n"
                  }
                },
                "meta": {
                  "A": {
                    "199.59.149.203": "US"
                  },
                  "ICP": "ICP record undetected",
                  "ISP": [
                    "Twitter Inc."
                  ],
                  "locations": [
                    "US"
                  ],
                  "plugins": [
                    "DNS",
                    "ICP"
                  ]
                }
              }
            }
          },
          "meta": {
            "url": "N/A",
            "description": "未查到组件信息",
            "version": "N/A"
          }
        }
      },
      "full": {
        "N/A:N/A": {
          "value": {
            "US": {
              "api.ok.ru": {
                "meta": {
                  "A": {
                    "108.160.162.109": "US"
                  },
                  "ICP": "ICP record undetected",
                  "ISP": [
                    "Dropbox, Inc."
                  ],
                  "locations": [
                    "US"
                  ],
                  "plugins": [
                    "DNS",
                    "ICP"
                  ]
                },
                "value": {
                  "https://api.ok.ru/fb.do": {
                    "classes.dex.ru.ok.android.sdk.util.OkRequestUtil$Request": "const-string v1, \"https://api.ok.ru/fb.do\"\n"
                  }
                }
              },
              "connect.ok.ru": {
                "meta": {
                  "A": {
                    "199.59.149.203": "US"
                  },
                  "ICP": "ICP record undetected",
                  "ISP": [
                    "Twitter Inc."
                  ],
                  "locations": [
                    "US"
                  ],
                  "plugins": [
                    "DNS",
                    "ICP"
                  ]
                },
                "value": {
                  "https://connect.ok.ru/dk?st.cmd=": {
                    "classes.dex.ru.ok.android.sdk.AbstractWidgetActivity": "const-string v1, \"https://connect.ok.ru/dk?st.cmd=\"\n"
                  }
                }
              }
            }
          },
          "meta": {
            "url": "N/A",
            "description": "未查到组件信息",
            "version": "N/A"
          }
        }
      }
    },
    "profiler": "https://tosv.byted.org/obj/appscan-obj/aux/misc/393932343433373239363436333135profiler.json",
    "HTTP_API": [],
    "BasicInfo": {
      "AppInfo": {
        "name": "",
        "size": "0.68MB",
        "package": "com.webengage.sdk.android",
        "versionName": null,
        "versionCode": null,
        "target_sdk": "33",
        "min_sdk": "19",
        "max_sdk": "",
        "sha1": "037632b2c152d2b8f0bb49748b49b43f275e6906"
      },
      "SignInfo": {
        "Is signed v1": false,
        "Is signed v2": false,
        "Is signed v3": false,
        "certs": [],
        "pkeys": []
      },
      "ComponentsInfo": {
        "unExportedActivities": [
          "com.webengage.sdk.android.actions.render.WebEngageActivity",
          "com.webengage.sdk.android.WETransparentActivity"
        ],
        "unExportedServices": [
          "com.webengage.sdk.android.ExecutorService",
          "com.webengage.sdk.android.EventLogService",
          "com.webengage.sdk.android.WebEngageJobService",
          "com.webengage.sdk.android.NotificationClickHandlerService"
        ],
        "unExportedReceivers": [
          "com.webengage.sdk.android.WebEngageReceiver"
        ]
      },
      "PermissionInfo": [
        "android.permission.INTERNET",
        "android.permission.WAKE_LOCK",
        "com.google.android.gms.permission.AD_ID",
        "android.permission.BROADCAST_CLOSE_SYSTEM_DIALOGS"
      ],
      "DeobfApk": ""
    },
    "PermissionUsedDetails": {
      "declaredPermissions": [
        "android.permission.INTERNET",
        "android.permission.WAKE_LOCK",
        "com.google.android.gms.permission.AD_ID",
        "android.permission.BROADCAST_CLOSE_SYSTEM_DIALOGS"
      ],
      "usedPermissions": {
        "android.permission.INTERNET": {
          "level": "normal|instant",
          "description": "Allows applications to open network sockets",
          "positions": [
            "Default"
          ],
          "details": [
            {
              "caller": "N/A",
              "api": "N/A",
              "url": "N/A"
            }
          ]
        }
      },
      "declaredButNoUsed": {
        "android.permission.WAKE_LOCK": {
          "level": "normal|instant",
          "description": "Allows using PowerManager WakeLocks to keep processor from sleeping or screen from dimming"
        },
        "com.google.android.gms.permission.AD_ID": null,
        "android.permission.BROADCAST_CLOSE_SYSTEM_DIALOGS": null
      },
      "usedButNotDeclared": {}
    },
    "SDKComplianceList": []
  },
  0
]