[
  {
    "SecurityInfo": {},
    "ComplianceInfo": {
      "Android_ID": {
        "550_api": {
          "complianceCategoryDetail": "Android_ID",
          "deobfApk": "",
          "level": "high",
          "name": "550_api",
          "detail": "Android_ID",
          "complianceCategory": "Android_ID",
          "category": "ComplianceInfo",
          "vulners": [
            {
              "details": {
                "ConstValue": "android_id",
                "position": "<com.singular.sdk.internal.Utils: java.lang.String getAndroidId(android.content.Context)>",
                "url": "https://tosv.byted.org/obj/appscan-obj/aux/misc/393931363238343332313337393436550_api.html",
                "target": [
                  "<com.singular.sdk.internal.Utils: java.lang.String getAndroidId(android.content.Context)>",
                  "<android.provider.Settings$Secure: java.lang.String getString(android.content.ContentResolver,java.lang.String)>",
                  "android_id"
                ]
              },
              "hash": "3650ac92776fd745189e35ed7dd7329478db8a89"
            }
          ]
        }
      },
      "GAID": {
        "515_api": {
          "complianceCategoryDetail": "GAID",
          "deobfApk": "",
          "level": "high",
          "name": "515_api",
          "detail": "GAID",
          "complianceCategory": "GAID",
          "category": "ComplianceInfo",
          "vulners": [
            {
              "details": {
                "position": "<com.singular.sdk.internal.ExternalAIFAHelper: java.lang.String queryAdvertisingIdFromService(android.content.Context)>",
                "url": "https://tosv.byted.org/obj/appscan-obj/aux/misc/393931363332363133323831323332515_api.html",
                "target": [
                  "<com.singular.sdk.internal.ExternalAIFAHelper: java.lang.String queryAdvertisingIdFromService(android.content.Context)>->@const_str:com.google.android.gms.ads.identifier.service.START",
                  "specialinvoke r2.<android.content.Intent: void <init>(java.lang.String)>(\"com.google.android.gms.ads.identifier.service.START\")"
                ],
                "entryMethod": "<com.singular.sdk.internal.ExternalAIFAHelper: java.lang.String queryAdvertisingIdFromService(android.content.Context)>",
                "Source": [
                  "specialinvoke r2.<android.content.Intent: void <init>(java.lang.String)>(\"com.google.android.gms.ads.identifier.service.START\")"
                ]
              },
              "hash": "1d19719648db7c41093dea789be027d6c155306b"
            }
          ]
        }
      }
    },
    "DeepLinkInfo": {
      "AdsCommandsParameterList": [
        "referrer",
        "_android_dl",
        "_p",
        "_dl"
      ]
    },
    "JsBridgeInfo": {},
    "UrlRegion": {
      "filter": {
        "N/A:N/A": {
          "value": {
            "境外": {
              "api.ok.ru": {
                "value": {
                  "https://api.ok.ru/fb.do": {
                    "classes.dex.ru.ok.android.sdk.util.OkRequestUtil$Request": "const-string v1, \"https://api.ok.ru/fb.do\"\n"
                  }
                },
                "meta": {
                  "A": {
                    "108.160.162.109": "US"
                  },
                  "ICP": "ICP record undetected",
                  "ISP": [
                    "Dropbox, Inc."
                  ],
                  "locations": [
                    "US"
                  ],
                  "plugins": [
                    "DNS",
                    "ICP"
                  ]
                }
              },
              "connect.ok.ru": {
                "value": {
                  "https://connect.ok.ru/dk?st.cmd=": {
                    "classes.dex.ru.ok.android.sdk.AbstractWidgetActivity": "const-string v1, \"https://connect.ok.ru/dk?st.cmd=\"\n"
                  }
                },
                "meta": {
                  "A": {
                    "199.59.149.203": "US"
                  },
                  "ICP": "ICP record undetected",
                  "ISP": [
                    "Twitter Inc."
                  ],
                  "locations": [
                    "US"
                  ],
                  "plugins": [
                    "DNS",
                    "ICP"
                  ]
                }
              }
            }
          },
          "meta": {
            "url": "N/A",
            "description": "未查到组件信息",
            "version": "N/A"
          }
        }
      },
      "full": {
        "N/A:N/A": {
          "value": {
            "US": {
              "api.ok.ru": {
                "meta": {
                  "A": {
                    "108.160.162.109": "US"
                  },
                  "ICP": "ICP record undetected",
                  "ISP": [
                    "Dropbox, Inc."
                  ],
                  "locations": [
                    "US"
                  ],
                  "plugins": [
                    "DNS",
                    "ICP"
                  ]
                },
                "value": {
                  "https://api.ok.ru/fb.do": {
                    "classes.dex.ru.ok.android.sdk.util.OkRequestUtil$Request": "const-string v1, \"https://api.ok.ru/fb.do\"\n"
                  }
                }
              },
              "connect.ok.ru": {
                "meta": {
                  "A": {
                    "199.59.149.203": "US"
                  },
                  "ICP": "ICP record undetected",
                  "ISP": [
                    "Twitter Inc."
                  ],
                  "locations": [
                    "US"
                  ],
                  "plugins": [
                    "DNS",
                    "ICP"
                  ]
                },
                "value": {
                  "https://connect.ok.ru/dk?st.cmd=": {
                    "classes.dex.ru.ok.android.sdk.AbstractWidgetActivity": "const-string v1, \"https://connect.ok.ru/dk?st.cmd=\"\n"
                  }
                }
              }
            }
          },
          "meta": {
            "url": "N/A",
            "description": "未查到组件信息",
            "version": "N/A"
          }
        }
      }
    },
    "profiler": "https://tosv.byted.org/obj/appscan-obj/aux/misc/393931363336303134363631333538profiler.json",
    "HTTP_API": [],
    "BasicInfo": {
      "AppInfo": {
        "name": "",
        "size": "0.22MB",
        "package": "com.singular.sdk",
        "versionName": "12.0.10",
        "versionCode": "1",
        "target_sdk": "30",
        "min_sdk": "14",
        "max_sdk": "",
        "sha1": "4b1986238f31d72fe2982426c570ac229da223ad"
      },
      "SignInfo": {
        "Is signed v1": false,
        "Is signed v2": false,
        "Is signed v3": false,
        "certs": [],
        "pkeys": []
      },
      "ComponentsInfo": {
        "exportedReceivers": [
          "com.singular.sdk.internal.BroadcastReceivers$NetworkChange"
        ]
      },
      "PermissionInfo": [
        "com.google.android.finsky.permission.BIND_GET_INSTALL_REFERRER_SERVICE",
        "com.android.vending.CHECK_LICENSE",
        "com.singular.preinstall.READ_PERMISSION_SINGULAR"
      ],
      "DeobfApk": ""
    },
    "PermissionUsedDetails": {
      "declaredPermissions": [
        "com.google.android.finsky.permission.BIND_GET_INSTALL_REFERRER_SERVICE",
        "com.android.vending.CHECK_LICENSE",
        "com.singular.preinstall.READ_PERMISSION_SINGULAR"
      ],
      "usedPermissions": {},
      "declaredButNoUsed": {
        "com.google.android.finsky.permission.BIND_GET_INSTALL_REFERRER_SERVICE": null,
        "com.android.vending.CHECK_LICENSE": null,
        "com.singular.preinstall.READ_PERMISSION_SINGULAR": null
      },
      "usedButNotDeclared": {}
    },
    "SDKComplianceList": []
  },
  0
]