[
  {
    "SecurityInfo": {},
    "ComplianceInfo": {
      "carrier info": {
        "299_api": {
          "complianceCategoryDetail": "carrier info",
          "deobfApk": "",
          "level": "low",
          "name": "299_api",
          "detail": "获取移动网络类型，比如GSM、CDMA、LTE等。可能会被照明弹记录。",
          "complianceCategory": "carrier info",
          "category": "ComplianceInfo",
          "vulners": [
            {
              "details": {
                "url": "https://tosv.byted.org/obj/appscan-obj/aux/misc/393932333133363132343536393931299_api.html",
                "position": "<in.juspay.hypersdk.data.SessionInfo: int getNetworkType()>",
                "target": [
                  "<in.juspay.hypersdk.data.SessionInfo: int getNetworkType()>",
                  "$i0_2 = virtualinvoke $r3.<android.telephony.TelephonyManager: int getNetworkType()>()"
                ]
              },
              "hash": "4388deff2bcd7f47e805e24f0c4f5e54b49caed0"
            }
          ]
        }
      },
      "Android_ID": {
        "550_api": {
          "complianceCategoryDetail": "Android_ID",
          "deobfApk": "",
          "level": "high",
          "name": "550_api",
          "detail": "Android_ID",
          "complianceCategory": "Android_ID",
          "category": "ComplianceInfo",
          "vulners": [
            {
              "details": {
                "ConstValue": "android_id",
                "position": "<in.juspay.hypersdk.data.SessionInfo: java.lang.String getAndroidId()>",
                "url": "https://tosv.byted.org/obj/appscan-obj/aux/misc/393932333135373636343536323334550_api.html",
                "target": [
                  "<in.juspay.hypersdk.data.SessionInfo: java.lang.String getAndroidId()>",
                  "<android.provider.Settings$Secure: java.lang.String getString(android.content.ContentResolver,java.lang.String)>",
                  "android_id"
                ]
              },
              "hash": "58dc1b8a5b1477f37f07cba80f61276c298078c7"
            },
            {
              "details": {
                "ConstValue": "android_id",
                "position": "<in.juspay.hypersdk.core.JBridge: java.lang.String getDeviceInfo()>",
                "url": "https://tosv.byted.org/obj/appscan-obj/aux/misc/393932333135393936373738333738550_api.html",
                "target": [
                  "<in.juspay.hypersdk.core.JBridge: java.lang.String getDeviceInfo()>",
                  "<android.provider.Settings$Secure: java.lang.String getString(android.content.ContentResolver,java.lang.String)>",
                  "android_id"
                ]
              },
              "hash": "4ae3629622413cd6a1b02d6d8ccdd3d526614938"
            }
          ]
        }
      },
      "applist": {
        "374_api": {
          "complianceCategoryDetail": "applist",
          "deobfApk": "",
          "level": "low",
          "name": "374_api",
          "detail": "可获取所有能够启动给定Intent的activity",
          "complianceCategory": "applist",
          "category": "ComplianceInfo",
          "vulners": [
            {
              "details": {
                "url": "https://tosv.byted.org/obj/appscan-obj/aux/misc/393932333134343733323234313439374_api.html",
                "position": "<in.juspay.hypersdk.safe.JuspayWebViewClient: void onPageStarted(android.webkit.WebView,java.lang.String,android.graphics.Bitmap)>",
                "target": [
                  "<in.juspay.hypersdk.safe.JuspayWebViewClient: void onPageStarted(android.webkit.WebView,java.lang.String,android.graphics.Bitmap)>",
                  "$r18 = virtualinvoke $r17.<android.content.pm.PackageManager: java.util.List queryIntentActivities(android.content.Intent,int)>($r14, 65536)"
                ]
              },
              "hash": "935bf02d010173b071e66708326672c5e0272f2e"
            },
            {
              "details": {
                "url": "https://tosv.byted.org/obj/appscan-obj/aux/misc/393932333134373738393038323732374_api.html",
                "position": "<in.juspay.hypersdk.core.JBridge: java.lang.String findApps(java.lang.String)>",
                "target": [
                  "<in.juspay.hypersdk.core.JBridge: java.lang.String findApps(java.lang.String)>",
                  "$r9 = virtualinvoke $r6.<android.content.pm.PackageManager: java.util.List queryIntentActivities(android.content.Intent,int)>($r7, 0)"
                ]
              },
              "hash": "bf60db22d14f929d7f869d4b78945559f9d2cc96"
            },
            {
              "details": {
                "url": "https://tosv.byted.org/obj/appscan-obj/aux/misc/393932333135303034383132393632374_api.html",
                "position": "<in.juspay.hypersdk.core.CustomtabActivity: java.util.ArrayList getCustomTabsPackages(android.content.Context,java.lang.String)>",
                "target": [
                  "<in.juspay.hypersdk.core.CustomtabActivity: java.util.ArrayList getCustomTabsPackages(android.content.Context,java.lang.String)>",
                  "$r5_2 = virtualinvoke $r2.<android.content.pm.PackageManager: java.util.List queryIntentActivities(android.content.Intent,int)>($r3, 0)"
                ]
              },
              "hash": "478f0508aea925386a1e29b2cf3beae25387965d"
            }
          ]
        }
      },
      "ipAddress": {
        "573_api": {
          "complianceCategoryDetail": "ipAddress",
          "deobfApk": "",
          "level": "high",
          "name": "573_api",
          "detail": "IP地址",
          "complianceCategory": "ipAddress",
          "category": "ComplianceInfo",
          "vulners": [
            {
              "details": {
                "url": "https://tosv.byted.org/obj/appscan-obj/aux/misc/393932333136323030363532333732573_api.html",
                "position": "<in.juspay.hypersdk.utils.Utils: java.lang.String getIPAddress(in.juspay.hypersdk.core.JuspayServices)>",
                "target": [
                  "<in.juspay.hypersdk.utils.Utils: java.lang.String getIPAddress(in.juspay.hypersdk.core.JuspayServices)>",
                  "$r1_2 = virtualinvoke $r5.<java.net.NetworkInterface: java.util.Enumeration getInetAddresses()>()"
                ]
              },
              "hash": "d4f8ecfce604f4242eab8c21a6a63dbb53765b54"
            }
          ]
        }
      },
      "sms": {
        "531_api": {
          "complianceCategoryDetail": "sms",
          "deobfApk": "",
          "level": "high",
          "name": "531_api",
          "detail": "短信",
          "complianceCategory": "sms",
          "category": "ComplianceInfo",
          "vulners": [
            {
              "details": {
                "position": "<in.juspay.hypersdk.core.PaymentUtils: java.lang.String readSmsFromInbox(in.juspay.hypersdk.core.JuspayServices,android.app.Activity,java.lang.String)>",
                "url": "https://tosv.byted.org/obj/appscan-obj/aux/misc/393932333139383138343438343134531_api.html",
                "target": [
                  "<in.juspay.hypersdk.core.PaymentUtils: java.lang.String readSmsFromInbox(in.juspay.hypersdk.core.JuspayServices,android.app.Activity,java.lang.String)>->@const_str:content://sms/inbox",
                  "<in.juspay.hypersdk.core.PaymentUtils: java.lang.String readSmsFromInbox(in.juspay.hypersdk.core.JuspayServices,android.app.Activity,java.lang.String)>->$r4"
                ],
                "entryMethod": "<in.juspay.hypersdk.core.PaymentUtils: java.lang.String readSmsFromInbox(in.juspay.hypersdk.core.JuspayServices,android.app.Activity,java.lang.String)>",
                "Source": [
                  "$r4 = staticinvoke <android.net.Uri: android.net.Uri parse(java.lang.String)>(\"content://sms/inbox\")"
                ],
                "Sink": [
                  "$r9 = virtualinvoke $r6.<android.content.ContentResolver: android.database.Cursor query(android.net.Uri,java.lang.String[],java.lang.String,java.lang.String[],java.lang.String)>($r4, $r5, \"date > ?\", $r7, \"date DESC\")"
                ]
              },
              "hash": "c8c4491fd3bdf5a0598ef695104342c2039a6152"
            }
          ]
        }
      },
      "IMEI": {
        "256_api": {
          "complianceCategoryDetail": "IMEI",
          "deobfApk": "",
          "level": "high",
          "name": "256_api",
          "detail": "IMEI",
          "complianceCategory": "IMEI",
          "category": "ComplianceInfo",
          "vulners": [
            {
              "details": {
                "url": "https://tosv.byted.org/obj/appscan-obj/aux/misc/393932333133313932393239333232256_api.html",
                "position": "<in.juspay.hypersdk.data.SessionInfo: java.lang.String getDeviceId()>",
                "target": [
                  "<in.juspay.hypersdk.data.SessionInfo: java.lang.String getDeviceId()>",
                  "$r3_4 = virtualinvoke $r5.<android.telephony.TelephonyManager: java.lang.String getDeviceId()>()"
                ]
              },
              "hash": "4cd9da3e6c969d838a3a24b67f0881217b891d76"
            }
          ]
        },
        "255_api": {
          "complianceCategoryDetail": "IMEI",
          "deobfApk": "",
          "level": "high",
          "name": "255_api",
          "detail": "IMEI",
          "complianceCategory": "IMEI",
          "category": "ComplianceInfo",
          "vulners": [
            {
              "details": {
                "url": "https://tosv.byted.org/obj/appscan-obj/aux/misc/393932333132373839393634393038255_api.html",
                "position": "<in.juspay.hypersdk.data.SessionInfo: java.lang.String getDeviceId()>",
                "target": [
                  "<in.juspay.hypersdk.data.SessionInfo: java.lang.String getDeviceId()>",
                  "$r3_4 = virtualinvoke $r5.<android.telephony.TelephonyManager: java.lang.String getDeviceId()>()"
                ]
              },
              "hash": "4cd9da3e6c969d838a3a24b67f0881217b891d76"
            }
          ]
        }
      },
      "clipboard data": {
        "305_api": {
          "complianceCategoryDetail": "clipboard data",
          "deobfApk": "",
          "level": "high",
          "name": "305_api",
          "detail": "剪贴板",
          "complianceCategory": "clipboard data",
          "category": "ComplianceInfo",
          "vulners": [
            {
              "details": {
                "url": "https://tosv.byted.org/obj/appscan-obj/aux/misc/393932333133393031343730343037305_api.html",
                "position": "<in.juspay.hypersdk.core.ClipboardListener: java.util.ArrayList getClipboardItems(android.content.ClipboardManager,in.juspay.hypersdk.core.JuspayServices)>",
                "target": [
                  "<in.juspay.hypersdk.core.ClipboardListener: java.util.ArrayList getClipboardItems(android.content.ClipboardManager,in.juspay.hypersdk.core.JuspayServices)>",
                  "$r4 = virtualinvoke $r0.<android.content.ClipboardManager: android.content.ClipData getPrimaryClip()>()"
                ]
              },
              "hash": "c9daf39cba5263eeacf100a883f8f9c63012aa3f"
            }
          ]
        }
      }
    },
    "DeepLinkInfo": {
      "SmartRouterParameterList": [
        "url"
      ]
    },
    "JsBridgeInfo": {},
    "UrlRegion": {
      "filter": {
        "N/A:N/A": {
          "value": {
            "境外": {
              "api.ok.ru": {
                "value": {
                  "https://api.ok.ru/fb.do": {
                    "classes.dex.ru.ok.android.sdk.util.OkRequestUtil$Request": "const-string v1, \"https://api.ok.ru/fb.do\"\n"
                  }
                },
                "meta": {
                  "A": {
                    "108.160.162.109": "US"
                  },
                  "ICP": "ICP record undetected",
                  "ISP": [
                    "Dropbox, Inc."
                  ],
                  "locations": [
                    "US"
                  ],
                  "plugins": [
                    "DNS",
                    "ICP"
                  ]
                }
              },
              "connect.ok.ru": {
                "value": {
                  "https://connect.ok.ru/dk?st.cmd=": {
                    "classes.dex.ru.ok.android.sdk.AbstractWidgetActivity": "const-string v1, \"https://connect.ok.ru/dk?st.cmd=\"\n"
                  }
                },
                "meta": {
                  "A": {
                    "199.59.149.203": "US"
                  },
                  "ICP": "ICP record undetected",
                  "ISP": [
                    "Twitter Inc."
                  ],
                  "locations": [
                    "US"
                  ],
                  "plugins": [
                    "DNS",
                    "ICP"
                  ]
                }
              }
            }
          },
          "meta": {
            "url": "N/A",
            "description": "未查到组件信息",
            "version": "N/A"
          }
        }
      },
      "full": {
        "N/A:N/A": {
          "value": {
            "US": {
              "api.ok.ru": {
                "meta": {
                  "A": {
                    "108.160.162.109": "US"
                  },
                  "ICP": "ICP record undetected",
                  "ISP": [
                    "Dropbox, Inc."
                  ],
                  "locations": [
                    "US"
                  ],
                  "plugins": [
                    "DNS",
                    "ICP"
                  ]
                },
                "value": {
                  "https://api.ok.ru/fb.do": {
                    "classes.dex.ru.ok.android.sdk.util.OkRequestUtil$Request": "const-string v1, \"https://api.ok.ru/fb.do\"\n"
                  }
                }
              },
              "connect.ok.ru": {
                "meta": {
                  "A": {
                    "199.59.149.203": "US"
                  },
                  "ICP": "ICP record undetected",
                  "ISP": [
                    "Twitter Inc."
                  ],
                  "locations": [
                    "US"
                  ],
                  "plugins": [
                    "DNS",
                    "ICP"
                  ]
                },
                "value": {
                  "https://connect.ok.ru/dk?st.cmd=": {
                    "classes.dex.ru.ok.android.sdk.AbstractWidgetActivity": "const-string v1, \"https://connect.ok.ru/dk?st.cmd=\"\n"
                  }
                }
              }
            }
          },
          "meta": {
            "url": "N/A",
            "description": "未查到组件信息",
            "version": "N/A"
          }
        }
      }
    },
    "profiler": "https://tosv.byted.org/obj/appscan-obj/aux/misc/393932333237393330383839303730profiler.json",
    "HTTP_API": [],
    "BasicInfo": {
      "AppInfo": {
        "name": "",
        "size": "0.54MB",
        "package": "in.juspay.hypersdk",
        "versionName": null,
        "versionCode": null,
        "target_sdk": "33",
        "min_sdk": "19",
        "max_sdk": "",
        "sha1": "86189b3d93dad364a5803f46dd427351011fcea5"
      },
      "SignInfo": {
        "Is signed v1": false,
        "Is signed v2": false,
        "Is signed v3": false,
        "certs": [],
        "pkeys": []
      },
      "ComponentsInfo": {
        "exportedReceivers": [
          "in.juspay.hypersdk.core.SmsConsentHandler",
          "in.juspay.hypersdk.core.SmsReceiver",
          "in.juspay.hypersdk.core.PaymentUtils$SentReceiver",
          "in.juspay.hypersdk.core.PaymentUtils$DeliverReceiver",
          "in.juspay.hypersdk.core.ConnectivityReceiver"
        ],
        "unExportedActivities": [
          "in.juspay.hypersdk.core.CustomtabActivity",
          "in.juspay.hypersdk.core.CompletionActivity"
        ],
        "exportedActivities": [
          "in.juspay.hypersdk.core.CustomtabResult"
        ]
      },
      "PermissionInfo": [
        "android.permission.ACCESS_NETWORK_STATE",
        "android.permission.INTERNET",
        "android.permission.READ_PHONE_STATE"
      ],
      "DeobfApk": ""
    },
    "PermissionUsedDetails": {
      "declaredPermissions": [
        "android.permission.ACCESS_NETWORK_STATE",
        "android.permission.INTERNET",
        "android.permission.READ_PHONE_STATE"
      ],
      "usedPermissions": {
        "android.permission.INTERNET": {
          "level": "normal|instant",
          "description": "Allows applications to open network sockets",
          "positions": [
            "Default"
          ],
          "details": [
            {
              "caller": "N/A",
              "api": "N/A",
              "url": "N/A"
            }
          ]
        }
      },
      "declaredButNoUsed": {
        "android.permission.ACCESS_NETWORK_STATE": {
          "level": "normal|instant",
          "description": "Allows applications to access information about networks"
        },
        "android.permission.READ_PHONE_STATE": {
          "level": "dangerous",
          "description": "Allows read only access to phone state, including the current cellular network information, the status of any ongoing calls, and a list of any android.telecom.PhoneAccounts registered on the device. Note: If both your minSdkVersion and targetSdkVersion values are set to 3 or lower, the system implicitly grants your app this permission. If you don't need this permission, be sure your targetSdkVersion is 4 or higher"
        }
      },
      "usedButNotDeclared": {}
    },
    "SDKComplianceList": []
  },
  0
]