[
  {
    "SecurityInfo": {},
    "ComplianceInfo": {
      "carrier info": {
        "299_api": {
          "complianceCategoryDetail": "carrier info",
          "deobfApk": "",
          "level": "low",
          "name": "299_api",
          "detail": "获取移动网络类型，比如GSM、CDMA、LTE等。可能会被照明弹记录。",
          "complianceCategory": "carrier info",
          "category": "ComplianceInfo",
          "vulners": [
            {
              "details": {
                "url": "https://tosv.byted.org/obj/appscan-obj/aux/misc/393931343636343738333736393433299_api.html",
                "position": "<com.kidoz.sdk.api.server_connect.SdkAPIManager$4: void run()>",
                "target": [
                  "<com.kidoz.sdk.api.server_connect.SdkAPIManager$4: void run()>",
                  "i0_18 = virtualinvoke r27_3.<android.telephony.TelephonyManager: int getNetworkType()>()"
                ]
              },
              "hash": "f67d9629559bff27878fcdd492a1a1f69362ed3d"
            },
            {
              "details": {
                "url": "https://tosv.byted.org/obj/appscan-obj/aux/misc/393931343637303439313530353834299_api.html",
                "position": "<com.kidoz.sdk.api.general.utils.Utils: java.lang.String getNetworkType(android.content.Context)>",
                "target": [
                  "<com.kidoz.sdk.api.general.utils.Utils: java.lang.String getNetworkType(android.content.Context)>",
                  "$i0 = virtualinvoke r2.<android.telephony.TelephonyManager: int getNetworkType()>()"
                ]
              },
              "hash": "dbb6574ec03e38a2bd5970c2c64606c18970e300"
            }
          ]
        }
      },
      "SSIDBSSID": {
        "574_api": {
          "complianceCategoryDetail": "SSIDBSSID",
          "deobfApk": "",
          "level": "high",
          "name": "574_api",
          "detail": "BSSID",
          "complianceCategory": "SSIDBSSID",
          "category": "ComplianceInfo",
          "vulners": [
            {
              "details": {
                "url": "https://tosv.byted.org/obj/appscan-obj/aux/misc/393931343731333735363632363839574_api.html",
                "position": "<com.kidoz.sdk.api.general.utils.SdkDeviceUtils: java.lang.String getMACAddress(java.lang.String)>",
                "target": [
                  "<com.kidoz.sdk.api.general.utils.SdkDeviceUtils: java.lang.String getMACAddress(java.lang.String)>",
                  "$r9 = virtualinvoke r7.<java.net.NetworkInterface: byte[] getHardwareAddress()>()"
                ]
              },
              "hash": "cb40c961b2d36a0b4a09c8559b26af670bdcd893"
            }
          ]
        }
      },
      "contact list": {
        "353_api": {
          "complianceCategoryDetail": "contact list",
          "deobfApk": "",
          "level": "high",
          "name": "353_api",
          "detail": "通讯录",
          "complianceCategory": "contact list",
          "category": "ComplianceInfo",
          "vulners": [
            {
              "details": {
                "url": "https://tosv.byted.org/obj/appscan-obj/aux/misc/393931343637383932313932393133353_api.html",
                "position": "<com.squareup.imagelib.ContactsPhotoRequestHandler: java.io.InputStream getInputStream(com.squareup.imagelib.Request)>",
                "target": [
                  "<com.squareup.imagelib.ContactsPhotoRequestHandler: java.io.InputStream getInputStream(com.squareup.imagelib.Request)>",
                  "$r10 = staticinvoke <android.provider.ContactsContract$Contacts: android.net.Uri lookupContact(android.content.ContentResolver,android.net.Uri)>($r3, r4)"
                ]
              },
              "hash": "b8408f8d2cd86fb617d0f61e311022db55c01b62"
            }
          ]
        },
        "552_api": {
          "complianceCategoryDetail": "contact list",
          "deobfApk": "",
          "level": "high",
          "name": "552_api",
          "detail": "通讯录",
          "complianceCategory": "contact list",
          "category": "ComplianceInfo",
          "vulners": [
            {
              "details": {
                "url": "https://tosv.byted.org/obj/appscan-obj/aux/misc/393931343730383336313531393531552_api.html",
                "position": "<com.squareup.imagelib.ContactsPhotoRequestHandler$ContactPhotoStreamIcs: java.io.InputStream get(android.content.ContentResolver,android.net.Uri)>",
                "target": [
                  "<com.squareup.imagelib.ContactsPhotoRequestHandler$ContactPhotoStreamIcs: java.io.InputStream get(android.content.ContentResolver,android.net.Uri)>",
                  "$r2 = staticinvoke <android.provider.ContactsContract$Contacts: java.io.InputStream openContactPhotoInputStream(android.content.ContentResolver,android.net.Uri,boolean)>($r0, $r1, 1)"
                ]
              },
              "hash": "ffabfb2245682777d23825785ac502f7f6b2fd52"
            },
            {
              "details": {
                "url": "https://tosv.byted.org/obj/appscan-obj/aux/misc/393931343730393836373238333038552_api.html",
                "position": "<com.squareup.imagelib.ContactsPhotoRequestHandler: java.io.InputStream getInputStream(com.squareup.imagelib.Request)>",
                "target": [
                  "<com.squareup.imagelib.ContactsPhotoRequestHandler: java.io.InputStream getInputStream(com.squareup.imagelib.Request)>",
                  "$r9_1 = staticinvoke <android.provider.ContactsContract$Contacts: java.io.InputStream openContactPhotoInputStream(android.content.ContentResolver,android.net.Uri)>($r3, r4_2)"
                ]
              },
              "hash": "6c59961d06a5345ca791efbd94f6f901b94e618a"
            }
          ]
        },
        "365_api": {
          "complianceCategoryDetail": "contact list",
          "deobfApk": "",
          "level": "high",
          "name": "365_api",
          "detail": "通讯录",
          "complianceCategory": "contact list",
          "category": "ComplianceInfo",
          "vulners": [
            {
              "details": {
                "url": "https://tosv.byted.org/obj/appscan-obj/aux/misc/393931343638353133393236333532365_api.html",
                "position": "<com.squareup.imagelib.ContactsPhotoRequestHandler$ContactPhotoStreamIcs: java.io.InputStream get(android.content.ContentResolver,android.net.Uri)>",
                "target": [
                  "<com.squareup.imagelib.ContactsPhotoRequestHandler$ContactPhotoStreamIcs: java.io.InputStream get(android.content.ContentResolver,android.net.Uri)>",
                  "$r2 = staticinvoke <android.provider.ContactsContract$Contacts: java.io.InputStream openContactPhotoInputStream(android.content.ContentResolver,android.net.Uri,boolean)>($r0, $r1, 1)"
                ]
              },
              "hash": "ffabfb2245682777d23825785ac502f7f6b2fd52"
            },
            {
              "details": {
                "url": "https://tosv.byted.org/obj/appscan-obj/aux/misc/393931343638363734393932383235365_api.html",
                "position": "<com.squareup.imagelib.ContactsPhotoRequestHandler: java.io.InputStream getInputStream(com.squareup.imagelib.Request)>",
                "target": [
                  "<com.squareup.imagelib.ContactsPhotoRequestHandler: java.io.InputStream getInputStream(com.squareup.imagelib.Request)>",
                  "$r9_1 = staticinvoke <android.provider.ContactsContract$Contacts: java.io.InputStream openContactPhotoInputStream(android.content.ContentResolver,android.net.Uri)>($r3, r4_2)"
                ]
              },
              "hash": "6c59961d06a5345ca791efbd94f6f901b94e618a"
            }
          ]
        },
        "551_api": {
          "complianceCategoryDetail": "contact list",
          "deobfApk": "",
          "level": "high",
          "name": "551_api",
          "detail": "通讯录",
          "complianceCategory": "contact list",
          "category": "ComplianceInfo",
          "vulners": [
            {
              "details": {
                "url": "https://tosv.byted.org/obj/appscan-obj/aux/misc/393931343730353833373733373036551_api.html",
                "position": "<com.squareup.imagelib.ContactsPhotoRequestHandler$ContactPhotoStreamIcs: java.io.InputStream get(android.content.ContentResolver,android.net.Uri)>",
                "target": [
                  "<com.squareup.imagelib.ContactsPhotoRequestHandler$ContactPhotoStreamIcs: java.io.InputStream get(android.content.ContentResolver,android.net.Uri)>",
                  "$r2 = staticinvoke <android.provider.ContactsContract$Contacts: java.io.InputStream openContactPhotoInputStream(android.content.ContentResolver,android.net.Uri,boolean)>($r0, $r1, 1)"
                ]
              },
              "hash": "ffabfb2245682777d23825785ac502f7f6b2fd52"
            },
            {
              "details": {
                "url": "https://tosv.byted.org/obj/appscan-obj/aux/misc/393931343730373232343933353137551_api.html",
                "position": "<com.squareup.imagelib.ContactsPhotoRequestHandler: java.io.InputStream getInputStream(com.squareup.imagelib.Request)>",
                "target": [
                  "<com.squareup.imagelib.ContactsPhotoRequestHandler: java.io.InputStream getInputStream(com.squareup.imagelib.Request)>",
                  "$r9_1 = staticinvoke <android.provider.ContactsContract$Contacts: java.io.InputStream openContactPhotoInputStream(android.content.ContentResolver,android.net.Uri)>($r3, r4_2)"
                ]
              },
              "hash": "6c59961d06a5345ca791efbd94f6f901b94e618a"
            }
          ]
        },
        "366_api": {
          "complianceCategoryDetail": "contact list",
          "deobfApk": "",
          "level": "high",
          "name": "366_api",
          "detail": "通讯录",
          "complianceCategory": "contact list",
          "category": "ComplianceInfo",
          "vulners": [
            {
              "details": {
                "url": "https://tosv.byted.org/obj/appscan-obj/aux/misc/393931343639303134393836363830366_api.html",
                "position": "<com.squareup.imagelib.ContactsPhotoRequestHandler$ContactPhotoStreamIcs: java.io.InputStream get(android.content.ContentResolver,android.net.Uri)>",
                "target": [
                  "<com.squareup.imagelib.ContactsPhotoRequestHandler$ContactPhotoStreamIcs: java.io.InputStream get(android.content.ContentResolver,android.net.Uri)>",
                  "$r2 = staticinvoke <android.provider.ContactsContract$Contacts: java.io.InputStream openContactPhotoInputStream(android.content.ContentResolver,android.net.Uri,boolean)>($r0, $r1, 1)"
                ]
              },
              "hash": "ffabfb2245682777d23825785ac502f7f6b2fd52"
            },
            {
              "details": {
                "url": "https://tosv.byted.org/obj/appscan-obj/aux/misc/393931343639313335383137373033366_api.html",
                "position": "<com.squareup.imagelib.ContactsPhotoRequestHandler: java.io.InputStream getInputStream(com.squareup.imagelib.Request)>",
                "target": [
                  "<com.squareup.imagelib.ContactsPhotoRequestHandler: java.io.InputStream getInputStream(com.squareup.imagelib.Request)>",
                  "$r9_1 = staticinvoke <android.provider.ContactsContract$Contacts: java.io.InputStream openContactPhotoInputStream(android.content.ContentResolver,android.net.Uri)>($r3, r4_2)"
                ]
              },
              "hash": "6c59961d06a5345ca791efbd94f6f901b94e618a"
            }
          ]
        }
      }
    },
    "DeepLinkInfo": {
      "SmartRouterParameterList": [
        "unique_placement_id_key",
        "styleId",
        "disableBack"
      ],
      "AdsCommandsParameterList": [
        "id"
      ]
    },
    "JsBridgeInfo": {},
    "UrlRegion": {
      "filter": {
        "N/A:N/A": {
          "value": {
            "境外": {
              "api.ok.ru": {
                "value": {
                  "https://api.ok.ru/fb.do": {
                    "classes.dex.ru.ok.android.sdk.util.OkRequestUtil$Request": "const-string v1, \"https://api.ok.ru/fb.do\"\n"
                  }
                },
                "meta": {
                  "A": {
                    "108.160.162.109": "US"
                  },
                  "ICP": "ICP record undetected",
                  "ISP": [
                    "Dropbox, Inc."
                  ],
                  "locations": [
                    "US"
                  ],
                  "plugins": [
                    "DNS",
                    "ICP"
                  ]
                }
              },
              "connect.ok.ru": {
                "value": {
                  "https://connect.ok.ru/dk?st.cmd=": {
                    "classes.dex.ru.ok.android.sdk.AbstractWidgetActivity": "const-string v1, \"https://connect.ok.ru/dk?st.cmd=\"\n"
                  }
                },
                "meta": {
                  "A": {
                    "199.59.149.203": "US"
                  },
                  "ICP": "ICP record undetected",
                  "ISP": [
                    "Twitter Inc."
                  ],
                  "locations": [
                    "US"
                  ],
                  "plugins": [
                    "DNS",
                    "ICP"
                  ]
                }
              }
            }
          },
          "meta": {
            "url": "N/A",
            "description": "未查到组件信息",
            "version": "N/A"
          }
        }
      },
      "full": {
        "N/A:N/A": {
          "value": {
            "US": {
              "api.ok.ru": {
                "meta": {
                  "A": {
                    "108.160.162.109": "US"
                  },
                  "ICP": "ICP record undetected",
                  "ISP": [
                    "Dropbox, Inc."
                  ],
                  "locations": [
                    "US"
                  ],
                  "plugins": [
                    "DNS",
                    "ICP"
                  ]
                },
                "value": {
                  "https://api.ok.ru/fb.do": {
                    "classes.dex.ru.ok.android.sdk.util.OkRequestUtil$Request": "const-string v1, \"https://api.ok.ru/fb.do\"\n"
                  }
                }
              },
              "connect.ok.ru": {
                "meta": {
                  "A": {
                    "199.59.149.203": "US"
                  },
                  "ICP": "ICP record undetected",
                  "ISP": [
                    "Twitter Inc."
                  ],
                  "locations": [
                    "US"
                  ],
                  "plugins": [
                    "DNS",
                    "ICP"
                  ]
                },
                "value": {
                  "https://connect.ok.ru/dk?st.cmd=": {
                    "classes.dex.ru.ok.android.sdk.AbstractWidgetActivity": "const-string v1, \"https://connect.ok.ru/dk?st.cmd=\"\n"
                  }
                }
              }
            }
          },
          "meta": {
            "url": "N/A",
            "description": "未查到组件信息",
            "version": "N/A"
          }
        }
      }
    },
    "profiler": "https://tosv.byted.org/obj/appscan-obj/aux/misc/393931343733343030373532343534profiler.json",
    "HTTP_API": [],
    "BasicInfo": {
      "AppInfo": {
        "name": "",
        "size": "1.12MB",
        "package": "com.kidoz.sdk.api",
        "versionName": null,
        "versionCode": null,
        "target_sdk": "32",
        "min_sdk": "17",
        "max_sdk": "",
        "sha1": "446917195f90a33e61553a98bd0e632ce85df685"
      },
      "SignInfo": {
        "Is signed v1": false,
        "Is signed v2": false,
        "Is signed v3": false,
        "certs": [],
        "pkeys": []
      },
      "ComponentsInfo": {
        "exportedReceivers": [
          "com.squareup.imagelib.Dispatcher$NetworkBroadcastReceiver"
        ],
        "unExportedActivities": [
          "com.kidoz.sdk.api.ui_views.interstitial.KidozAdActivity"
        ]
      },
      "PermissionInfo": [
        "android.permission.INTERNET"
      ],
      "DeobfApk": ""
    },
    "PermissionUsedDetails": {
      "declaredPermissions": [
        "android.permission.INTERNET"
      ],
      "usedPermissions": {
        "android.permission.INTERNET": {
          "level": "normal|instant",
          "description": "Allows applications to open network sockets",
          "positions": [
            "Default"
          ],
          "details": [
            {
              "caller": "N/A",
              "api": "N/A",
              "url": "N/A"
            }
          ]
        }
      },
      "declaredButNoUsed": {},
      "usedButNotDeclared": {}
    },
    "SDKComplianceList": []
  },
  0
]