[
  {
    "SecurityInfo": {},
    "ComplianceInfo": {
      "ICCID": {
        "201_api": {
          "complianceCategoryDetail": "ICCID",
          "deobfApk": "",
          "level": "high",
          "name": "201_api",
          "detail": "ICCID",
          "complianceCategory": "ICCID",
          "category": "ComplianceInfo",
          "vulners": [
            {
              "details": {
                "url": "https://tosv.byted.org/obj/appscan-obj/aux/misc/393933353433373634353636343933201_api.html",
                "position": "<krrvc.fffzd: java.lang.String rmqfk()>",
                "target": [
                  "<krrvc.fffzd: java.lang.String rmqfk()>",
                  "$r4 = virtualinvoke $r3.<android.telephony.SubscriptionManager: java.util.List getActiveSubscriptionInfoList()>()"
                ]
              },
              "hash": "1e957549af1c1f4f2048f01ab21614c07d924d1a"
            }
          ]
        },
        "313_api": {
          "complianceCategoryDetail": "ICCID",
          "deobfApk": "",
          "level": "high",
          "name": "313_api",
          "detail": "ICCID",
          "complianceCategory": "ICCID",
          "category": "ComplianceInfo",
          "vulners": [
            {
              "details": {
                "url": "https://tosv.byted.org/obj/appscan-obj/aux/misc/393933353434383835323930363439313_api.html",
                "position": "<krrvc.fffzd: java.lang.String rmqfk()>",
                "target": [
                  "<krrvc.fffzd: java.lang.String rmqfk()>",
                  "$r8_4 = virtualinvoke $r11.<android.telephony.TelephonyManager: java.lang.String getSimSerialNumber()>()"
                ]
              },
              "hash": "66aa627b916af20ed0c23c71fed47b2d46cfa4dc"
            }
          ]
        },
        "563_api": {
          "complianceCategoryDetail": "ICCID",
          "deobfApk": "",
          "level": "high",
          "name": "563_api",
          "detail": "ICCID",
          "complianceCategory": "ICCID",
          "category": "ComplianceInfo",
          "vulners": [
            {
              "details": {
                "url": "https://tosv.byted.org/obj/appscan-obj/aux/misc/393933353436363135333933333730563_api.html",
                "position": "<krrvc.fffzd: java.lang.String rmqfk()>",
                "target": [
                  "<krrvc.fffzd: java.lang.String rmqfk()>",
                  "$r8_2 = virtualinvoke $r7.<android.telephony.SubscriptionInfo: java.lang.String getIccId()>()"
                ]
              },
              "hash": "25df5b4179a10afad41f7c5fca79d2df34bd4053"
            }
          ]
        }
      },
      "Android_ID": {
        "550_api": {
          "complianceCategoryDetail": "Android_ID",
          "deobfApk": "",
          "level": "high",
          "name": "550_api",
          "detail": "Android_ID",
          "complianceCategory": "Android_ID",
          "category": "ComplianceInfo",
          "vulners": [
            {
              "details": {
                "ConstValue": "android_id",
                "position": "<krrvc.jmjou: java.lang.String irjuc()>",
                "url": "https://tosv.byted.org/obj/appscan-obj/aux/misc/393933353436333332333931323138550_api.html",
                "target": [
                  "<krrvc.jmjou: java.lang.String irjuc()>",
                  "<android.provider.Settings$Secure: java.lang.String getString(android.content.ContentResolver,java.lang.String)>",
                  "android_id"
                ]
              },
              "hash": "5da3376c19b35047db72d8611aac0223e61e4213"
            }
          ]
        }
      },
      "applist": {
        "374_api": {
          "complianceCategoryDetail": "applist",
          "deobfApk": "",
          "level": "low",
          "name": "374_api",
          "detail": "可获取所有能够启动给定Intent的activity",
          "complianceCategory": "applist",
          "category": "ComplianceInfo",
          "vulners": [
            {
              "details": {
                "url": "https://tosv.byted.org/obj/appscan-obj/aux/misc/393933353435343435333532393538374_api.html",
                "position": "<krrvc.oohtx: java.util.List irjuc(jmjou.jmjou,android.content.Intent)>",
                "target": [
                  "<krrvc.oohtx: java.util.List irjuc(jmjou.jmjou,android.content.Intent)>",
                  "$r6 = virtualinvoke $r5.<android.content.pm.PackageManager: java.util.List queryIntentActivities(android.content.Intent,int)>($r1, 65536)"
                ]
              },
              "hash": "e816ff283603e50b8af02f3178770b009a6030e2"
            },
            {
              "details": {
                "url": "https://tosv.byted.org/obj/appscan-obj/aux/misc/393933353435353735303937333734374_api.html",
                "position": "<krrvc.oohtx: boolean irjuc(android.content.Context,java.lang.String)>",
                "target": [
                  "<krrvc.oohtx: boolean irjuc(android.content.Context,java.lang.String)>",
                  "$r4 = virtualinvoke $r2.<android.content.pm.PackageManager: java.util.List queryIntentActivities(android.content.Intent,int)>($r3, 65536)"
                ]
              },
              "hash": "29c34ce494892826b56f44a85593ca1ca316f3d8"
            }
          ]
        }
      },
      "sms": {
        "506_api": {
          "complianceCategoryDetail": "sms",
          "deobfApk": "",
          "level": "high",
          "name": "506_api",
          "detail": "接收短信",
          "complianceCategory": "sms",
          "category": "ComplianceInfo",
          "vulners": [
            {
              "details": {
                "position": "<jmjou.qwsnv: void startListeningToOTP(java.lang.String,java.lang.String,java.lang.String)>",
                "url": "https://tosv.byted.org/obj/appscan-obj/aux/misc/393933353439393334333236353735506_api.html",
                "target": [
                  "<jmjou.qwsnv: void startListeningToOTP(java.lang.String,java.lang.String,java.lang.String)>->@const_str:android.provider.Telephony.SMS_RECEIVED",
                  "<jmjou.qwsnv: void startListeningToOTP(java.lang.String,java.lang.String,java.lang.String)>->$r9"
                ],
                "entryMethod": "<jmjou.qwsnv: void startListeningToOTP(java.lang.String,java.lang.String,java.lang.String)>",
                "Source": [
                  "virtualinvoke $r9.<android.content.IntentFilter: void addAction(java.lang.String)>(\"android.provider.Telephony.SMS_RECEIVED\")"
                ],
                "Sink": [
                  "virtualinvoke $r7_3.<android.content.Context: android.content.Intent registerReceiver(android.content.BroadcastReceiver,android.content.IntentFilter)>($r8_1, $r9)"
                ]
              },
              "hash": "cdffc88c5b2a32bb8d5dfc1ed3fb5d0fbf80ceb0"
            },
            {
              "details": {
                "position": "<zihjx.chmha: void onRequestPermissionsResult(int,java.lang.String[],int[])>",
                "url": "https://tosv.byted.org/obj/appscan-obj/aux/misc/393933353530313639353234383134506_api.html",
                "target": [
                  "<zihjx.chmha: void onRequestPermissionsResult(int,java.lang.String[],int[])>->@const_str:android.provider.Telephony.SMS_RECEIVED",
                  "<zihjx.chmha: void onRequestPermissionsResult(int,java.lang.String[],int[])>->$r17"
                ],
                "entryMethod": "<zihjx.chmha: void onRequestPermissionsResult(int,java.lang.String[],int[])>",
                "Source": [
                  "virtualinvoke $r17.<android.content.IntentFilter: void addAction(java.lang.String)>(\"android.provider.Telephony.SMS_RECEIVED\")"
                ],
                "Sink": [
                  "virtualinvoke $r18.<android.content.Context: android.content.Intent registerReceiver(android.content.BroadcastReceiver,android.content.IntentFilter)>($r16_1, $r17)"
                ]
              },
              "hash": "b12e9ee994ce1915bb71fe7cfdbe5da9062e9e36"
            }
          ]
        }
      },
      "location": {
        "203_api": {
          "complianceCategoryDetail": "location",
          "deobfApk": "",
          "level": "high",
          "name": "203_api",
          "detail": "位置信息",
          "complianceCategory": "location",
          "category": "ComplianceInfo",
          "vulners": [
            {
              "details": {
                "url": "https://tosv.byted.org/obj/appscan-obj/aux/misc/393933353434313137373638373539203_api.html",
                "position": "<krrvc.fffzd: rmqfk.gtgye jmjou()>",
                "target": [
                  "<krrvc.fffzd: rmqfk.gtgye jmjou()>",
                  "$r10 = virtualinvoke $r9.<android.telephony.TelephonyManager: java.util.List getAllCellInfo()>()"
                ]
              },
              "hash": "3aebc77b8a84e6203bb7c79fe19365e74dfb1eb0"
            }
          ]
        }
      }
    },
    "DeepLinkInfo": {
      "SmartRouterParameterList": [
        "openIntentWithApp",
        "B2B_PG_Response"
      ]
    },
    "JsBridgeInfo": {},
    "UrlRegion": {
      "filter": {
        "N/A:N/A": {
          "value": {
            "境外": {
              "api.ok.ru": {
                "value": {
                  "https://api.ok.ru/fb.do": {
                    "classes.dex.ru.ok.android.sdk.util.OkRequestUtil$Request": "const-string v1, \"https://api.ok.ru/fb.do\"\n"
                  }
                },
                "meta": {
                  "A": {
                    "108.160.162.109": "US"
                  },
                  "ICP": "ICP record undetected",
                  "ISP": [
                    "Dropbox, Inc."
                  ],
                  "locations": [
                    "US"
                  ],
                  "plugins": [
                    "DNS",
                    "ICP"
                  ]
                }
              },
              "connect.ok.ru": {
                "value": {
                  "https://connect.ok.ru/dk?st.cmd=": {
                    "classes.dex.ru.ok.android.sdk.AbstractWidgetActivity": "const-string v1, \"https://connect.ok.ru/dk?st.cmd=\"\n"
                  }
                },
                "meta": {
                  "A": {
                    "199.59.149.203": "US"
                  },
                  "ICP": "ICP record undetected",
                  "ISP": [
                    "Twitter Inc."
                  ],
                  "locations": [
                    "US"
                  ],
                  "plugins": [
                    "DNS",
                    "ICP"
                  ]
                }
              }
            }
          },
          "meta": {
            "url": "N/A",
            "description": "未查到组件信息",
            "version": "N/A"
          }
        }
      },
      "full": {
        "N/A:N/A": {
          "value": {
            "US": {
              "api.ok.ru": {
                "meta": {
                  "A": {
                    "108.160.162.109": "US"
                  },
                  "ICP": "ICP record undetected",
                  "ISP": [
                    "Dropbox, Inc."
                  ],
                  "locations": [
                    "US"
                  ],
                  "plugins": [
                    "DNS",
                    "ICP"
                  ]
                },
                "value": {
                  "https://api.ok.ru/fb.do": {
                    "classes.dex.ru.ok.android.sdk.util.OkRequestUtil$Request": "const-string v1, \"https://api.ok.ru/fb.do\"\n"
                  }
                }
              },
              "connect.ok.ru": {
                "meta": {
                  "A": {
                    "199.59.149.203": "US"
                  },
                  "ICP": "ICP record undetected",
                  "ISP": [
                    "Twitter Inc."
                  ],
                  "locations": [
                    "US"
                  ],
                  "plugins": [
                    "DNS",
                    "ICP"
                  ]
                },
                "value": {
                  "https://connect.ok.ru/dk?st.cmd=": {
                    "classes.dex.ru.ok.android.sdk.AbstractWidgetActivity": "const-string v1, \"https://connect.ok.ru/dk?st.cmd=\"\n"
                  }
                }
              }
            }
          },
          "meta": {
            "url": "N/A",
            "description": "未查到组件信息",
            "version": "N/A"
          }
        }
      }
    },
    "profiler": "https://tosv.byted.org/obj/appscan-obj/aux/misc/393933353534393432323434313037profiler.json",
    "HTTP_API": [],
    "BasicInfo": {
      "AppInfo": {
        "name": "",
        "size": "0.31MB",
        "package": "com.phonepe.intent.sdk",
        "versionName": null,
        "versionCode": null,
        "target_sdk": "",
        "min_sdk": "21",
        "max_sdk": "",
        "sha1": "fc50cfbea4fc2a2c9b8d7b464795054dc5371e25"
      },
      "SignInfo": {
        "Is signed v1": false,
        "Is signed v2": false,
        "Is signed v3": false,
        "certs": [],
        "pkeys": []
      },
      "ComponentsInfo": {
        "exportedReceivers": [
          "jmjou.wlgrx"
        ],
        "unExportedActivities": [
          "com.phonepe.intent.sdk.ui.TransactionActivity",
          "com.phonepe.intent.sdk.ui.B2BPGActivity",
          "com.phonepe.intent.sdk.ui.UpiAppsSelectionDialogActivity",
          "com.phonepe.intent.sdk.ui.OpenIntentTransactionActivity"
        ],
        "unExportedServices": [
          "com.phonepe.intent.sdk.ui.PreCacheService"
        ]
      },
      "PermissionInfo": [
        "android.permission.ACCESS_NETWORK_STATE",
        "android.permission.INTERNET"
      ],
      "DeobfApk": ""
    },
    "PermissionUsedDetails": {
      "declaredPermissions": [
        "android.permission.ACCESS_NETWORK_STATE",
        "android.permission.INTERNET"
      ],
      "usedPermissions": {
        "android.permission.INTERNET": {
          "level": "normal|instant",
          "description": "Allows applications to open network sockets",
          "positions": [
            "Default"
          ],
          "details": [
            {
              "caller": "N/A",
              "api": "N/A",
              "url": "N/A"
            }
          ]
        }
      },
      "declaredButNoUsed": {
        "android.permission.ACCESS_NETWORK_STATE": {
          "level": "normal|instant",
          "description": "Allows applications to access information about networks"
        }
      },
      "usedButNotDeclared": {}
    },
    "SDKComplianceList": []
  },
  0
]