[
  {
    "SecurityInfo": {
      "InfoLeak": {
        "URLs": {
          "wiki": "https://bytedance.feishu.cn/wiki/wikcnbWuUptUoH4Uh8FGTAptr0d",
          "detail": "https?|ftps?|file|wss?协议的URL",
          "model": "提醒",
          "name": "URLs",
          "vulners": [
            {
              "possibility": "确定",
              "hash": "81a7dd9eaea0d9f2cabf1d5bd0985674dc4dec86",
              "details": {
                "target": "https://connect.ok.ru/dk?st.cmd=",
                "positions": {
                  "classes.dex.ru.ok.android.sdk.AbstractWidgetActivity": "const-string v1, \"https://connect.ok.ru/dk?st.cmd=\"\n"
                }
              }
            },
            {
              "possibility": "确定",
              "hash": "aa8cb28ab8f758bf81691c4b3f4dab5cdadf68c0",
              "details": {
                "target": "https://api.ok.ru/fb.do",
                "positions": {
                  "classes.dex.ru.ok.android.sdk.util.OkRequestUtil$Request": "const-string v1, \"https://api.ok.ru/fb.do\"\n"
                }
              }
            },
            {
              "possibility": "确定",
              "hash": "1a7c27e361bee19538a72b91c02a72afe3508b23",
              "details": {
                "target": "https://connect.ok.ru/oauth/authorize?client_id=",
                "positions": {
                  "classes.dex.ru.ok.android.sdk.OkAuthActivity": "const-string v1, \"https://connect.ok.ru/oauth/authorize?client_id=\"\n"
                }
              }
            }
          ]
        }
      }
    },
    "ComplianceInfo": {
      "Android_ID": {
        "550_api": {
          "complianceCategoryDetail": "Android_ID",
          "deobfApk": "",
          "level": "high",
          "name": "550_api",
          "detail": "Android_ID",
          "complianceCategory": "Android_ID",
          "category": "ComplianceInfo",
          "vulners": [
            {
              "details": {
                "ConstValue": "android_id",
                "position": "<ru.ok.android.sdk.OKRestHelper: java.lang.String getDeviceId(android.content.Context)>",
                "url": "https://tosv.byted.org/obj/appscan-obj/aux/misc/393931343435303133303337373133550_api.html",
                "target": [
                  "<ru.ok.android.sdk.OKRestHelper: java.lang.String getDeviceId(android.content.Context)>",
                  "<android.provider.Settings$Secure: java.lang.String getString(android.content.ContentResolver,java.lang.String)>",
                  "android_id"
                ]
              },
              "hash": "f3768764dc7a8b6df10ea038ba3c50409ea9953c"
            },
            {
              "details": {
                "ConstValue": "android_id",
                "position": "<ru.ok.android.sdk.util.Utils: java.lang.String getAdvertisingId(android.content.Context,boolean)>",
                "url": "https://tosv.byted.org/obj/appscan-obj/aux/misc/393931343435313334393637373333550_api.html",
                "target": [
                  "<ru.ok.android.sdk.util.Utils: java.lang.String getAdvertisingId(android.content.Context,boolean)>",
                  "<android.provider.Settings$Secure: java.lang.String getString(android.content.ContentResolver,java.lang.String)>",
                  "android_id"
                ]
              },
              "hash": "f4c9c21dc4e96869bf26a075cb8a0f64789da8bf"
            }
          ]
        }
      },
      "IMEI": {
        "256_api": {
          "complianceCategoryDetail": "IMEI",
          "deobfApk": "",
          "level": "high",
          "name": "256_api",
          "detail": "IMEI",
          "complianceCategory": "IMEI",
          "category": "ComplianceInfo",
          "vulners": [
            {
              "details": {
                "url": "https://tosv.byted.org/obj/appscan-obj/aux/misc/393931343433313238383537323534256_api.html",
                "position": "<ru.ok.android.sdk.OKRestHelper: java.lang.String getDeviceId(android.content.Context)>",
                "target": [
                  "<ru.ok.android.sdk.OKRestHelper: java.lang.String getDeviceId(android.content.Context)>",
                  "r4_1 = virtualinvoke r5.<android.telephony.TelephonyManager: java.lang.String getDeviceId()>()"
                ]
              },
              "hash": "e53afe3d5ba3c6a303b2ad4b3a57926ac1581664"
            }
          ]
        },
        "255_api": {
          "complianceCategoryDetail": "IMEI",
          "deobfApk": "",
          "level": "high",
          "name": "255_api",
          "detail": "IMEI",
          "complianceCategory": "IMEI",
          "category": "ComplianceInfo",
          "vulners": [
            {
              "details": {
                "url": "https://tosv.byted.org/obj/appscan-obj/aux/misc/393931343432373034313131303032255_api.html",
                "position": "<ru.ok.android.sdk.OKRestHelper: java.lang.String getDeviceId(android.content.Context)>",
                "target": [
                  "<ru.ok.android.sdk.OKRestHelper: java.lang.String getDeviceId(android.content.Context)>",
                  "r4_1 = virtualinvoke r5.<android.telephony.TelephonyManager: java.lang.String getDeviceId()>()"
                ]
              },
              "hash": "e53afe3d5ba3c6a303b2ad4b3a57926ac1581664"
            }
          ]
        }
      }
    },
    "DeepLinkInfo": {
      "SmartRouterParameterList": [
        "access_token",
        "attachment",
        "widget_retry_allowed",
        "utext",
        "appId",
        "session_secret_key",
        "redirect_uri",
        "SSO_STARTED",
        "application_key",
        "client_id"
      ]
    },
    "JsBridgeInfo": {},
    "UrlRegion": {
      "filter": {
        "N/A:N/A": {
          "value": {
            "境外": {
              "api.ok.ru": {
                "value": {
                  "https://api.ok.ru/fb.do": {
                    "classes.dex.ru.ok.android.sdk.util.OkRequestUtil$Request": "const-string v1, \"https://api.ok.ru/fb.do\"\n"
                  }
                },
                "meta": {
                  "A": {
                    "108.160.162.109": "US"
                  },
                  "ICP": "ICP record undetected",
                  "ISP": [
                    "Dropbox, Inc."
                  ],
                  "locations": [
                    "US"
                  ],
                  "plugins": [
                    "DNS",
                    "ICP"
                  ]
                }
              },
              "connect.ok.ru": {
                "value": {
                  "https://connect.ok.ru/dk?st.cmd=": {
                    "classes.dex.ru.ok.android.sdk.AbstractWidgetActivity": "const-string v1, \"https://connect.ok.ru/dk?st.cmd=\"\n"
                  }
                },
                "meta": {
                  "A": {
                    "199.59.149.203": "US"
                  },
                  "ICP": "ICP record undetected",
                  "ISP": [
                    "Twitter Inc."
                  ],
                  "locations": [
                    "US"
                  ],
                  "plugins": [
                    "DNS",
                    "ICP"
                  ]
                }
              }
            }
          },
          "meta": {
            "url": "N/A",
            "description": "未查到组件信息",
            "version": "N/A"
          }
        }
      },
      "full": {
        "N/A:N/A": {
          "value": {
            "US": {
              "api.ok.ru": {
                "meta": {
                  "A": {
                    "108.160.162.109": "US"
                  },
                  "ICP": "ICP record undetected",
                  "ISP": [
                    "Dropbox, Inc."
                  ],
                  "locations": [
                    "US"
                  ],
                  "plugins": [
                    "DNS",
                    "ICP"
                  ]
                },
                "value": {
                  "https://api.ok.ru/fb.do": {
                    "classes.dex.ru.ok.android.sdk.util.OkRequestUtil$Request": "const-string v1, \"https://api.ok.ru/fb.do\"\n"
                  }
                }
              },
              "connect.ok.ru": {
                "meta": {
                  "A": {
                    "199.59.149.203": "US"
                  },
                  "ICP": "ICP record undetected",
                  "ISP": [
                    "Twitter Inc."
                  ],
                  "locations": [
                    "US"
                  ],
                  "plugins": [
                    "DNS",
                    "ICP"
                  ]
                },
                "value": {
                  "https://connect.ok.ru/dk?st.cmd=": {
                    "classes.dex.ru.ok.android.sdk.AbstractWidgetActivity": "const-string v1, \"https://connect.ok.ru/dk?st.cmd=\"\n"
                  }
                }
              }
            }
          },
          "meta": {
            "url": "N/A",
            "description": "未查到组件信息",
            "version": "N/A"
          }
        }
      }
    },
    "profiler": "https://tosv.byted.org/obj/appscan-obj/aux/misc/393931343531383030363339373033profiler.json",
    "HTTP_API": [],
    "BasicInfo": {
      "AppInfo": {
        "name": "",
        "size": "0.11MB",
        "package": "ru.ok.android.sdk",
        "versionName": null,
        "versionCode": null,
        "target_sdk": "28",
        "min_sdk": "16",
        "max_sdk": "",
        "sha1": "392d196ae4b74402036b6d3bc7550119c542ceac"
      },
      "SignInfo": {
        "Is signed v1": false,
        "Is signed v2": false,
        "Is signed v3": false,
        "certs": [],
        "pkeys": []
      },
      "ComponentsInfo": {},
      "PermissionInfo": [],
      "DeobfApk": ""
    },
    "PermissionUsedDetails": {
      "declaredPermissions": [],
      "usedPermissions": {},
      "declaredButNoUsed": {},
      "usedButNotDeclared": {}
    },
    "SDKComplianceList": []
  },
  0
]