[
  {
    "SecurityInfo": {},
    "ComplianceInfo": {
      "location": {
        "357_api": {
          "complianceCategoryDetail": "location",
          "deobfApk": "",
          "level": "low",
          "name": "357_api",
          "detail": "提示用户webview正在申请获取地理位置",
          "complianceCategory": "location",
          "category": "ComplianceInfo",
          "vulners": [
            {
              "details": {
                "url": "https://tosv.byted.org/obj/appscan-obj/aux/misc/393537323238343931383539333630357_api.html",
                "position": "<com.alibaba.baichuan.trade.biz.webview.AlibcWebChromeClient: void onGeolocationPermissionsShowPrompt(java.lang.String,android.webkit.GeolocationPermissions$Callback)>",
                "target": [
                  "<com.alibaba.baichuan.trade.biz.webview.AlibcWebChromeClient: void onGeolocationPermissionsShowPrompt(java.lang.String,android.webkit.GeolocationPermissions$Callback)>",
                  "specialinvoke r0.<android.webkit.WebChromeClient: void onGeolocationPermissionsShowPrompt(java.lang.String,android.webkit.GeolocationPermissions$Callback)>($r1, $r2)"
                ]
              },
              "hash": "df1e14b313a19659d12322c6e2b08a5aa82d38ba"
            }
          ]
        }
      }
    },
    "DeepLinkInfo": {
      "SmartRouterParameterList": [
        "authId"
      ],
      "AdsCommandsParameterList": [
        "shop_id",
        "id"
      ]
    },
    "JsBridgeInfo": {},
    "UrlRegion": {
      "filter": {},
      "full": {}
    },
    "profiler": "https://tosv.byted.org/obj/appscan-obj/aux/misc/393537323331313635383533393531profiler.json",
    "HTTP_API": [],
    "BasicInfo": {
      "AppInfo": {
        "name": "@00000000",
        "size": "0.2MB",
        "package": "com.alibaba.baichuan.trade.biz",
        "versionName": "1.000000",
        "versionCode": "1",
        "target_sdk": "26",
        "min_sdk": "16",
        "max_sdk": "",
        "sha1": "a84ae0f905c8b6a5ad33b9918a00cb66b9ac64c6"
      },
      "SignInfo": {
        "Is signed v1": false,
        "Is signed v2": false,
        "Is signed v3": false,
        "certs": [],
        "pkeys": []
      },
      "ComponentsInfo": {
        "exportedReceivers": [
          "com.alibaba.baichuan.trade.biz.login.LoginBroadcastReceiver"
        ],
        "unExportedActivities": [
          "com.alibaba.baichuan.trade.biz.auth.AlibcAuthActivity"
        ]
      },
      "PermissionInfo": [],
      "DeobfApk": ""
    },
    "PermissionUsedDetails": {
      "declaredPermissions": [],
      "usedPermissions": {},
      "declaredButNoUsed": {},
      "usedButNotDeclared": {}
    },
    "SDKComplianceList": []
  },
  0
]