[
  {
    "SecurityInfo": {},
    "ComplianceInfo": {
      "carrier info": {
        "299_api": {
          "complianceCategoryDetail": "carrier info",
          "deobfApk": "",
          "level": "low",
          "name": "299_api",
          "detail": "获取移动网络类型，比如GSM、CDMA、LTE等。可能会被照明弹记录。",
          "complianceCategory": "carrier info",
          "category": "ComplianceInfo",
          "vulners": [
            {
              "details": {
                "url": "https://tosv.byted.org/obj/appscan-obj/aux/misc/393537323633373038323532373732299_api.html",
                "position": "<com.alipay.sdk.m.a0.b: java.lang.String n(android.content.Context)>",
                "target": [
                  "<com.alipay.sdk.m.a0.b: java.lang.String n(android.content.Context)>",
                  "$i0 = virtualinvoke $r2.<android.telephony.TelephonyManager: int getNetworkType()>()"
                ]
              },
              "hash": "1554061bea6f04990ed1d5250bd5bff5581983ec"
            }
          ]
        }
      },
      "ICCID": {
        "313_api": {
          "complianceCategoryDetail": "ICCID",
          "deobfApk": "",
          "level": "high",
          "name": "313_api",
          "detail": "ICCID",
          "complianceCategory": "ICCID",
          "category": "ComplianceInfo",
          "vulners": [
            {
              "details": {
                "url": "https://tosv.byted.org/obj/appscan-obj/aux/misc/393537323634323839373239333335313_api.html",
                "position": "<com.alipay.sdk.m.a0.b: java.lang.String c(android.content.Context)>",
                "target": [
                  "<com.alipay.sdk.m.a0.b: java.lang.String c(android.content.Context)>",
                  "$r2_2 = virtualinvoke $r4.<android.telephony.TelephonyManager: java.lang.String getSimSerialNumber()>()"
                ]
              },
              "hash": "8bf8b93766bb2c6c8dc3bf8d19b597b9682d26da"
            }
          ]
        }
      },
      "Android_ID": {
        "550_api": {
          "complianceCategoryDetail": "Android_ID",
          "deobfApk": "",
          "level": "high",
          "name": "550_api",
          "detail": "Android_ID",
          "complianceCategory": "Android_ID",
          "category": "ComplianceInfo",
          "vulners": [
            {
              "details": {
                "ConstValue": "android_id",
                "position": "<com.alipay.sdk.m.a0.b: java.lang.String m(android.content.Context)>",
                "url": "https://tosv.byted.org/obj/appscan-obj/aux/misc/393537323635353839383635313835550_api.html",
                "target": [
                  "<com.alipay.sdk.m.a0.b: java.lang.String m(android.content.Context)>",
                  "<android.provider.Settings$Secure: java.lang.String getString(android.content.ContentResolver,java.lang.String)>",
                  "android_id"
                ]
              },
              "hash": "6cb7b123789a988c3d19ea58ddcf3c681ff8380c"
            },
            {
              "details": {
                "ConstValue": "android_id",
                "position": "<com.alipay.sdk.m.a0.d: boolean a(android.content.Context)>",
                "url": "https://tosv.byted.org/obj/appscan-obj/aux/misc/393537323635373131343535393135550_api.html",
                "target": [
                  "<com.alipay.sdk.m.a0.d: boolean a(android.content.Context)>",
                  "<android.provider.Settings$Secure: java.lang.String getString(android.content.ContentResolver,java.lang.String)>",
                  "android_id"
                ]
              },
              "hash": "1b239235101e5eb492cd018c92c4054dd868cf51"
            }
          ]
        }
      },
      "serial": {
        "5_api": {
          "complianceCategoryDetail": "serial",
          "deobfApk": "",
          "level": "high",
          "name": "5_api",
          "detail": "序列号",
          "complianceCategory": "serial",
          "category": "ComplianceInfo",
          "vulners": [
            {
              "details": {
                "url": "https://tosv.byted.org/obj/appscan-obj/aux/misc/3935373236303033373734353833335_api.html",
                "position": "<com.alipay.sdk.m.a0.b: java.lang.String o(android.content.Context)>",
                "target": [
                  "<com.alipay.sdk.m.a0.b: java.lang.String o(android.content.Context)>",
                  "$r2_1 = <android.os.Build: java.lang.String SERIAL>"
                ]
              },
              "hash": "ba225f1be1c17a95e12a60c99cc439e530b7ea4b"
            }
          ]
        }
      },
      "IMSI": {
        "316_api": {
          "complianceCategoryDetail": "IMSI",
          "deobfApk": "",
          "level": "high",
          "name": "316_api",
          "detail": "IMSI",
          "complianceCategory": "IMSI",
          "category": "ComplianceInfo",
          "vulners": [
            {
              "details": {
                "url": "https://tosv.byted.org/obj/appscan-obj/aux/misc/393537323634343731313539303736316_api.html",
                "position": "<com.alipay.sdk.m.a0.b: java.lang.String b(android.content.Context)>",
                "target": [
                  "<com.alipay.sdk.m.a0.b: java.lang.String b(android.content.Context)>",
                  "$r2_2 = virtualinvoke $r4.<android.telephony.TelephonyManager: java.lang.String getSubscriberId()>()"
                ]
              },
              "hash": "289dfe38764a4646526476d26f0ec3c5b8bdee10"
            }
          ]
        }
      },
      "ipAddress": {
        "573_api": {
          "complianceCategoryDetail": "ipAddress",
          "deobfApk": "",
          "level": "high",
          "name": "573_api",
          "detail": "IP地址",
          "complianceCategory": "ipAddress",
          "category": "ComplianceInfo",
          "vulners": [
            {
              "details": {
                "url": "https://tosv.byted.org/obj/appscan-obj/aux/misc/393537323636373136363131323632573_api.html",
                "position": "<com.alipay.sdk.m.a0.b: java.lang.String w()>",
                "target": [
                  "<com.alipay.sdk.m.a0.b: java.lang.String w()>",
                  "$r5 = virtualinvoke $r4.<java.net.NetworkInterface: java.util.Enumeration getInetAddresses()>()"
                ]
              },
              "hash": "1d464bcd666c9d080b739b7a5db45924476f0e53"
            }
          ]
        }
      },
      "SSIDBSSID": {
        "555_api": {
          "complianceCategoryDetail": "SSIDBSSID",
          "deobfApk": "",
          "level": "high",
          "name": "555_api",
          "detail": "SSID",
          "complianceCategory": "SSIDBSSID",
          "category": "ComplianceInfo",
          "vulners": [
            {
              "details": {
                "url": "https://tosv.byted.org/obj/appscan-obj/aux/misc/393537323636303632343636353633555_api.html",
                "position": "<com.alipay.sdk.m.m.b: java.lang.String b(com.alipay.sdk.m.s.a,android.content.Context,boolean)>",
                "target": [
                  "<com.alipay.sdk.m.m.b: java.lang.String b(com.alipay.sdk.m.s.a,android.content.Context,boolean)>",
                  "$r3 = virtualinvoke $r2.<android.net.wifi.WifiInfo: java.lang.String getSSID()>()"
                ]
              },
              "hash": "01b308ee68af1705eb9213ce649d11a22cf11eab"
            }
          ]
        },
        "588_api": {
          "complianceCategoryDetail": "SSIDBSSID",
          "deobfApk": "",
          "level": "high",
          "name": "588_api",
          "detail": "SSID",
          "complianceCategory": "SSIDBSSID",
          "category": "ComplianceInfo",
          "vulners": [
            {
              "details": {
                "url": "https://tosv.byted.org/obj/appscan-obj/aux/misc/393537323637313535373235373336588_api.html",
                "position": "<com.alipay.sdk.m.o.a: java.lang.String a(android.content.Context)>",
                "target": [
                  "<com.alipay.sdk.m.o.a: java.lang.String a(android.content.Context)>",
                  "$r2 = virtualinvoke $r1.<android.net.NetworkInfo: java.lang.String getExtraInfo()>()"
                ]
              },
              "hash": "815f6efc9377ca860ef1065316a6bbeaeecf1c22"
            }
          ]
        },
        "557_api": {
          "complianceCategoryDetail": "SSIDBSSID",
          "deobfApk": "",
          "level": "high",
          "name": "557_api",
          "detail": "BSSID",
          "complianceCategory": "SSIDBSSID",
          "category": "ComplianceInfo",
          "vulners": [
            {
              "details": {
                "url": "https://tosv.byted.org/obj/appscan-obj/aux/misc/393537323636323834373231393633557_api.html",
                "position": "<com.alipay.sdk.m.m.b: java.lang.String a(com.alipay.sdk.m.s.a,android.content.Context,boolean)>",
                "target": [
                  "<com.alipay.sdk.m.m.b: java.lang.String a(com.alipay.sdk.m.s.a,android.content.Context,boolean)>",
                  "$r3 = virtualinvoke $r2.<android.net.wifi.WifiInfo: java.lang.String getBSSID()>()"
                ]
              },
              "hash": "55790bd0f9b8126bff8fd802f019be6462ada277"
            }
          ]
        },
        "239_api": {
          "complianceCategoryDetail": "SSIDBSSID",
          "deobfApk": "",
          "level": "high",
          "name": "239_api",
          "detail": "SSID、BSSID",
          "complianceCategory": "SSIDBSSID",
          "category": "ComplianceInfo",
          "vulners": [
            {
              "details": {
                "url": "https://tosv.byted.org/obj/appscan-obj/aux/misc/393537323632333838303930333337239_api.html",
                "position": "<com.alipay.sdk.m.w.b$a: android.net.wifi.WifiInfo call()>",
                "target": [
                  "<com.alipay.sdk.m.w.b$a: android.net.wifi.WifiInfo call()>",
                  "$r4 = virtualinvoke $r3.<android.net.wifi.WifiManager: android.net.wifi.WifiInfo getConnectionInfo()>()"
                ]
              },
              "hash": "4955da3042ebab7f59e4fa7fd24599541f240bd3"
            }
          ]
        }
      },
      "OAID": {
        "498_api": {
          "complianceCategoryDetail": "OAID",
          "deobfApk": "",
          "level": "high",
          "name": "498_api",
          "detail": "OAID",
          "complianceCategory": "OAID",
          "category": "ComplianceInfo",
          "vulners": [
            {
              "details": {
                "position": "<com.alipay.sdk.m.a.a$c: java.lang.String a(android.content.Context,java.lang.String)>",
                "url": "https://tosv.byted.org/obj/appscan-obj/aux/misc/393537323730333336383937343033498_api.html",
                "target": [
                  "<com.alipay.sdk.m.a.a$c: java.lang.String a(android.content.Context,java.lang.String)>->@const_str:action.com.heytap.openid.OPEN_ID_SERVICE",
                  "virtualinvoke $r6.<android.content.Intent: android.content.Intent setAction(java.lang.String)>(\"action.com.heytap.openid.OPEN_ID_SERVICE\")"
                ],
                "entryMethod": "<com.alipay.sdk.m.a.a$c: java.lang.String a(android.content.Context,java.lang.String)>",
                "Source": [
                  "virtualinvoke $r6.<android.content.Intent: android.content.Intent setAction(java.lang.String)>(\"action.com.heytap.openid.OPEN_ID_SERVICE\")"
                ]
              },
              "hash": "ba8cc872e23bdcc76d57aecb9133ab7817a44a6f"
            }
          ]
        },
        "516_api": {
          "complianceCategoryDetail": "OAID",
          "deobfApk": "",
          "level": "high",
          "name": "516_api",
          "detail": "OAID",
          "complianceCategory": "OAID",
          "category": "ComplianceInfo",
          "vulners": [
            {
              "details": {
                "position": "<com.alipay.sdk.m.c.g: java.lang.String a(android.content.Context)>",
                "url": "https://tosv.byted.org/obj/appscan-obj/aux/misc/393537323730353138393834383933516_api.html",
                "target": [
                  "<com.alipay.sdk.m.c.g: java.lang.String a(android.content.Context)>->@const_str:com.samsung.android.deviceidservice.DeviceIdService",
                  "virtualinvoke $r4.<android.content.Intent: android.content.Intent setClassName(java.lang.String,java.lang.String)>(\"com.samsung.android.deviceidservice\", \"com.samsung.android.deviceidservice.DeviceIdService\")"
                ],
                "entryMethod": "<com.alipay.sdk.m.c.g: java.lang.String a(android.content.Context)>",
                "Source": [
                  "virtualinvoke $r4.<android.content.Intent: android.content.Intent setClassName(java.lang.String,java.lang.String)>(\"com.samsung.android.deviceidservice\", \"com.samsung.android.deviceidservice.DeviceIdService\")"
                ]
              },
              "hash": "944986642bceda65368f774b72d398aa0a458d77"
            }
          ]
        },
        "528_api": {
          "complianceCategoryDetail": "OAID",
          "deobfApk": "",
          "level": "high",
          "name": "528_api",
          "detail": "OAID",
          "complianceCategory": "OAID",
          "category": "ComplianceInfo",
          "vulners": [
            {
              "details": {
                "position": "<com.alipay.sdk.m.i0.f: java.lang.String b(android.content.Context,com.alipay.sdk.m.i0.a)>",
                "url": "https://tosv.byted.org/obj/appscan-obj/aux/misc/393537323731303332393030363239528_api.html",
                "target": [
                  "<com.alipay.sdk.m.i0.f: java.lang.String b(android.content.Context,com.alipay.sdk.m.i0.a)>->@const_str:content://com.meizu.flyme.openidsdk/",
                  "<com.alipay.sdk.m.i0.f: java.lang.String b(android.content.Context,com.alipay.sdk.m.i0.a)>->$r6"
                ],
                "entryMethod": "<com.alipay.sdk.m.i0.f: java.lang.String b(android.content.Context,com.alipay.sdk.m.i0.a)>",
                "Source": [
                  "$r6 = staticinvoke <android.net.Uri: android.net.Uri parse(java.lang.String)>(\"content://com.meizu.flyme.openidsdk/\")"
                ],
                "Sink": [
                  "$r9 = virtualinvoke $r8.<android.content.ContentResolver: android.database.Cursor query(android.net.Uri,java.lang.String[],java.lang.String,java.lang.String[],java.lang.String)>($r6, null, null, $r1, null)"
                ]
              },
              "hash": "2ca44f4180fe8d4366fe019d8f61b5ca405d1904"
            },
            {
              "details": {
                "position": "<com.alipay.sdk.m.i0.f: boolean a(android.content.Context)>",
                "url": "https://tosv.byted.org/obj/appscan-obj/aux/misc/393537323731323833323536323031528_api.html",
                "target": [
                  "<com.alipay.sdk.m.i0.f: boolean a(android.content.Context)>->@const_str:content://com.meizu.flyme.openidsdk/",
                  "<com.alipay.sdk.m.i0.f: boolean a(android.content.Context)>->$r2"
                ],
                "entryMethod": "<com.alipay.sdk.m.i0.f: boolean a(android.content.Context)>",
                "Source": [
                  "$r2 = staticinvoke <android.net.Uri: android.net.Uri parse(java.lang.String)>(\"content://com.meizu.flyme.openidsdk/\")"
                ],
                "Sink": [
                  "$r5 = virtualinvoke $r4.<android.content.ContentResolver: android.database.Cursor query(android.net.Uri,java.lang.String[],java.lang.String,java.lang.String[],java.lang.String)>($r2, null, null, $r0, null)"
                ]
              },
              "hash": "7013a1d523bcf59a424f9af1d56b48d0c4f5fafa"
            }
          ]
        },
        "518_api": {
          "complianceCategoryDetail": "OAID",
          "deobfApk": "",
          "level": "high",
          "name": "518_api",
          "detail": "OAID",
          "complianceCategory": "OAID",
          "category": "ComplianceInfo",
          "vulners": [
            {
              "details": {
                "position": "<com.alipay.sdk.m.r0.b: int a(android.content.Context,com.alipay.sdk.m.r0.b$b)>",
                "url": "https://tosv.byted.org/obj/appscan-obj/aux/misc/393537323730373330303132393934518_api.html",
                "target": [
                  "<com.alipay.sdk.m.r0.b: int a(android.content.Context,com.alipay.sdk.m.r0.b$b)>->@const_str:com.zui.deviceidservice.DeviceidService",
                  "virtualinvoke $r3.<android.content.Intent: android.content.Intent setClassName(java.lang.String,java.lang.String)>(\"com.zui.deviceidservice\", \"com.zui.deviceidservice.DeviceidService\")"
                ],
                "entryMethod": "<com.alipay.sdk.m.r0.b: int a(android.content.Context,com.alipay.sdk.m.r0.b$b)>",
                "Source": [
                  "virtualinvoke $r3.<android.content.Intent: android.content.Intent setClassName(java.lang.String,java.lang.String)>(\"com.zui.deviceidservice\", \"com.zui.deviceidservice.DeviceidService\")"
                ]
              },
              "hash": "28c536e0e9d8211af8814b393f4ae6c535566a7c"
            }
          ]
        },
        "530_api": {
          "complianceCategoryDetail": "OAID",
          "deobfApk": "",
          "level": "high",
          "name": "530_api",
          "detail": "OAID",
          "complianceCategory": "OAID",
          "category": "ComplianceInfo",
          "vulners": [
            {
              "details": {
                "position": "<com.alipay.sdk.m.p0.b: java.lang.String a(int,java.lang.String)>",
                "url": "https://tosv.byted.org/obj/appscan-obj/aux/misc/393537323731353337393038383737530_api.html",
                "target": [
                  "<com.alipay.sdk.m.p0.b: java.lang.String a(int,java.lang.String)>->@const_str:content://com.vivo.vms.IdProvider/IdentifierId/OAID",
                  "<com.alipay.sdk.m.p0.b: java.lang.String a(int,java.lang.String)>->$r3_5"
                ],
                "entryMethod": "<com.alipay.sdk.m.p0.b: java.lang.String a(int,java.lang.String)>",
                "Source": [
                  "$r3_5 = staticinvoke <android.net.Uri: android.net.Uri parse(java.lang.String)>(\"content://com.vivo.vms.IdProvider/IdentifierId/OAID\")"
                ],
                "Sink": [
                  "$r7 = virtualinvoke $r6.<android.content.ContentResolver: android.database.Cursor query(android.net.Uri,java.lang.String[],java.lang.String,java.lang.String[],java.lang.String)>($r3_5, null, null, null, null)"
                ]
              },
              "hash": "7b6ca04dcc3c799959a69c92889b1c2d7a159597"
            }
          ]
        }
      },
      "IMEI": {
        "256_api": {
          "complianceCategoryDetail": "IMEI",
          "deobfApk": "",
          "level": "high",
          "name": "256_api",
          "detail": "IMEI",
          "complianceCategory": "IMEI",
          "category": "ComplianceInfo",
          "vulners": [
            {
              "details": {
                "url": "https://tosv.byted.org/obj/appscan-obj/aux/misc/393537323633323438363130363332256_api.html",
                "position": "<com.alipay.sdk.m.a0.b: java.lang.String a(android.content.Context)>",
                "target": [
                  "<com.alipay.sdk.m.a0.b: java.lang.String a(android.content.Context)>",
                  "$r2_2 = virtualinvoke $r4.<android.telephony.TelephonyManager: java.lang.String getDeviceId()>()"
                ]
              },
              "hash": "01f5e408210c3d9b11c12fea5d76dcb21edcea0c"
            },
            {
              "details": {
                "url": "https://tosv.byted.org/obj/appscan-obj/aux/misc/393537323633333932313635333832256_api.html",
                "position": "<com.alipay.sdk.m.a0.d: boolean a(android.content.Context)>",
                "target": [
                  "<com.alipay.sdk.m.a0.d: boolean a(android.content.Context)>",
                  "$r1_3 = virtualinvoke $r3.<android.telephony.TelephonyManager: java.lang.String getDeviceId()>()"
                ]
              },
              "hash": "1b0352bcc67d2a539fb74a72740f594e2b3929c8"
            }
          ]
        },
        "255_api": {
          "complianceCategoryDetail": "IMEI",
          "deobfApk": "",
          "level": "high",
          "name": "255_api",
          "detail": "IMEI",
          "complianceCategory": "IMEI",
          "category": "ComplianceInfo",
          "vulners": [
            {
              "details": {
                "url": "https://tosv.byted.org/obj/appscan-obj/aux/misc/393537323632383237393239353935255_api.html",
                "position": "<com.alipay.sdk.m.a0.b: java.lang.String a(android.content.Context)>",
                "target": [
                  "<com.alipay.sdk.m.a0.b: java.lang.String a(android.content.Context)>",
                  "$r2_2 = virtualinvoke $r4.<android.telephony.TelephonyManager: java.lang.String getDeviceId()>()"
                ]
              },
              "hash": "01f5e408210c3d9b11c12fea5d76dcb21edcea0c"
            },
            {
              "details": {
                "url": "https://tosv.byted.org/obj/appscan-obj/aux/misc/393537323633313331353539363336255_api.html",
                "position": "<com.alipay.sdk.m.a0.d: boolean a(android.content.Context)>",
                "target": [
                  "<com.alipay.sdk.m.a0.d: boolean a(android.content.Context)>",
                  "$r1_3 = virtualinvoke $r3.<android.telephony.TelephonyManager: java.lang.String getDeviceId()>()"
                ]
              },
              "hash": "1b0352bcc67d2a539fb74a72740f594e2b3929c8"
            }
          ]
        }
      },
      "sensor": {
        "311_api": {
          "complianceCategoryDetail": "sensor",
          "deobfApk": "",
          "level": "low",
          "name": "311_api",
          "detail": "传感器",
          "complianceCategory": "sensor",
          "category": "ComplianceInfo",
          "vulners": [
            {
              "details": {
                "url": "https://tosv.byted.org/obj/appscan-obj/aux/misc/393537323633393433373833393539311_api.html",
                "position": "<com.alipay.sdk.m.a0.b: java.lang.String h(android.content.Context)>",
                "target": [
                  "<com.alipay.sdk.m.a0.b: java.lang.String h(android.content.Context)>",
                  "$r3 = virtualinvoke $r2.<android.hardware.SensorManager: java.util.List getSensorList(int)>($i0)"
                ]
              },
              "hash": "b608e3afe1d977b17b31b8a1d6b5a984e6069046"
            },
            {
              "details": {
                "url": "https://tosv.byted.org/obj/appscan-obj/aux/misc/393537323634303732353137313534311_api.html",
                "position": "<com.alipay.sdk.m.a0.b: java.lang.String i(android.content.Context)>",
                "target": [
                  "<com.alipay.sdk.m.a0.b: java.lang.String i(android.content.Context)>",
                  "$r5 = virtualinvoke $r4.<android.hardware.SensorManager: java.util.List getSensorList(int)>($i0)"
                ]
              },
              "hash": "e50dbce5a79d67e30130a69e7c64442c9f459097"
            }
          ]
        }
      },
      "wifi MAC": {
        "559_api": {
          "complianceCategoryDetail": "wifi MAC",
          "deobfApk": "",
          "level": "high",
          "name": "559_api",
          "detail": "WiFi MAC地址",
          "complianceCategory": "wifi MAC",
          "category": "ComplianceInfo",
          "vulners": [
            {
              "details": {
                "url": "https://tosv.byted.org/obj/appscan-obj/aux/misc/393537323636343539313638383537559_api.html",
                "position": "<com.alipay.sdk.m.u.c: void <init>(android.content.Context)>",
                "target": [
                  "<com.alipay.sdk.m.u.c: void <init>(android.content.Context)>",
                  "$r3 = virtualinvoke $r2.<android.net.wifi.WifiInfo: java.lang.String getMacAddress()>()"
                ]
              },
              "hash": "3013566e091e6a48912dc2847b0622f3839d42fa"
            }
          ]
        }
      }
    },
    "DeepLinkInfo": {
      "SmartRouterParameterList": [
        "ap_order_info",
        "ap_session",
        "backisexit",
        "ap_target_packagename",
        "externalPkgName",
        "session",
        "orderSuffix",
        "phonecashier.pay.resultOrderHash",
        "phonecashier.pay.result",
        "scene",
        "phonecashier.pay.hash"
      ],
      "AdsCommandsParameterList": [
        "alipay_trade_no",
        "pay_phase_id",
        "appenv",
        "extern_token",
        "pay_order_id",
        "sid",
        "out_relation_id",
        "app_name",
        "trade_nos",
        "s_id",
        "return_url",
        "payPhaseId",
        "show_url",
        "cid"
      ]
    },
    "JsBridgeInfo": {},
    "UrlRegion": {
      "filter": {},
      "full": {}
    },
    "profiler": "https://tosv.byted.org/obj/appscan-obj/aux/misc/393537323737313839303033303938profiler.json",
    "HTTP_API": [],
    "BasicInfo": {
      "AppInfo": {
        "name": "",
        "size": "0.54MB",
        "package": "com.alipay.sdk",
        "versionName": "15.8.12",
        "versionCode": "1",
        "target_sdk": "",
        "min_sdk": "19",
        "max_sdk": "",
        "sha1": "c3458e192da73633c26d9c14d46b9bc2ade8aa6a"
      },
      "SignInfo": {
        "Is signed v1": false,
        "Is signed v2": false,
        "Is signed v3": false,
        "certs": [],
        "pkeys": []
      },
      "ComponentsInfo": {
        "exportedReceivers": [
          "com.alipay.sdk.m.i0.e"
        ],
        "unExportedActivities": [
          "com.alipay.sdk.app.H5PayActivity",
          "com.alipay.sdk.app.APayEntranceActivity",
          "com.alipay.sdk.app.H5OpenAuthActivity",
          "com.alipay.sdk.app.H5AuthActivity"
        ],
        "exportedActivities": [
          "com.alipay.sdk.app.PayResultActivity",
          "com.alipay.sdk.app.AlipayResultActivity"
        ]
      },
      "PermissionInfo": [
        "android.permission.ACCESS_NETWORK_STATE",
        "android.permission.ACCESS_WIFI_STATE",
        "android.permission.INTERNET"
      ],
      "DeobfApk": ""
    },
    "PermissionUsedDetails": {
      "declaredPermissions": [
        "android.permission.ACCESS_NETWORK_STATE",
        "android.permission.ACCESS_WIFI_STATE",
        "android.permission.INTERNET"
      ],
      "usedPermissions": {
        "android.permission.INTERNET": {
          "level": "normal|instant",
          "description": "Allows applications to open network sockets",
          "positions": [
            "Default"
          ],
          "details": [
            {
              "caller": "N/A",
              "api": "N/A",
              "url": "N/A"
            }
          ]
        }
      },
      "declaredButNoUsed": {
        "android.permission.ACCESS_NETWORK_STATE": {
          "level": "normal|instant",
          "description": "Allows applications to access information about networks"
        },
        "android.permission.ACCESS_WIFI_STATE": {
          "level": "normal",
          "description": "Allows applications to access information about Wi-Fi networks"
        }
      },
      "usedButNotDeclared": {}
    },
    "SDKComplianceList": []
  },
  0
]