[
  {
    "SecurityInfo": {},
    "ComplianceInfo": {
      "screen record": {
        "292_api": {
          "complianceCategoryDetail": "screen record",
          "deobfApk": "",
          "level": "low",
          "name": "292_api",
          "detail": "截屏、录屏",
          "complianceCategory": "screen record",
          "category": "ComplianceInfo",
          "vulners": [
            {
              "details": {
                "url": "https://tosv.byted.org/obj/appscan-obj/aux/misc/393537333338303738313334393032292_api.html",
                "position": "<com.dtf.wish.evidence.EvidenceService: void b()>",
                "target": [
                  "<com.dtf.wish.evidence.EvidenceService: void b()>",
                  "$r4 = virtualinvoke $r3.<android.media.projection.MediaProjectionManager: android.media.projection.MediaProjection getMediaProjection(int,android.content.Intent)>($i0, $r1)"
                ]
              },
              "hash": "230e7db01c8b737df30d09a18d70b45e600d9f2c"
            }
          ]
        }
      },
      "video": {
        "376_api": {
          "complianceCategoryDetail": "video",
          "deobfApk": "",
          "level": "low",
          "name": "376_api",
          "detail": "录音",
          "complianceCategory": "video",
          "category": "ComplianceInfo",
          "vulners": [
            {
              "details": {
                "url": "https://tosv.byted.org/obj/appscan-obj/aux/misc/393537333339343235373131393331376_api.html",
                "position": "<wishverify.p$b: void run()>",
                "target": [
                  "<wishverify.p$b: void run()>",
                  "$i2_9 = virtualinvoke $r4_3.<android.media.AudioRecord: int read(java.nio.ByteBuffer,int)>($r8, 1024)"
                ]
              },
              "hash": "63fc96d5b960dc087f9583e3dc80a38272649bf9"
            },
            {
              "details": {
                "url": "https://tosv.byted.org/obj/appscan-obj/aux/misc/393537333339353938373534333036376_api.html",
                "position": "<wishverify.h: void d()>",
                "target": [
                  "<wishverify.h: void d()>",
                  "$i0_3 = virtualinvoke $r9.<android.media.AudioRecord: int read(byte[],int,int)>($r1, 0, $i0_2)"
                ]
              },
              "hash": "61a8dc30ff78d685c17d3fb3786f775d4401958b"
            }
          ]
        },
        "377_api": {
          "complianceCategoryDetail": "video",
          "deobfApk": "",
          "level": "low",
          "name": "377_api",
          "detail": "录音",
          "complianceCategory": "video",
          "category": "ComplianceInfo",
          "vulners": [
            {
              "details": {
                "url": "https://tosv.byted.org/obj/appscan-obj/aux/misc/393537333339383130333737393136377_api.html",
                "position": "<wishverify.p$b: void run()>",
                "target": [
                  "<wishverify.p$b: void run()>",
                  "$i2_9 = virtualinvoke $r4_3.<android.media.AudioRecord: int read(java.nio.ByteBuffer,int)>($r8, 1024)"
                ]
              },
              "hash": "63fc96d5b960dc087f9583e3dc80a38272649bf9"
            },
            {
              "details": {
                "url": "https://tosv.byted.org/obj/appscan-obj/aux/misc/393537333339393836373638313133377_api.html",
                "position": "<wishverify.h: void d()>",
                "target": [
                  "<wishverify.h: void d()>",
                  "$i0_3 = virtualinvoke $r9.<android.media.AudioRecord: int read(byte[],int,int)>($r1, 0, $i0_2)"
                ]
              },
              "hash": "61a8dc30ff78d685c17d3fb3786f775d4401958b"
            }
          ]
        },
        "375_api": {
          "complianceCategoryDetail": "video",
          "deobfApk": "",
          "level": "low",
          "name": "375_api",
          "detail": "录音",
          "complianceCategory": "video",
          "category": "ComplianceInfo",
          "vulners": [
            {
              "details": {
                "url": "https://tosv.byted.org/obj/appscan-obj/aux/misc/393537333339303039373336343531375_api.html",
                "position": "<wishverify.p$b: void run()>",
                "target": [
                  "<wishverify.p$b: void run()>",
                  "$i2_9 = virtualinvoke $r4_3.<android.media.AudioRecord: int read(java.nio.ByteBuffer,int)>($r8, 1024)"
                ]
              },
              "hash": "63fc96d5b960dc087f9583e3dc80a38272649bf9"
            },
            {
              "details": {
                "url": "https://tosv.byted.org/obj/appscan-obj/aux/misc/393537333339333033313338373430375_api.html",
                "position": "<wishverify.h: void d()>",
                "target": [
                  "<wishverify.h: void d()>",
                  "$i0_3 = virtualinvoke $r9.<android.media.AudioRecord: int read(byte[],int,int)>($r1, 0, $i0_2)"
                ]
              },
              "hash": "61a8dc30ff78d685c17d3fb3786f775d4401958b"
            }
          ]
        },
        "378_api": {
          "complianceCategoryDetail": "video",
          "deobfApk": "",
          "level": "low",
          "name": "378_api",
          "detail": "录音",
          "complianceCategory": "video",
          "category": "ComplianceInfo",
          "vulners": [
            {
              "details": {
                "url": "https://tosv.byted.org/obj/appscan-obj/aux/misc/393537333430323333363235383238378_api.html",
                "position": "<wishverify.p$b: void run()>",
                "target": [
                  "<wishverify.p$b: void run()>",
                  "$i2_9 = virtualinvoke $r4_3.<android.media.AudioRecord: int read(java.nio.ByteBuffer,int)>($r8, 1024)"
                ]
              },
              "hash": "63fc96d5b960dc087f9583e3dc80a38272649bf9"
            },
            {
              "details": {
                "url": "https://tosv.byted.org/obj/appscan-obj/aux/misc/393537333430353735323339343038378_api.html",
                "position": "<wishverify.h: void d()>",
                "target": [
                  "<wishverify.h: void d()>",
                  "$i0_3 = virtualinvoke $r9.<android.media.AudioRecord: int read(byte[],int,int)>($r1, 0, $i0_2)"
                ]
              },
              "hash": "61a8dc30ff78d685c17d3fb3786f775d4401958b"
            }
          ]
        },
        "403_api": {
          "complianceCategoryDetail": "video",
          "deobfApk": "",
          "level": "low",
          "name": "403_api",
          "detail": "录音",
          "complianceCategory": "video",
          "category": "ComplianceInfo",
          "vulners": [
            {
              "details": {
                "url": "https://tosv.byted.org/obj/appscan-obj/aux/misc/393537333432323135343139303031403_api.html",
                "position": "<com.dtf.voice.api.VoiceFacade: void cancelRecord()>",
                "target": [
                  "<com.dtf.voice.api.VoiceFacade: void cancelRecord()>",
                  "virtualinvoke $r4_4.<android.media.AudioRecord: void release()>()"
                ]
              },
              "hash": "e5d2a8a744c344d674c6e9eb49c220863713f78d"
            },
            {
              "details": {
                "url": "https://tosv.byted.org/obj/appscan-obj/aux/misc/393537333432333436363433373134403_api.html",
                "position": "<wishverify.h: void b()>",
                "target": [
                  "<wishverify.h: void b()>",
                  "virtualinvoke $r1_4.<android.media.AudioRecord: void release()>()"
                ]
              },
              "hash": "83a130579581159adf0c49f87b33cf6da082a384"
            },
            {
              "details": {
                "url": "https://tosv.byted.org/obj/appscan-obj/aux/misc/393537333432353136393530343831403_api.html",
                "position": "<wishverify.h: void a(java.lang.String,int,int,int)>",
                "target": [
                  "<wishverify.h: void a(java.lang.String,int,int,int)>",
                  "virtualinvoke $r3.<android.media.AudioRecord: void release()>()"
                ]
              },
              "hash": "ddc949a8ffeb949a2bbf9f8117a69ceed791c034"
            },
            {
              "details": {
                "url": "https://tosv.byted.org/obj/appscan-obj/aux/misc/393537333432373630373730323132403_api.html",
                "position": "<wishverify.p$b: void run()>",
                "target": [
                  "<wishverify.p$b: void run()>",
                  "virtualinvoke $r2_2.<android.media.AudioRecord: void release()>()"
                ]
              },
              "hash": "431f94ecabcc87649ed67174762438b33d891b55"
            }
          ]
        },
        "470_api": {
          "complianceCategoryDetail": "video",
          "deobfApk": "",
          "level": "low",
          "name": "470_api",
          "detail": "录音",
          "complianceCategory": "video",
          "category": "ComplianceInfo",
          "vulners": [
            {
              "details": {
                "url": "https://tosv.byted.org/obj/appscan-obj/aux/misc/393537333434313137343236373334470_api.html",
                "position": "<wishverify.h: void a(java.lang.String,int,int,int)>",
                "target": [
                  "<wishverify.h: void a(java.lang.String,int,int,int)>",
                  "virtualinvoke $r3_3.<android.media.AudioRecord: void startRecording()>()"
                ]
              },
              "hash": "10d338ff47aa8da40feff39a24f9757c09f3f842"
            },
            {
              "details": {
                "url": "https://tosv.byted.org/obj/appscan-obj/aux/misc/393537333434323631303236303935470_api.html",
                "position": "<wishverify.p$b: void run()>",
                "target": [
                  "<wishverify.p$b: void run()>",
                  "virtualinvoke $r2_5.<android.media.AudioRecord: void startRecording()>()"
                ]
              },
              "hash": "82a155b55db3f9c083fa28fdf1bb6097e074e218"
            }
          ]
        },
        "379_api": {
          "complianceCategoryDetail": "video",
          "deobfApk": "",
          "level": "low",
          "name": "379_api",
          "detail": "录音",
          "complianceCategory": "video",
          "category": "ComplianceInfo",
          "vulners": [
            {
              "details": {
                "url": "https://tosv.byted.org/obj/appscan-obj/aux/misc/393537333430383030323330343530379_api.html",
                "position": "<wishverify.p$b: void run()>",
                "target": [
                  "<wishverify.p$b: void run()>",
                  "$i2_9 = virtualinvoke $r4_3.<android.media.AudioRecord: int read(java.nio.ByteBuffer,int)>($r8, 1024)"
                ]
              },
              "hash": "63fc96d5b960dc087f9583e3dc80a38272649bf9"
            },
            {
              "details": {
                "url": "https://tosv.byted.org/obj/appscan-obj/aux/misc/393537333431303632383435323236379_api.html",
                "position": "<wishverify.h: void d()>",
                "target": [
                  "<wishverify.h: void d()>",
                  "$i0_3 = virtualinvoke $r9.<android.media.AudioRecord: int read(byte[],int,int)>($r1, 0, $i0_2)"
                ]
              },
              "hash": "61a8dc30ff78d685c17d3fb3786f775d4401958b"
            }
          ]
        },
        "380_api": {
          "complianceCategoryDetail": "video",
          "deobfApk": "",
          "level": "low",
          "name": "380_api",
          "detail": "录音",
          "complianceCategory": "video",
          "category": "ComplianceInfo",
          "vulners": [
            {
              "details": {
                "url": "https://tosv.byted.org/obj/appscan-obj/aux/misc/393537333431313937323533323733380_api.html",
                "position": "<wishverify.p$b: void run()>",
                "target": [
                  "<wishverify.p$b: void run()>",
                  "$i2_9 = virtualinvoke $r4_3.<android.media.AudioRecord: int read(java.nio.ByteBuffer,int)>($r8, 1024)"
                ]
              },
              "hash": "63fc96d5b960dc087f9583e3dc80a38272649bf9"
            },
            {
              "details": {
                "url": "https://tosv.byted.org/obj/appscan-obj/aux/misc/393537333431353432383538393739380_api.html",
                "position": "<wishverify.h: void d()>",
                "target": [
                  "<wishverify.h: void d()>",
                  "$i0_3 = virtualinvoke $r9.<android.media.AudioRecord: int read(byte[],int,int)>($r1, 0, $i0_2)"
                ]
              },
              "hash": "61a8dc30ff78d685c17d3fb3786f775d4401958b"
            }
          ]
        },
        "476_api": {
          "complianceCategoryDetail": "video",
          "deobfApk": "",
          "level": "low",
          "name": "476_api",
          "detail": "录音",
          "complianceCategory": "video",
          "category": "ComplianceInfo",
          "vulners": [
            {
              "details": {
                "url": "https://tosv.byted.org/obj/appscan-obj/aux/misc/393537333434353839363533383632476_api.html",
                "position": "<com.dtf.voice.api.VoiceFacade: void cancelRecord()>",
                "target": [
                  "<com.dtf.voice.api.VoiceFacade: void cancelRecord()>",
                  "virtualinvoke $r4_2.<android.media.AudioRecord: void stop()>()"
                ]
              },
              "hash": "5e3849ddb061c47766189e9244aaa40a5bfce5cd"
            },
            {
              "details": {
                "url": "https://tosv.byted.org/obj/appscan-obj/aux/misc/393537333434373236373838353736476_api.html",
                "position": "<wishverify.h: void b()>",
                "target": [
                  "<wishverify.h: void b()>",
                  "virtualinvoke $r1_2.<android.media.AudioRecord: void stop()>()"
                ]
              },
              "hash": "13636b08ad29d5cad2b5f2a2986db9dd2935b7d3"
            },
            {
              "details": {
                "url": "https://tosv.byted.org/obj/appscan-obj/aux/misc/393537333434383638343635303737476_api.html",
                "position": "<wishverify.p$b: void run()>",
                "target": [
                  "<wishverify.p$b: void run()>",
                  "virtualinvoke $r4_3.<android.media.AudioRecord: void stop()>()"
                ]
              },
              "hash": "6b331f6c76a51d768f0299a483af469a844420eb"
            }
          ]
        },
        "381_api": {
          "complianceCategoryDetail": "video",
          "deobfApk": "",
          "level": "low",
          "name": "381_api",
          "detail": "录音",
          "complianceCategory": "video",
          "category": "ComplianceInfo",
          "vulners": [
            {
              "details": {
                "url": "https://tosv.byted.org/obj/appscan-obj/aux/misc/393537333431373632333637383238381_api.html",
                "position": "<wishverify.p$b: void run()>",
                "target": [
                  "<wishverify.p$b: void run()>",
                  "$i2_9 = virtualinvoke $r4_3.<android.media.AudioRecord: int read(java.nio.ByteBuffer,int)>($r8, 1024)"
                ]
              },
              "hash": "63fc96d5b960dc087f9583e3dc80a38272649bf9"
            },
            {
              "details": {
                "url": "https://tosv.byted.org/obj/appscan-obj/aux/misc/393537333431393835383234323932381_api.html",
                "position": "<wishverify.h: void d()>",
                "target": [
                  "<wishverify.h: void d()>",
                  "$i0_3 = virtualinvoke $r9.<android.media.AudioRecord: int read(byte[],int,int)>($r1, 0, $i0_2)"
                ]
              },
              "hash": "61a8dc30ff78d685c17d3fb3786f775d4401958b"
            }
          ]
        },
        "469_api": {
          "complianceCategoryDetail": "video",
          "deobfApk": "",
          "level": "low",
          "name": "469_api",
          "detail": "录音",
          "complianceCategory": "video",
          "category": "ComplianceInfo",
          "vulners": [
            {
              "details": {
                "url": "https://tosv.byted.org/obj/appscan-obj/aux/misc/393537333433343539373731333737469_api.html",
                "position": "<wishverify.h: void a(java.lang.String,int,int,int)>",
                "target": [
                  "<wishverify.h: void a(java.lang.String,int,int,int)>",
                  "virtualinvoke $r3_3.<android.media.AudioRecord: void startRecording()>()"
                ]
              },
              "hash": "10d338ff47aa8da40feff39a24f9757c09f3f842"
            },
            {
              "details": {
                "url": "https://tosv.byted.org/obj/appscan-obj/aux/misc/393537333433353835353635383436469_api.html",
                "position": "<wishverify.p$b: void run()>",
                "target": [
                  "<wishverify.p$b: void run()>",
                  "virtualinvoke $r2_5.<android.media.AudioRecord: void startRecording()>()"
                ]
              },
              "hash": "82a155b55db3f9c083fa28fdf1bb6097e074e218"
            }
          ]
        }
      }
    },
    "DeepLinkInfo": {},
    "JsBridgeInfo": {},
    "UrlRegion": {
      "filter": {},
      "full": {}
    },
    "profiler": "https://tosv.byted.org/obj/appscan-obj/aux/misc/393537333436363136383730353230profiler.json",
    "HTTP_API": [],
    "BasicInfo": {
      "AppInfo": {
        "name": "",
        "size": "0.47MB",
        "package": "com.dtf.wish",
        "versionName": null,
        "versionCode": null,
        "target_sdk": "28",
        "min_sdk": "18",
        "max_sdk": "",
        "sha1": "e53cbc89797354ce3b7aaf1cece042a8900a1200"
      },
      "SignInfo": {
        "Is signed v1": false,
        "Is signed v2": false,
        "Is signed v3": false,
        "certs": [],
        "pkeys": []
      },
      "ComponentsInfo": {
        "unExportedServices": [
          "com.dtf.wish.evidence.EvidenceService"
        ]
      },
      "PermissionInfo": [
        "android.permission.RECORD_AUDIO",
        "android.permission.FOREGROUND_SERVICE"
      ],
      "DeobfApk": ""
    },
    "PermissionUsedDetails": {
      "declaredPermissions": [
        "android.permission.RECORD_AUDIO",
        "android.permission.FOREGROUND_SERVICE"
      ],
      "usedPermissions": {},
      "declaredButNoUsed": {
        "android.permission.RECORD_AUDIO": {
          "level": "dangerous|instant",
          "description": "Allows an application to record audio"
        },
        "android.permission.FOREGROUND_SERVICE": {
          "level": "normal|instant",
          "description": "Allows a regular application to use android.app.Service#startForeground Service.startForeground"
        }
      },
      "usedButNotDeclared": {}
    },
    "SDKComplianceList": []
  },
  0
]