[
  {
    "SecurityInfo": {},
    "ComplianceInfo": {
      "carrier info": {
        "299_api": {
          "complianceCategoryDetail": "carrier info",
          "deobfApk": "",
          "level": "low",
          "name": "299_api",
          "detail": "获取移动网络类型，比如GSM、CDMA、LTE等。可能会被照明弹记录。",
          "complianceCategory": "carrier info",
          "category": "ComplianceInfo",
          "vulners": [
            {
              "details": {
                "url": "https://tosv.byted.org/obj/appscan-obj/aux/misc/393537353736333039323532393937299_api.html",
                "position": "<com.dtf.face.log.RecordService: void init(android.content.Context,java.lang.String)>",
                "target": [
                  "<com.dtf.face.log.RecordService: void init(android.content.Context,java.lang.String)>",
                  "$i0 = virtualinvoke $r12.<android.telephony.TelephonyManager: int getNetworkType()>()"
                ]
              },
              "hash": "79c63c6b206a443d6a47f67cf358acbae4be8aa7"
            }
          ]
        }
      },
      "camera": {
        "54_api": {
          "complianceCategoryDetail": "camera",
          "deobfApk": "",
          "level": "low",
          "name": "54_api",
          "detail": "使用相机",
          "complianceCategory": "camera",
          "category": "ComplianceInfo",
          "vulners": [
            {
              "details": {
                "url": "https://tosv.byted.org/obj/appscan-obj/aux/misc/39353735373131333937393432383554_api.html",
                "position": "<faceverify.h: void stopCamera()>",
                "target": [
                  "<faceverify.h: void stopCamera()>",
                  "virtualinvoke $r2_1.<android.hardware.Camera: void release()>()"
                ]
              },
              "hash": "347260b812a82978d9fd2d0eb1211d928901b3cf"
            }
          ]
        },
        "73_api": {
          "complianceCategoryDetail": "camera",
          "deobfApk": "",
          "level": "low",
          "name": "73_api",
          "detail": "使用相机",
          "complianceCategory": "camera",
          "category": "ComplianceInfo",
          "vulners": [
            {
              "details": {
                "url": "https://tosv.byted.org/obj/appscan-obj/aux/misc/39353735373434383139313137363473_api.html",
                "position": "<faceverify.h: void takePhoto(com.dtf.face.camera.ICameraTakePicture)>",
                "target": [
                  "<faceverify.h: void takePhoto(com.dtf.face.camera.ICameraTakePicture)>",
                  "virtualinvoke $r1.<android.hardware.Camera: void takePicture(android.hardware.Camera$ShutterCallback,android.hardware.Camera$PictureCallback,android.hardware.Camera$PictureCallback)>(null, null, $r2)"
                ]
              },
              "hash": "de1597d73884e8716c2e2ecf1dbada740a1680e9"
            }
          ]
        },
        "60_api": {
          "complianceCategoryDetail": "camera",
          "deobfApk": "",
          "level": "low",
          "name": "60_api",
          "detail": "使用相机",
          "complianceCategory": "camera",
          "category": "ComplianceInfo",
          "vulners": [
            {
              "details": {
                "url": "https://tosv.byted.org/obj/appscan-obj/aux/misc/39353735373137383533313731333960_api.html",
                "position": "<faceverify.h: void lockCameraWhiteBalanceAndExposure()>",
                "target": [
                  "<faceverify.h: void lockCameraWhiteBalanceAndExposure()>",
                  "virtualinvoke $r3_2.<android.hardware.Camera: void setParameters(android.hardware.Camera$Parameters)>($r2)"
                ]
              },
              "hash": "d16949147c09041dd2aa44c6c36107eac1efcc56"
            },
            {
              "details": {
                "url": "https://tosv.byted.org/obj/appscan-obj/aux/misc/39353735373139373539343232353260_api.html",
                "position": "<faceverify.h: void unlockCameraWhiteBalanceAndExposure()>",
                "target": [
                  "<faceverify.h: void unlockCameraWhiteBalanceAndExposure()>",
                  "virtualinvoke $r3_2.<android.hardware.Camera: void setParameters(android.hardware.Camera$Parameters)>($r2)"
                ]
              },
              "hash": "26ee4a11629183c77b46f853d3b7a45ab97c04b0"
            },
            {
              "details": {
                "url": "https://tosv.byted.org/obj/appscan-obj/aux/misc/39353735373231373338303535343760_api.html",
                "position": "<faceverify.h: void turnOnTakePhotoFlash()>",
                "target": [
                  "<faceverify.h: void turnOnTakePhotoFlash()>",
                  "virtualinvoke $r2_1.<android.hardware.Camera: void setParameters(android.hardware.Camera$Parameters)>($r1)"
                ]
              },
              "hash": "c94b38589b8867261fb4dab0de8110873b7dcb4d"
            },
            {
              "details": {
                "url": "https://tosv.byted.org/obj/appscan-obj/aux/misc/39353735373234303631303235323860_api.html",
                "position": "<faceverify.h: boolean a(int)>",
                "target": [
                  "<faceverify.h: boolean a(int)>",
                  "virtualinvoke $r1_1.<android.hardware.Camera: void setParameters(android.hardware.Camera$Parameters)>($r3_1)"
                ]
              },
              "hash": "85310d04efb63cc522386989d07fd10bfc9a104d"
            },
            {
              "details": {
                "url": "https://tosv.byted.org/obj/appscan-obj/aux/misc/39353735373235323132323535303260_api.html",
                "position": "<faceverify.h: void turnOffTakePhotoFlash()>",
                "target": [
                  "<faceverify.h: void turnOffTakePhotoFlash()>",
                  "virtualinvoke $r2_1.<android.hardware.Camera: void setParameters(android.hardware.Camera$Parameters)>($r1)"
                ]
              },
              "hash": "5b65f9187d4cb9e570fa070667f237c2de1a2e5d"
            }
          ]
        },
        "67_api": {
          "complianceCategoryDetail": "camera",
          "deobfApk": "",
          "level": "low",
          "name": "67_api",
          "detail": "使用相机",
          "complianceCategory": "camera",
          "category": "ComplianceInfo",
          "vulners": [
            {
              "details": {
                "url": "https://tosv.byted.org/obj/appscan-obj/aux/misc/39353735373333303336333739323167_api.html",
                "position": "<com.dtf.face.ui.toyger.FaceShowPresenter: void cleanAndRetryFaceScan()>",
                "target": [
                  "<com.dtf.face.ui.toyger.FaceShowPresenter: void cleanAndRetryFaceScan()>",
                  "virtualinvoke $r3_1.<android.hardware.Camera: void startPreview()>()"
                ]
              },
              "hash": "66f5e93b73d581f49218a371e4a8cf69679ab2ef"
            },
            {
              "details": {
                "url": "https://tosv.byted.org/obj/appscan-obj/aux/misc/39353735373334343834373035313067_api.html",
                "position": "<faceverify.h$b: void onPictureTaken(byte[],android.hardware.Camera)>",
                "target": [
                  "<faceverify.h$b: void onPictureTaken(byte[],android.hardware.Camera)>",
                  "virtualinvoke $r3_1.<android.hardware.Camera: void startPreview()>()"
                ]
              },
              "hash": "b3f99e2c59c12e19a65dee1cd407508c3370dca0"
            },
            {
              "details": {
                "url": "https://tosv.byted.org/obj/appscan-obj/aux/misc/39353735373335373236373336353967_api.html",
                "position": "<faceverify.h: void startPreview(android.view.SurfaceHolder,float,int,int)>",
                "target": [
                  "<faceverify.h: void startPreview(android.view.SurfaceHolder,float,int,int)>",
                  "virtualinvoke $r3_4.<android.hardware.Camera: void startPreview()>()"
                ]
              },
              "hash": "65bd14f94c718a16899a6c4f93fb6fe100bf6f25"
            }
          ]
        },
        "51_api": {
          "complianceCategoryDetail": "camera",
          "deobfApk": "",
          "level": "low",
          "name": "51_api",
          "detail": "使用相机",
          "complianceCategory": "camera",
          "category": "ComplianceInfo",
          "vulners": [
            {
              "details": {
                "url": "https://tosv.byted.org/obj/appscan-obj/aux/misc/39353735363938353937383138363951_api.html",
                "position": "<faceverify.h: void lockCameraWhiteBalanceAndExposure()>",
                "target": [
                  "<faceverify.h: void lockCameraWhiteBalanceAndExposure()>",
                  "$r2 = virtualinvoke $r3_1.<android.hardware.Camera: android.hardware.Camera$Parameters getParameters()>()"
                ]
              },
              "hash": "c5afd7c56b66f5103da4e06bbfe670d8af3b2f63"
            },
            {
              "details": {
                "url": "https://tosv.byted.org/obj/appscan-obj/aux/misc/39353735373030373436343739383151_api.html",
                "position": "<faceverify.h: void unlockCameraWhiteBalanceAndExposure()>",
                "target": [
                  "<faceverify.h: void unlockCameraWhiteBalanceAndExposure()>",
                  "$r2 = virtualinvoke $r3_1.<android.hardware.Camera: android.hardware.Camera$Parameters getParameters()>()"
                ]
              },
              "hash": "40a6cdc7538fa6a70c0666fbc558ea4ff1056f8f"
            },
            {
              "details": {
                "url": "https://tosv.byted.org/obj/appscan-obj/aux/misc/39353735373032343831343035363051_api.html",
                "position": "<faceverify.h: void turnOnTakePhotoFlash()>",
                "target": [
                  "<faceverify.h: void turnOnTakePhotoFlash()>",
                  "$r1 = virtualinvoke $r2.<android.hardware.Camera: android.hardware.Camera$Parameters getParameters()>()"
                ]
              },
              "hash": "6ba827f837e620724017e84dabdc70176b014640"
            },
            {
              "details": {
                "url": "https://tosv.byted.org/obj/appscan-obj/aux/misc/39353735373037353131353938353751_api.html",
                "position": "<faceverify.h: boolean a(int)>",
                "target": [
                  "<faceverify.h: boolean a(int)>",
                  "$r3 = virtualinvoke $r1.<android.hardware.Camera: android.hardware.Camera$Parameters getParameters()>()"
                ]
              },
              "hash": "5317c39d12fcd2ab6c25783ee0921ae2c870d029"
            },
            {
              "details": {
                "url": "https://tosv.byted.org/obj/appscan-obj/aux/misc/39353735373039343130303531353851_api.html",
                "position": "<faceverify.h: void turnOffTakePhotoFlash()>",
                "target": [
                  "<faceverify.h: void turnOffTakePhotoFlash()>",
                  "$r1 = virtualinvoke $r2.<android.hardware.Camera: android.hardware.Camera$Parameters getParameters()>()"
                ]
              },
              "hash": "0fa8f185fd7a69df915415e3a1d0331de329c83b"
            }
          ]
        },
        "56_api": {
          "complianceCategoryDetail": "camera",
          "deobfApk": "",
          "level": "low",
          "name": "56_api",
          "detail": "使用相机",
          "complianceCategory": "camera",
          "category": "ComplianceInfo",
          "vulners": [
            {
              "details": {
                "url": "https://tosv.byted.org/obj/appscan-obj/aux/misc/39353735373133303332343934313456_api.html",
                "position": "<faceverify.h: void a()>",
                "target": [
                  "<faceverify.h: void a()>",
                  "virtualinvoke $r7.<android.hardware.Camera: void setDisplayOrientation(int)>($i0_9)"
                ]
              },
              "hash": "3811e8216c90cc0825201e7f54bb34840af586a5"
            }
          ]
        },
        "43_api": {
          "complianceCategoryDetail": "camera",
          "deobfApk": "",
          "level": "low",
          "name": "43_api",
          "detail": "使用相机",
          "complianceCategory": "camera",
          "category": "ComplianceInfo",
          "vulners": [
            {
              "details": {
                "url": "https://tosv.byted.org/obj/appscan-obj/aux/misc/39353735363931333832323236313843_api.html",
                "position": "<com.dtf.face.ui.FaceLoadingActivity: void init()>",
                "target": [
                  "<com.dtf.face.ui.FaceLoadingActivity: void init()>",
                  "$i0_1 = staticinvoke <android.hardware.Camera: int getNumberOfCameras()>()"
                ]
              },
              "hash": "0847e0c84c8589507216cdd97f6655b49dc30f32"
            },
            {
              "details": {
                "url": "https://tosv.byted.org/obj/appscan-obj/aux/misc/39353735363933353939303632373043_api.html",
                "position": "<faceverify.h: void startCamera()>",
                "target": [
                  "<faceverify.h: void startCamera()>",
                  "$i1_1 = staticinvoke <android.hardware.Camera: int getNumberOfCameras()>()"
                ]
              },
              "hash": "151620030b10cda7d707b4dc50e64e783a4dae50"
            }
          ]
        },
        "45_api": {
          "complianceCategoryDetail": "camera",
          "deobfApk": "",
          "level": "low",
          "name": "45_api",
          "detail": "使用相机",
          "complianceCategory": "camera",
          "category": "ComplianceInfo",
          "vulners": [
            {
              "details": {
                "url": "https://tosv.byted.org/obj/appscan-obj/aux/misc/39353735363936363934353334393945_api.html",
                "position": "<faceverify.h: boolean a(int)>",
                "target": [
                  "<faceverify.h: boolean a(int)>",
                  "$r1 = staticinvoke <android.hardware.Camera: android.hardware.Camera open(int)>($i0)"
                ]
              },
              "hash": "6b27ab80f762c34bbe1a5d84d5dc715bd6e3db45"
            }
          ]
        },
        "42_api": {
          "complianceCategoryDetail": "camera",
          "deobfApk": "",
          "level": "low",
          "name": "42_api",
          "detail": "使用相机",
          "complianceCategory": "camera",
          "category": "ComplianceInfo",
          "vulners": [
            {
              "details": {
                "url": "https://tosv.byted.org/obj/appscan-obj/aux/misc/39353735363832393530323839373542_api.html",
                "position": "<faceverify.h: int a(com.dtf.face.config.DeviceSetting)>",
                "target": [
                  "<faceverify.h: int a(com.dtf.face.config.DeviceSetting)>",
                  "staticinvoke <android.hardware.Camera: void getCameraInfo(int,android.hardware.Camera$CameraInfo)>($i0, $r2)"
                ]
              },
              "hash": "6c5a88ef084307d648b04e48a752e4e95c739e4d"
            },
            {
              "details": {
                "url": "https://tosv.byted.org/obj/appscan-obj/aux/misc/39353735363836313131353636333142_api.html",
                "position": "<com.dtf.face.ui.FaceLoadingActivity: void init()>",
                "target": [
                  "<com.dtf.face.ui.FaceLoadingActivity: void init()>",
                  "staticinvoke <android.hardware.Camera: void getCameraInfo(int,android.hardware.Camera$CameraInfo)>($i0_6, $r4)"
                ]
              },
              "hash": "e235bb771a62729b1119f2e141a9a860a4a7db7b"
            },
            {
              "details": {
                "url": "https://tosv.byted.org/obj/appscan-obj/aux/misc/39353735363837363632353336333542_api.html",
                "position": "<faceverify.h: int getCameraPictureAngle()>",
                "target": [
                  "<faceverify.h: int getCameraPictureAngle()>",
                  "staticinvoke <android.hardware.Camera: void getCameraInfo(int,android.hardware.Camera$CameraInfo)>($i0, $r1)"
                ]
              },
              "hash": "cf88599518f5a0cc0f5940719cd9b70ec2dc6726"
            },
            {
              "details": {
                "url": "https://tosv.byted.org/obj/appscan-obj/aux/misc/39353735363839363235353232313842_api.html",
                "position": "<faceverify.h: void startCamera()>",
                "target": [
                  "<faceverify.h: void startCamera()>",
                  "staticinvoke <android.hardware.Camera: void getCameraInfo(int,android.hardware.Camera$CameraInfo)>($i0_1, $r4_6)"
                ]
              },
              "hash": "4c90d7a90fb2b26701212cccc897f63157f48dc3"
            }
          ]
        },
        "72_api": {
          "complianceCategoryDetail": "camera",
          "deobfApk": "",
          "level": "low",
          "name": "72_api",
          "detail": "使用相机",
          "complianceCategory": "camera",
          "category": "ComplianceInfo",
          "vulners": [
            {
              "details": {
                "url": "https://tosv.byted.org/obj/appscan-obj/aux/misc/39353735373432303333373733383072_api.html",
                "position": "<faceverify.h: void takePhoto(com.dtf.face.camera.ICameraTakePicture)>",
                "target": [
                  "<faceverify.h: void takePhoto(com.dtf.face.camera.ICameraTakePicture)>",
                  "virtualinvoke $r1.<android.hardware.Camera: void takePicture(android.hardware.Camera$ShutterCallback,android.hardware.Camera$PictureCallback,android.hardware.Camera$PictureCallback)>(null, null, $r2)"
                ]
              },
              "hash": "de1597d73884e8716c2e2ecf1dbada740a1680e9"
            }
          ]
        },
        "61_api": {
          "complianceCategoryDetail": "camera",
          "deobfApk": "",
          "level": "low",
          "name": "61_api",
          "detail": "使用相机",
          "complianceCategory": "camera",
          "category": "ComplianceInfo",
          "vulners": [
            {
              "details": {
                "url": "https://tosv.byted.org/obj/appscan-obj/aux/misc/39353735373236373131303934313461_api.html",
                "position": "<faceverify.h: void stopPreview()>",
                "target": [
                  "<faceverify.h: void stopPreview()>",
                  "virtualinvoke $r2_2.<android.hardware.Camera: void setPreviewCallback(android.hardware.Camera$PreviewCallback)>(null)"
                ]
              },
              "hash": "195484d3d53ee971335134e842e7e1581632d0e6"
            },
            {
              "details": {
                "url": "https://tosv.byted.org/obj/appscan-obj/aux/misc/39353735373238393737393039303661_api.html",
                "position": "<faceverify.h: void startPreview(android.view.SurfaceHolder,float,int,int)>",
                "target": [
                  "<faceverify.h: void startPreview(android.view.SurfaceHolder,float,int,int)>",
                  "virtualinvoke $r3_3.<android.hardware.Camera: void setPreviewCallback(android.hardware.Camera$PreviewCallback)>($r4)"
                ]
              },
              "hash": "cc70cdb55184bc54521bbb455a21fa50937e1408"
            }
          ]
        },
        "63_api": {
          "complianceCategoryDetail": "camera",
          "deobfApk": "",
          "level": "low",
          "name": "63_api",
          "detail": "使用相机",
          "complianceCategory": "camera",
          "category": "ComplianceInfo",
          "vulners": [
            {
              "details": {
                "url": "https://tosv.byted.org/obj/appscan-obj/aux/misc/39353735373330363539313439353263_api.html",
                "position": "<faceverify.h: void startPreview(android.view.SurfaceHolder,float,int,int)>",
                "target": [
                  "<faceverify.h: void startPreview(android.view.SurfaceHolder,float,int,int)>",
                  "virtualinvoke $r3_1.<android.hardware.Camera: void setPreviewDisplay(android.view.SurfaceHolder)>($r1)"
                ]
              },
              "hash": "e58d57f92a8cf956ebf644d791933bcc0979afee"
            }
          ]
        },
        "44_api": {
          "complianceCategoryDetail": "camera",
          "deobfApk": "",
          "level": "low",
          "name": "44_api",
          "detail": "使用相机",
          "complianceCategory": "camera",
          "category": "ComplianceInfo",
          "vulners": [
            {
              "details": {
                "url": "https://tosv.byted.org/obj/appscan-obj/aux/misc/39353735363934383738353038313644_api.html",
                "position": "<faceverify.h: boolean a(int)>",
                "target": [
                  "<faceverify.h: boolean a(int)>",
                  "$r1 = staticinvoke <android.hardware.Camera: android.hardware.Camera open(int)>($i0)"
                ]
              },
              "hash": "6b27ab80f762c34bbe1a5d84d5dc715bd6e3db45"
            }
          ]
        },
        "59_api": {
          "complianceCategoryDetail": "camera",
          "deobfApk": "",
          "level": "low",
          "name": "59_api",
          "detail": "使用相机",
          "complianceCategory": "camera",
          "category": "ComplianceInfo",
          "vulners": [
            {
              "details": {
                "url": "https://tosv.byted.org/obj/appscan-obj/aux/misc/39353735373135393433343437343559_api.html",
                "position": "<faceverify.h: void stopPreview()>",
                "target": [
                  "<faceverify.h: void stopPreview()>",
                  "virtualinvoke $r2_1.<android.hardware.Camera: void setOneShotPreviewCallback(android.hardware.Camera$PreviewCallback)>(null)"
                ]
              },
              "hash": "178a51ce2b3c0651e3a6d5cc95211de5ccd601aa"
            }
          ]
        },
        "70_api": {
          "complianceCategoryDetail": "camera",
          "deobfApk": "",
          "level": "low",
          "name": "70_api",
          "detail": "使用相机",
          "complianceCategory": "camera",
          "category": "ComplianceInfo",
          "vulners": [
            {
              "details": {
                "url": "https://tosv.byted.org/obj/appscan-obj/aux/misc/39353735373337333839383935363970_api.html",
                "position": "<faceverify.h: void stopPreview()>",
                "target": [
                  "<faceverify.h: void stopPreview()>",
                  "virtualinvoke $r2_3.<android.hardware.Camera: void stopPreview()>()"
                ]
              },
              "hash": "56f29c7603aecbab486d762cf39b9349e88971cb"
            },
            {
              "details": {
                "url": "https://tosv.byted.org/obj/appscan-obj/aux/misc/39353735373430353431393430393670_api.html",
                "position": "<com.dtf.face.ui.toyger.FaceShowPresenter: void onPause()>",
                "target": [
                  "<com.dtf.face.ui.toyger.FaceShowPresenter: void onPause()>",
                  "virtualinvoke $r7_1.<android.hardware.Camera: void stopPreview()>()"
                ]
              },
              "hash": "e0e758523a3ca7a61cfddcb74c621eee3eba20fd"
            }
          ]
        }
      }
    },
    "DeepLinkInfo": {
      "SmartRouterParameterList": [
        "FINISH_WITH_EXCEPTION",
        "comeFrom",
        "ext_params_key_screen_orientation"
      ]
    },
    "JsBridgeInfo": {},
    "UrlRegion": {
      "filter": {},
      "full": {}
    },
    "profiler": "https://tosv.byted.org/obj/appscan-obj/aux/misc/393537353831323631323134343831profiler.json",
    "HTTP_API": [],
    "BasicInfo": {
      "AppInfo": {
        "name": "",
        "size": "3.09MB",
        "package": "com.dtf.face.verify",
        "versionName": "1.0.0",
        "versionCode": "1",
        "target_sdk": "26",
        "min_sdk": "18",
        "max_sdk": "",
        "sha1": "67b0f2c4cee0df66c02dcadb086a6171bd3594bc"
      },
      "SignInfo": {
        "Is signed v1": false,
        "Is signed v2": false,
        "Is signed v3": false,
        "certs": [],
        "pkeys": []
      },
      "ComponentsInfo": {
        "unExportedActivities": [
          "com.dtf.face.ui.ToygerLandActivity",
          "com.dtf.face.ui.ToygerPortActivity",
          "com.dtf.face.ui.FaceLoadingActivity",
          "com.dtf.face.ui.ToygerActivity"
        ]
      },
      "PermissionInfo": [
        "android.permission.ACCESS_NETWORK_STATE",
        "android.permission.INTERNET",
        "android.permission.CAMERA"
      ],
      "DeobfApk": ""
    },
    "PermissionUsedDetails": {
      "declaredPermissions": [
        "android.permission.ACCESS_NETWORK_STATE",
        "android.permission.INTERNET",
        "android.permission.CAMERA"
      ],
      "usedPermissions": {
        "android.permission.INTERNET": {
          "level": "normal|instant",
          "description": "Allows applications to open network sockets",
          "positions": [
            "Default"
          ],
          "details": [
            {
              "caller": "N/A",
              "api": "N/A",
              "url": "N/A"
            }
          ]
        }
      },
      "declaredButNoUsed": {
        "android.permission.ACCESS_NETWORK_STATE": {
          "level": "normal|instant",
          "description": "Allows applications to access information about networks"
        },
        "android.permission.CAMERA": {
          "level": "dangerous|instant",
          "description": "Required to be able to access the camera device. This will automatically enforce the uses-feature manifest element for all camera features. If you do not require all camera features or can properly operate if a camera is not available, then you must modify your manifest as appropriate in order to install on devices that don't support all camera features"
        }
      },
      "usedButNotDeclared": {}
    },
    "SDKComplianceList": []
  },
  0
]