[
  {
    "SecurityInfo": {},
    "ComplianceInfo": {},
    "DeepLinkInfo": {
      "SmartRouterParameterList": [
        "takePhotoFront"
      ]
    },
    "JsBridgeInfo": {},
    "UrlRegion": {
      "filter": {},
      "full": {}
    },
    "profiler": "https://tosv.byted.org/obj/appscan-obj/aux/misc/393537323932303339353234343233profiler.json",
    "HTTP_API": [],
    "BasicInfo": {
      "AppInfo": {
        "name": "",
        "size": "0.2MB",
        "package": "com.dtf.face.ocr",
        "versionName": "1.000000",
        "versionCode": "1",
        "target_sdk": "29",
        "min_sdk": "18",
        "max_sdk": "",
        "sha1": "fd35263e501997bc12f7a0b7958aebd2681c8f2d"
      },
      "SignInfo": {
        "Is signed v1": false,
        "Is signed v2": false,
        "Is signed v3": false,
        "certs": [],
        "pkeys": []
      },
      "ComponentsInfo": {
        "unExportedActivities": [
          "com.dtf.face.ocr.ui.OcrGuideFaceActivity",
          "com.dtf.face.ocr.ui.OcrGuideBaseActivity",
          "com.dtf.face.ocr.ui.OcrTakePhotoActivity",
          "com.dtf.face.ocr.ui.OcrGuideBackActivity",
          "com.dtf.face.ocr.ui.OcrGuideFrontActivity"
        ]
      },
      "PermissionInfo": [],
      "DeobfApk": ""
    },
    "PermissionUsedDetails": {
      "declaredPermissions": [],
      "usedPermissions": {},
      "declaredButNoUsed": {},
      "usedButNotDeclared": {}
    },
    "SDKComplianceList": []
  },
  0
]