[
  {
    "SecurityInfo": {},
    "ComplianceInfo": {
      "sensor": {
        "394_api": {
          "complianceCategoryDetail": "sensor",
          "deobfApk": "",
          "level": "low",
          "name": "394_api",
          "detail": "传感器",
          "complianceCategory": "sensor",
          "category": "ComplianceInfo",
          "vulners": [
            {
              "details": {
                "url": "https://tosv.byted.org/obj/appscan-obj/aux/misc/393537383030323237353632313337394_api.html",
                "position": "<com.dtf.face.photinus.LightSensorListener: void <init>(android.content.Context)>",
                "target": [
                  "<com.dtf.face.photinus.LightSensorListener: void <init>(android.content.Context)>",
                  "virtualinvoke r3_1.<android.hardware.SensorManager: boolean registerListener(android.hardware.SensorEventListener,android.hardware.Sensor,int)>(r0, $r4, 0)"
                ]
              },
              "hash": "f97811c0805ae94cb2005b3b346e638bc6ee56e2"
            }
          ]
        },
        "395_api": {
          "complianceCategoryDetail": "sensor",
          "deobfApk": "",
          "level": "low",
          "name": "395_api",
          "detail": "传感器",
          "complianceCategory": "sensor",
          "category": "ComplianceInfo",
          "vulners": [
            {
              "details": {
                "url": "https://tosv.byted.org/obj/appscan-obj/aux/misc/393537383030343236343134363239395_api.html",
                "position": "<com.dtf.face.photinus.LightSensorListener: void <init>(android.content.Context)>",
                "target": [
                  "<com.dtf.face.photinus.LightSensorListener: void <init>(android.content.Context)>",
                  "virtualinvoke r3_1.<android.hardware.SensorManager: boolean registerListener(android.hardware.SensorEventListener,android.hardware.Sensor,int)>(r0, $r4, 0)"
                ]
              },
              "hash": "f97811c0805ae94cb2005b3b346e638bc6ee56e2"
            }
          ]
        },
        "393_api": {
          "complianceCategoryDetail": "sensor",
          "deobfApk": "",
          "level": "low",
          "name": "393_api",
          "detail": "传感器",
          "complianceCategory": "sensor",
          "category": "ComplianceInfo",
          "vulners": [
            {
              "details": {
                "url": "https://tosv.byted.org/obj/appscan-obj/aux/misc/393537383030303935383031353231393_api.html",
                "position": "<com.dtf.face.photinus.LightSensorListener: void <init>(android.content.Context)>",
                "target": [
                  "<com.dtf.face.photinus.LightSensorListener: void <init>(android.content.Context)>",
                  "virtualinvoke r3_1.<android.hardware.SensorManager: boolean registerListener(android.hardware.SensorEventListener,android.hardware.Sensor,int)>(r0, $r4, 0)"
                ]
              },
              "hash": "f97811c0805ae94cb2005b3b346e638bc6ee56e2"
            }
          ]
        },
        "397_api": {
          "complianceCategoryDetail": "sensor",
          "deobfApk": "",
          "level": "low",
          "name": "397_api",
          "detail": "传感器",
          "complianceCategory": "sensor",
          "category": "ComplianceInfo",
          "vulners": [
            {
              "details": {
                "url": "https://tosv.byted.org/obj/appscan-obj/aux/misc/393537383031303131383539333836397_api.html",
                "position": "<com.dtf.face.photinus.LightSensorListener: void <init>(android.content.Context)>",
                "target": [
                  "<com.dtf.face.photinus.LightSensorListener: void <init>(android.content.Context)>",
                  "virtualinvoke r3_1.<android.hardware.SensorManager: boolean registerListener(android.hardware.SensorEventListener,android.hardware.Sensor,int)>(r0, $r4, 0)"
                ]
              },
              "hash": "f97811c0805ae94cb2005b3b346e638bc6ee56e2"
            }
          ]
        },
        "396_api": {
          "complianceCategoryDetail": "sensor",
          "deobfApk": "",
          "level": "low",
          "name": "396_api",
          "detail": "传感器",
          "complianceCategory": "sensor",
          "category": "ComplianceInfo",
          "vulners": [
            {
              "details": {
                "url": "https://tosv.byted.org/obj/appscan-obj/aux/misc/393537383030363636333732383034396_api.html",
                "position": "<com.dtf.face.photinus.LightSensorListener: void <init>(android.content.Context)>",
                "target": [
                  "<com.dtf.face.photinus.LightSensorListener: void <init>(android.content.Context)>",
                  "virtualinvoke r3_1.<android.hardware.SensorManager: boolean registerListener(android.hardware.SensorEventListener,android.hardware.Sensor,int)>(r0, $r4, 0)"
                ]
              },
              "hash": "f97811c0805ae94cb2005b3b346e638bc6ee56e2"
            }
          ]
        },
        "398_api": {
          "complianceCategoryDetail": "sensor",
          "deobfApk": "",
          "level": "low",
          "name": "398_api",
          "detail": "传感器",
          "complianceCategory": "sensor",
          "category": "ComplianceInfo",
          "vulners": [
            {
              "details": {
                "url": "https://tosv.byted.org/obj/appscan-obj/aux/misc/393537383031323337333837323430398_api.html",
                "position": "<com.dtf.face.photinus.LightSensorListener: void <init>(android.content.Context)>",
                "target": [
                  "<com.dtf.face.photinus.LightSensorListener: void <init>(android.content.Context)>",
                  "virtualinvoke r3_1.<android.hardware.SensorManager: boolean registerListener(android.hardware.SensorEventListener,android.hardware.Sensor,int)>(r0, $r4, 0)"
                ]
              },
              "hash": "f97811c0805ae94cb2005b3b346e638bc6ee56e2"
            }
          ]
        }
      },
      "camera": {
        "72_api": {
          "complianceCategoryDetail": "camera",
          "deobfApk": "",
          "level": "low",
          "name": "72_api",
          "detail": "使用相机",
          "complianceCategory": "camera",
          "category": "ComplianceInfo",
          "vulners": [
            {
              "details": {
                "url": "https://tosv.byted.org/obj/appscan-obj/aux/misc/39353737393732323235393736373472_api.html",
                "position": "<com.dtf.face.photinus.PhotinusEmulator: void takePhoto(android.hardware.Camera,android.content.Context)>",
                "target": [
                  "<com.dtf.face.photinus.PhotinusEmulator: void takePhoto(android.hardware.Camera,android.content.Context)>",
                  "virtualinvoke $r1.<android.hardware.Camera: void takePicture(android.hardware.Camera$ShutterCallback,android.hardware.Camera$PictureCallback,android.hardware.Camera$PictureCallback)>(null, null, $r7)"
                ]
              },
              "hash": "344154bf5feb9b5414b0d4ab1235f73ee834cb17"
            }
          ]
        },
        "73_api": {
          "complianceCategoryDetail": "camera",
          "deobfApk": "",
          "level": "low",
          "name": "73_api",
          "detail": "使用相机",
          "complianceCategory": "camera",
          "category": "ComplianceInfo",
          "vulners": [
            {
              "details": {
                "url": "https://tosv.byted.org/obj/appscan-obj/aux/misc/39353737393734313631363137333073_api.html",
                "position": "<com.dtf.face.photinus.PhotinusEmulator: void takePhoto(android.hardware.Camera,android.content.Context)>",
                "target": [
                  "<com.dtf.face.photinus.PhotinusEmulator: void takePhoto(android.hardware.Camera,android.content.Context)>",
                  "virtualinvoke $r1.<android.hardware.Camera: void takePicture(android.hardware.Camera$ShutterCallback,android.hardware.Camera$PictureCallback,android.hardware.Camera$PictureCallback)>(null, null, $r7)"
                ]
              },
              "hash": "344154bf5feb9b5414b0d4ab1235f73ee834cb17"
            }
          ]
        },
        "51_api": {
          "complianceCategoryDetail": "camera",
          "deobfApk": "",
          "level": "low",
          "name": "51_api",
          "detail": "使用相机",
          "complianceCategory": "camera",
          "category": "ComplianceInfo",
          "vulners": [
            {
              "details": {
                "url": "https://tosv.byted.org/obj/appscan-obj/aux/misc/39353737393636333731363936373551_api.html",
                "position": "<com.dtf.face.photinus.PhotinusEmulator$3: void onPictureTaken(byte[],android.hardware.Camera)>",
                "target": [
                  "<com.dtf.face.photinus.PhotinusEmulator$3: void onPictureTaken(byte[],android.hardware.Camera)>",
                  "$r11_1 = virtualinvoke $r2.<android.hardware.Camera: android.hardware.Camera$Parameters getParameters()>()"
                ]
              },
              "hash": "b0a8273aff19cf566c347a439d516aeb5093ad49"
            }
          ]
        }
      }
    },
    "DeepLinkInfo": {},
    "JsBridgeInfo": {},
    "UrlRegion": {
      "filter": {},
      "full": {}
    },
    "profiler": "https://tosv.byted.org/obj/appscan-obj/aux/misc/393537383133353234313133343030profiler.json",
    "HTTP_API": [],
    "BasicInfo": {
      "AppInfo": {
        "name": "",
        "size": "0.03MB",
        "package": "com.dtf.face.photinus",
        "versionName": "1.000000",
        "versionCode": "1",
        "target_sdk": "29",
        "min_sdk": "18",
        "max_sdk": "",
        "sha1": "21e71ffa4cc619e6ba3b37a4f41451164360db7a"
      },
      "SignInfo": {
        "Is signed v1": false,
        "Is signed v2": false,
        "Is signed v3": false,
        "certs": [],
        "pkeys": []
      },
      "ComponentsInfo": {},
      "PermissionInfo": [],
      "DeobfApk": ""
    },
    "PermissionUsedDetails": {
      "declaredPermissions": [],
      "usedPermissions": {},
      "declaredButNoUsed": {},
      "usedButNotDeclared": {}
    },
    "SDKComplianceList": []
  },
  0
]