[
  {
    "SecurityInfo": {},
    "ComplianceInfo": {
      "carrier info": {
        "299_api": {
          "complianceCategoryDetail": "carrier info",
          "deobfApk": "",
          "level": "low",
          "name": "299_api",
          "detail": "获取移动网络类型，比如GSM、CDMA、LTE等。可能会被照明弹记录。",
          "complianceCategory": "carrier info",
          "category": "ComplianceInfo",
          "vulners": [
            {
              "details": {
                "url": "https://tosv.byted.org/obj/appscan-obj/aux/misc/393537373533303036303231343634299_api.html",
                "position": "<com.amap.api.mapcore2d.cu: int G(android.content.Context)>",
                "target": [
                  "<com.amap.api.mapcore2d.cu: int G(android.content.Context)>",
                  "$i0_2 = virtualinvoke $r2.<android.telephony.TelephonyManager: int getNetworkType()>()"
                ]
              },
              "hash": "b5aef858c6c7c6219d6b1914aa4de1f5af26b94e"
            },
            {
              "details": {
                "url": "https://tosv.byted.org/obj/appscan-obj/aux/misc/393537373533353734363935303033299_api.html",
                "position": "<com.amap.api.mapcore2d.gy: java.lang.String b(android.telephony.TelephonyManager)>",
                "target": [
                  "<com.amap.api.mapcore2d.gy: java.lang.String b(android.telephony.TelephonyManager)>",
                  "$i0_2 = virtualinvoke $r0.<android.telephony.TelephonyManager: int getNetworkType()>()"
                ]
              },
              "hash": "aa5edbe56ab7bbb7d6accf46ff7a279403adb04f"
            }
          ]
        }
      },
      "wifi": {
        "471_api": {
          "complianceCategoryDetail": "wifi",
          "deobfApk": "",
          "level": "low",
          "name": "471_api",
          "detail": "执行WiFi扫描，可能会被照明弹记录",
          "complianceCategory": "wifi",
          "category": "ComplianceInfo",
          "vulners": [
            {
              "details": {
                "url": "https://tosv.byted.org/obj/appscan-obj/aux/misc/393537373633323833353231373131471_api.html",
                "position": "<com.amap.api.mapcore2d.go: boolean m()>",
                "target": [
                  "<com.amap.api.mapcore2d.go: boolean m()>",
                  "$z0_1 = virtualinvoke $r1_1.<android.net.wifi.WifiManager: boolean startScan()>()"
                ]
              },
              "hash": "4a2b1a7dc83a98f1493596b281ec132b3a020894"
            }
          ]
        }
      },
      "serial": {
        "5_api": {
          "complianceCategoryDetail": "serial",
          "deobfApk": "",
          "level": "high",
          "name": "5_api",
          "detail": "序列号",
          "complianceCategory": "serial",
          "category": "ComplianceInfo",
          "vulners": [
            {
              "details": {
                "url": "https://tosv.byted.org/obj/appscan-obj/aux/misc/3935373734373230373332353035335_api.html",
                "position": "<com.amap.api.mapcore2d.cu: java.lang.String i(android.content.Context)>",
                "target": [
                  "<com.amap.api.mapcore2d.cu: java.lang.String i(android.content.Context)>",
                  "$r2_4 = <android.os.Build: java.lang.String SERIAL>"
                ]
              },
              "hash": "9fe6a3905f75f742aaa7d4530b8f3eeb34bb3171"
            }
          ]
        }
      },
      "telephone number": {
        "347_api": {
          "complianceCategoryDetail": "telephone number",
          "deobfApk": "",
          "level": "high",
          "name": "347_api",
          "detail": "手机号",
          "complianceCategory": "telephone number",
          "category": "ComplianceInfo",
          "vulners": [
            {
              "details": {
                "ConstValue": "16",
                "position": "<com.amap.api.mapcore2d.gn: void k()>",
                "url": "https://tosv.byted.org/obj/appscan-obj/aux/misc/393537373536333131363336323538347_api.html",
                "target": [
                  "<com.amap.api.mapcore2d.gn: void k()>",
                  "<android.telephony.TelephonyManager: void listen(android.telephony.PhoneStateListener,int)>",
                  "16"
                ]
              },
              "hash": "3072b2549279f7f7136e1020d482a34a666eb382"
            }
          ]
        }
      },
      "IMSI": {
        "316_api": {
          "complianceCategoryDetail": "IMSI",
          "deobfApk": "",
          "level": "high",
          "name": "316_api",
          "detail": "IMSI",
          "complianceCategory": "IMSI",
          "category": "ComplianceInfo",
          "vulners": [
            {
              "details": {
                "url": "https://tosv.byted.org/obj/appscan-obj/aux/misc/393537373535343934363335373539316_api.html",
                "position": "<com.amap.api.mapcore2d.gs: void a(android.content.Context,boolean,boolean,com.amap.api.mapcore2d.gn,com.amap.api.mapcore2d.go,android.net.ConnectivityManager,java.lang.String)>",
                "target": [
                  "<com.amap.api.mapcore2d.gs: void a(android.content.Context,boolean,boolean,com.amap.api.mapcore2d.gn,com.amap.api.mapcore2d.go,android.net.ConnectivityManager,java.lang.String)>",
                  "$r8_9 = virtualinvoke $r11.<android.telephony.TelephonyManager: java.lang.String getSubscriberId()>()"
                ]
              },
              "hash": "4da93c1aed5273b5055521e6ddb5d767fb67e40a"
            }
          ]
        }
      },
      "SSIDBSSID": {
        "309_api": {
          "complianceCategoryDetail": "SSIDBSSID",
          "deobfApk": "",
          "level": "high",
          "name": "309_api",
          "detail": "SSID、BSSID",
          "complianceCategory": "SSIDBSSID",
          "category": "ComplianceInfo",
          "vulners": [
            {
              "details": {
                "url": "https://tosv.byted.org/obj/appscan-obj/aux/misc/393537373534313934353935303534309_api.html",
                "position": "<com.amap.api.mapcore2d.cu: java.lang.String l(android.content.Context)>",
                "target": [
                  "<com.amap.api.mapcore2d.cu: java.lang.String l(android.content.Context)>",
                  "$r5 = virtualinvoke $r4.<android.net.wifi.WifiManager: java.util.List getScanResults()>()"
                ]
              },
              "hash": "7252cde61c19bdcad4094f523b7beeab1feb4783"
            },
            {
              "details": {
                "url": "https://tosv.byted.org/obj/appscan-obj/aux/misc/393537373534383834323239383633309_api.html",
                "position": "<com.amap.api.mapcore2d.go: java.util.List j()>",
                "target": [
                  "<com.amap.api.mapcore2d.go: java.util.List j()>",
                  "$r3 = virtualinvoke $r2.<android.net.wifi.WifiManager: java.util.List getScanResults()>()"
                ]
              },
              "hash": "ebdbf2fd844250db3955d470636403b289e6804e"
            }
          ]
        },
        "555_api": {
          "complianceCategoryDetail": "SSIDBSSID",
          "deobfApk": "",
          "level": "high",
          "name": "555_api",
          "detail": "SSID",
          "complianceCategory": "SSIDBSSID",
          "category": "ComplianceInfo",
          "vulners": [
            {
              "details": {
                "url": "https://tosv.byted.org/obj/appscan-obj/aux/misc/393537373633393235323539353736555_api.html",
                "position": "<com.amap.api.mapcore2d.go: boolean a(android.net.wifi.WifiInfo)>",
                "target": [
                  "<com.amap.api.mapcore2d.go: boolean a(android.net.wifi.WifiInfo)>",
                  "$r1 = virtualinvoke $r0.<android.net.wifi.WifiInfo: java.lang.String getSSID()>()"
                ]
              },
              "hash": "fdc1182c46125d4de284fd63dea1106a6abc226f"
            },
            {
              "details": {
                "url": "https://tosv.byted.org/obj/appscan-obj/aux/misc/393537373634303538333236313733555_api.html",
                "position": "<com.amap.api.mapcore2d.gs: void a(android.content.Context,boolean,boolean,com.amap.api.mapcore2d.gn,com.amap.api.mapcore2d.go,android.net.ConnectivityManager,java.lang.String)>",
                "target": [
                  "<com.amap.api.mapcore2d.gs: void a(android.content.Context,boolean,boolean,com.amap.api.mapcore2d.gn,com.amap.api.mapcore2d.go,android.net.ConnectivityManager,java.lang.String)>",
                  "$r27_1 = virtualinvoke $r26.<android.net.wifi.WifiInfo: java.lang.String getSSID()>()"
                ]
              },
              "hash": "ebeb891516c1abe11a9645856af93d8a58d129c0"
            }
          ]
        },
        "502_api": {
          "complianceCategoryDetail": "SSIDBSSID",
          "deobfApk": "",
          "level": "high",
          "name": "502_api",
          "detail": "SSID、BSSID",
          "complianceCategory": "SSIDBSSID",
          "category": "ComplianceInfo",
          "vulners": [
            {
              "details": {
                "position": "<com.amap.api.mapcore2d.gi: void c()>",
                "url": "https://tosv.byted.org/obj/appscan-obj/aux/misc/393537373737353737363935353834502_api.html",
                "target": [
                  "<com.amap.api.mapcore2d.gi: void c()>->@const_str:android.net.wifi.SCAN_RESULTS",
                  "<com.amap.api.mapcore2d.gi: void c()>->$r2"
                ],
                "entryMethod": "<com.amap.api.mapcore2d.gi: void c()>",
                "Source": [
                  "virtualinvoke $r2.<android.content.IntentFilter: void addAction(java.lang.String)>(\"android.net.wifi.SCAN_RESULTS\")"
                ],
                "Sink": [
                  "virtualinvoke $r3.<android.content.Context: android.content.Intent registerReceiver(android.content.BroadcastReceiver,android.content.IntentFilter)>($r1_3, $r2)"
                ]
              },
              "hash": "5f4d17837c170662af506d022cf7b91b0ca4c32f"
            }
          ]
        },
        "574_api": {
          "complianceCategoryDetail": "SSIDBSSID",
          "deobfApk": "",
          "level": "high",
          "name": "574_api",
          "detail": "BSSID",
          "complianceCategory": "SSIDBSSID",
          "category": "ComplianceInfo",
          "vulners": [
            {
              "details": {
                "url": "https://tosv.byted.org/obj/appscan-obj/aux/misc/393537373635363232373135313238574_api.html",
                "position": "<com.amap.api.mapcore2d.cu: java.lang.String e()>",
                "target": [
                  "<com.amap.api.mapcore2d.cu: java.lang.String e()>",
                  "$r6_2 = virtualinvoke $r4.<java.net.NetworkInterface: byte[] getHardwareAddress()>()"
                ]
              },
              "hash": "c657ea6706bfb18f8bbfd487a92c497715e2be3f"
            }
          ]
        },
        "588_api": {
          "complianceCategoryDetail": "SSIDBSSID",
          "deobfApk": "",
          "level": "high",
          "name": "588_api",
          "detail": "SSID",
          "complianceCategory": "SSIDBSSID",
          "category": "ComplianceInfo",
          "vulners": [
            {
              "details": {
                "url": "https://tosv.byted.org/obj/appscan-obj/aux/misc/393537373733393035343432323134588_api.html",
                "position": "<com.amap.api.mapcore2d.cu: java.lang.String t(android.content.Context)>",
                "target": [
                  "<com.amap.api.mapcore2d.cu: java.lang.String t(android.content.Context)>",
                  "$r2 = virtualinvoke $r1.<android.net.NetworkInfo: java.lang.String getExtraInfo()>()"
                ]
              },
              "hash": "8ad636a21906c4508b613f798a6cc657e5599c41"
            }
          ]
        },
        "557_api": {
          "complianceCategoryDetail": "SSIDBSSID",
          "deobfApk": "",
          "level": "high",
          "name": "557_api",
          "detail": "BSSID",
          "complianceCategory": "SSIDBSSID",
          "category": "ComplianceInfo",
          "vulners": [
            {
              "details": {
                "url": "https://tosv.byted.org/obj/appscan-obj/aux/misc/393537373634343734313430373938557_api.html",
                "position": "<com.amap.api.mapcore2d.cu: java.lang.String k(android.content.Context)>",
                "target": [
                  "<com.amap.api.mapcore2d.cu: java.lang.String k(android.content.Context)>",
                  "$r1_2 = virtualinvoke $r5.<android.net.wifi.WifiInfo: java.lang.String getBSSID()>()"
                ]
              },
              "hash": "411f3f0ffb30761ecbf783fc314953409dfc55da"
            },
            {
              "details": {
                "url": "https://tosv.byted.org/obj/appscan-obj/aux/misc/393537373634353934313936323530557_api.html",
                "position": "<com.amap.api.mapcore2d.go: boolean a(android.net.wifi.WifiInfo)>",
                "target": [
                  "<com.amap.api.mapcore2d.go: boolean a(android.net.wifi.WifiInfo)>",
                  "$r1_1 = virtualinvoke $r0.<android.net.wifi.WifiInfo: java.lang.String getBSSID()>()"
                ]
              },
              "hash": "3e9cea25c40fec48a6a60a6d1cc81724f3840e3a"
            },
            {
              "details": {
                "url": "https://tosv.byted.org/obj/appscan-obj/aux/misc/393537373634393639343934303131557_api.html",
                "position": "<com.amap.api.mapcore2d.gs: void a(android.content.Context,boolean,boolean,com.amap.api.mapcore2d.gn,com.amap.api.mapcore2d.go,android.net.ConnectivityManager,java.lang.String)>",
                "target": [
                  "<com.amap.api.mapcore2d.gs: void a(android.content.Context,boolean,boolean,com.amap.api.mapcore2d.gn,com.amap.api.mapcore2d.go,android.net.ConnectivityManager,java.lang.String)>",
                  "$r27 = virtualinvoke $r26.<android.net.wifi.WifiInfo: java.lang.String getBSSID()>()"
                ]
              },
              "hash": "1c42dd36401690fcf02a793ceb6b41678bdfe87a"
            }
          ]
        },
        "239_api": {
          "complianceCategoryDetail": "SSIDBSSID",
          "deobfApk": "",
          "level": "high",
          "name": "239_api",
          "detail": "SSID、BSSID",
          "complianceCategory": "SSIDBSSID",
          "category": "ComplianceInfo",
          "vulners": [
            {
              "details": {
                "url": "https://tosv.byted.org/obj/appscan-obj/aux/misc/393537373531363130303431353032239_api.html",
                "position": "<com.amap.api.mapcore2d.go: android.net.wifi.WifiInfo k()>",
                "target": [
                  "<com.amap.api.mapcore2d.go: android.net.wifi.WifiInfo k()>",
                  "$r1 = virtualinvoke $r2_1.<android.net.wifi.WifiManager: android.net.wifi.WifiInfo getConnectionInfo()>()"
                ]
              },
              "hash": "31d2293db21d187b0b4a531a21552b5492ee822d"
            },
            {
              "details": {
                "url": "https://tosv.byted.org/obj/appscan-obj/aux/misc/393537373531393434353038363936239_api.html",
                "position": "<com.amap.api.mapcore2d.cu: java.lang.String k(android.content.Context)>",
                "target": [
                  "<com.amap.api.mapcore2d.cu: java.lang.String k(android.content.Context)>",
                  "$r5 = virtualinvoke $r4.<android.net.wifi.WifiManager: android.net.wifi.WifiInfo getConnectionInfo()>()"
                ]
              },
              "hash": "85f4c887b6ddfb67f014d6691c33d8323f4486ee"
            },
            {
              "details": {
                "url": "https://tosv.byted.org/obj/appscan-obj/aux/misc/393537373532313331303939363039239_api.html",
                "position": "<com.amap.api.mapcore2d.go: boolean a(android.net.ConnectivityManager)>",
                "target": [
                  "<com.amap.api.mapcore2d.go: boolean a(android.net.ConnectivityManager)>",
                  "$r4 = virtualinvoke $r2.<android.net.wifi.WifiManager: android.net.wifi.WifiInfo getConnectionInfo()>()"
                ]
              },
              "hash": "a7e5e007ba0b263da8e7bb6466d08f29a5143589"
            },
            {
              "details": {
                "url": "https://tosv.byted.org/obj/appscan-obj/aux/misc/393537373532333431343535363634239_api.html",
                "position": "<com.amap.api.mapcore2d.cu: java.lang.String m(android.content.Context)>",
                "target": [
                  "<com.amap.api.mapcore2d.cu: java.lang.String m(android.content.Context)>",
                  "$r5 = virtualinvoke $r4.<android.net.wifi.WifiManager: android.net.wifi.WifiInfo getConnectionInfo()>()"
                ]
              },
              "hash": "e60cb9a9fd50d9f13c94738396cfc1f18bfe9d89"
            }
          ]
        }
      },
      "location": {
        "417_api": {
          "complianceCategoryDetail": "location",
          "deobfApk": "",
          "level": "low",
          "name": "417_api",
          "detail": "位置信息",
          "complianceCategory": "location",
          "category": "ComplianceInfo",
          "vulners": [
            {
              "details": {
                "url": "https://tosv.byted.org/obj/appscan-obj/aux/misc/393537373632343135353737383438417_api.html",
                "position": "<com.amap.api.mapcore2d.ga: void f()>",
                "target": [
                  "<com.amap.api.mapcore2d.ga: void f()>",
                  "virtualinvoke $r6_3.<android.location.LocationManager: void requestLocationUpdates(java.lang.String,long,float,android.location.LocationListener,android.os.Looper)>(\"gps\", 800L, 0.0F, $r1, $r2_3)"
                ]
              },
              "hash": "7c97d6d902bcf8cc28ee33da2df5a4d1b405a820"
            }
          ]
        },
        "587_api": {
          "complianceCategoryDetail": "location",
          "deobfApk": "",
          "level": "high",
          "name": "587_api",
          "detail": "基站ID",
          "complianceCategory": "location",
          "category": "ComplianceInfo",
          "vulners": [
            {
              "details": {
                "url": "https://tosv.byted.org/obj/appscan-obj/aux/misc/393537373733353831333739383138587_api.html",
                "position": "<com.amap.api.mapcore2d.cu: java.lang.String[] n(android.content.Context)>",
                "target": [
                  "<com.amap.api.mapcore2d.cu: java.lang.String[] n(android.content.Context)>",
                  "$i2 = virtualinvoke $r8.<android.telephony.cdma.CdmaCellLocation: int getBaseStationId()>()"
                ]
              },
              "hash": "3b2bc387bf32519adf09795b38a0e88ed604446e"
            }
          ]
        },
        "549_api": {
          "complianceCategoryDetail": "location",
          "deobfApk": "",
          "level": "high",
          "name": "549_api",
          "detail": "位置信息",
          "complianceCategory": "location",
          "category": "ComplianceInfo",
          "vulners": [
            {
              "details": {
                "ConstValue": "16",
                "position": "<com.amap.api.mapcore2d.gn: void k()>",
                "url": "https://tosv.byted.org/obj/appscan-obj/aux/misc/393537373633373531363134363333549_api.html",
                "target": [
                  "<com.amap.api.mapcore2d.gn: void k()>",
                  "<android.telephony.TelephonyManager: void listen(android.telephony.PhoneStateListener,int)>",
                  "16"
                ]
              },
              "hash": "3072b2549279f7f7136e1020d482a34a666eb382"
            }
          ]
        },
        "221_api": {
          "complianceCategoryDetail": "location",
          "deobfApk": "",
          "level": "high",
          "name": "221_api",
          "detail": "位置信息",
          "complianceCategory": "location",
          "category": "ComplianceInfo",
          "vulners": [
            {
              "details": {
                "url": "https://tosv.byted.org/obj/appscan-obj/aux/misc/393537373530383434353639383434221_api.html",
                "position": "<com.amap.api.mapcore2d.gn: android.telephony.CellLocation l()>",
                "target": [
                  "<com.amap.api.mapcore2d.gn: android.telephony.CellLocation l()>",
                  "$r2 = virtualinvoke $r1.<android.telephony.TelephonyManager: android.telephony.CellLocation getCellLocation()>()"
                ]
              },
              "hash": "b327cf7f28ce340e0ccc3d130ec9aca407bffd8d"
            },
            {
              "details": {
                "url": "https://tosv.byted.org/obj/appscan-obj/aux/misc/393537373530393839353636393230221_api.html",
                "position": "<com.amap.api.mapcore2d.gn: void j()>",
                "target": [
                  "<com.amap.api.mapcore2d.gn: void j()>",
                  "$r2 = virtualinvoke $r1.<android.telephony.TelephonyManager: android.telephony.CellLocation getCellLocation()>()"
                ]
              },
              "hash": "a2f1aa62b4044f3006fa2798ec745e89fce81ab3"
            },
            {
              "details": {
                "url": "https://tosv.byted.org/obj/appscan-obj/aux/misc/393537373531323739343031323733221_api.html",
                "position": "<com.amap.api.mapcore2d.cu: java.lang.String[] n(android.content.Context)>",
                "target": [
                  "<com.amap.api.mapcore2d.cu: java.lang.String[] n(android.content.Context)>",
                  "$r6 = virtualinvoke $r4.<android.telephony.TelephonyManager: android.telephony.CellLocation getCellLocation()>()"
                ]
              },
              "hash": "18c9dbea37a7eb7b77c7a0a3d6b955bdab26d8ba"
            }
          ]
        },
        "576_api": {
          "complianceCategoryDetail": "location",
          "deobfApk": "",
          "level": "high",
          "name": "576_api",
          "detail": "经度",
          "complianceCategory": "location",
          "category": "ComplianceInfo",
          "vulners": [
            {
              "details": {
                "url": "https://tosv.byted.org/obj/appscan-obj/aux/misc/393537373638383131383437333433576_api.html",
                "position": "<com.autonavi.amap.mapcore2d.Inner_3dMap_location: org.json.JSONObject toJson(int)>",
                "target": [
                  "<com.autonavi.amap.mapcore2d.Inner_3dMap_location: org.json.JSONObject toJson(int)>",
                  "$d0_7 = virtualinvoke r0.<com.autonavi.amap.mapcore2d.Inner_3dMap_location: double getLongitude()>()"
                ]
              },
              "hash": "d30db4541559177f3b669f89cfadeaa2efe40ecf"
            },
            {
              "details": {
                "url": "https://tosv.byted.org/obj/appscan-obj/aux/misc/393537373639353631343434313437576_api.html",
                "position": "<com.amap.api.mapcore2d.ga: com.autonavi.amap.mapcore2d.Inner_3dMap_location d()>",
                "target": [
                  "<com.amap.api.mapcore2d.ga: com.autonavi.amap.mapcore2d.Inner_3dMap_location d()>",
                  "$d1 = virtualinvoke $r1_2.<com.autonavi.amap.mapcore2d.Inner_3dMap_location: double getLongitude()>()"
                ]
              },
              "hash": "c4df7e3650bb82c245d2229a5ee3dff60d162e86"
            },
            {
              "details": {
                "url": "https://tosv.byted.org/obj/appscan-obj/aux/misc/393537373639363838393938373939576_api.html",
                "position": "<com.amap.api.mapcore2d.gh: void a(com.autonavi.amap.mapcore2d.Inner_3dMap_location)>",
                "target": [
                  "<com.amap.api.mapcore2d.gh: void a(com.autonavi.amap.mapcore2d.Inner_3dMap_location)>",
                  "$d0 = virtualinvoke $r1.<com.autonavi.amap.mapcore2d.Inner_3dMap_location: double getLongitude()>()"
                ]
              },
              "hash": "cad5e3af2fa4459f00cc52fdf6c756b572093bf6"
            },
            {
              "details": {
                "url": "https://tosv.byted.org/obj/appscan-obj/aux/misc/393537373639383138353434363134576_api.html",
                "position": "<com.amap.api.mapcore2d.gk: boolean a(com.autonavi.amap.mapcore2d.Inner_3dMap_location)>",
                "target": [
                  "<com.amap.api.mapcore2d.gk: boolean a(com.autonavi.amap.mapcore2d.Inner_3dMap_location)>",
                  "$d0 = virtualinvoke $r0.<com.autonavi.amap.mapcore2d.Inner_3dMap_location: double getLongitude()>()"
                ]
              },
              "hash": "17377015b54e70b97a7f0e484a7505eb3d413e1c"
            },
            {
              "details": {
                "url": "https://tosv.byted.org/obj/appscan-obj/aux/misc/393537373730313731383533333537576_api.html",
                "position": "<com.amap.api.mapcore2d.b: void showMyLocationOverlay(android.location.Location)>",
                "target": [
                  "<com.amap.api.mapcore2d.b: void showMyLocationOverlay(android.location.Location)>",
                  "$d0 = virtualinvoke $r2.<android.location.Location: double getLongitude()>()"
                ]
              },
              "hash": "d85c1f6e580ed53ae04cd455021efb2f753e7bd7"
            },
            {
              "details": {
                "url": "https://tosv.byted.org/obj/appscan-obj/aux/misc/393537373730363130363138313030576_api.html",
                "position": "<com.amap.api.mapcore2d.bc: void a(android.location.Location)>",
                "target": [
                  "<com.amap.api.mapcore2d.bc: void a(android.location.Location)>",
                  "$d1 = virtualinvoke $r1.<android.location.Location: double getLongitude()>()"
                ]
              },
              "hash": "7f8c9bd6c4060f4d2efef0c97c8a0ada8d79f164"
            },
            {
              "details": {
                "url": "https://tosv.byted.org/obj/appscan-obj/aux/misc/393537373730383334383534313539576_api.html",
                "position": "<com.amap.api.mapcore2d.ap$2: boolean onTouch(android.view.View,android.view.MotionEvent)>",
                "target": [
                  "<com.amap.api.mapcore2d.ap$2: boolean onTouch(android.view.View,android.view.MotionEvent)>",
                  "$d1 = virtualinvoke $r7.<android.location.Location: double getLongitude()>()"
                ]
              },
              "hash": "2bc685cb3eb517308af2a44f0105ac95b27731ce"
            },
            {
              "details": {
                "url": "https://tosv.byted.org/obj/appscan-obj/aux/misc/393537373731313331383331393639576_api.html",
                "position": "<com.autonavi.amap.mapcore2d.Inner_3dMap_location: void <init>(android.location.Location)>",
                "target": [
                  "<com.autonavi.amap.mapcore2d.Inner_3dMap_location: void <init>(android.location.Location)>",
                  "$d0_1 = virtualinvoke $r1.<android.location.Location: double getLongitude()>()"
                ]
              },
              "hash": "65abc6990014c2bff92fbbc50b7d45c3b56f3ac0"
            },
            {
              "details": {
                "url": "https://tosv.byted.org/obj/appscan-obj/aux/misc/393537373731323439383534383736576_api.html",
                "position": "<com.amap.api.mapcore2d.gc: com.amap.api.mapcore2d.gg a(com.amap.api.mapcore2d.gg)>",
                "target": [
                  "<com.amap.api.mapcore2d.gc: com.amap.api.mapcore2d.gg a(com.amap.api.mapcore2d.gg)>",
                  "$d0_3 = virtualinvoke $r2_5.<com.amap.api.mapcore2d.gg: double getLongitude()>()"
                ]
              },
              "hash": "61256758522801f0adc0d86d1992a870608d30d1"
            }
          ]
        },
        "577_api": {
          "complianceCategoryDetail": "location",
          "deobfApk": "",
          "level": "high",
          "name": "577_api",
          "detail": "基站ID",
          "complianceCategory": "location",
          "category": "ComplianceInfo",
          "vulners": [
            {
              "details": {
                "url": "https://tosv.byted.org/obj/appscan-obj/aux/misc/393537373731343232323335303534577_api.html",
                "position": "<com.autonavi.amap.mapcore2d.Inner_3dMap_location: double getAltitude()>",
                "target": [
                  "<com.autonavi.amap.mapcore2d.Inner_3dMap_location: double getAltitude()>",
                  "$d0 = specialinvoke r0.<android.location.Location: double getAltitude()>()"
                ]
              },
              "hash": "be247f94976ba355300267731ef08e253ab6171f"
            }
          ]
        },
        "415_api": {
          "complianceCategoryDetail": "location",
          "deobfApk": "",
          "level": "low",
          "name": "415_api",
          "detail": "位置信息",
          "complianceCategory": "location",
          "category": "ComplianceInfo",
          "vulners": [
            {
              "details": {
                "url": "https://tosv.byted.org/obj/appscan-obj/aux/misc/393537373631333731373735333331415_api.html",
                "position": "<com.amap.api.mapcore2d.ga: void f()>",
                "target": [
                  "<com.amap.api.mapcore2d.ga: void f()>",
                  "virtualinvoke $r6_3.<android.location.LocationManager: void requestLocationUpdates(java.lang.String,long,float,android.location.LocationListener,android.os.Looper)>(\"gps\", 800L, 0.0F, $r1, $r2_3)"
                ]
              },
              "hash": "7c97d6d902bcf8cc28ee33da2df5a4d1b405a820"
            }
          ]
        },
        "203_api": {
          "complianceCategoryDetail": "location",
          "deobfApk": "",
          "level": "high",
          "name": "203_api",
          "detail": "位置信息",
          "complianceCategory": "location",
          "category": "ComplianceInfo",
          "vulners": [
            {
              "details": {
                "url": "https://tosv.byted.org/obj/appscan-obj/aux/misc/393537373530303933363831393536203_api.html",
                "position": "<com.amap.api.mapcore2d.gn: android.telephony.CellLocation q()>",
                "target": [
                  "<com.amap.api.mapcore2d.gn: android.telephony.CellLocation q()>",
                  "$r4 = virtualinvoke $r1.<android.telephony.TelephonyManager: java.util.List getAllCellInfo()>()"
                ]
              },
              "hash": "4ad44cd8e5734b767baac2054e28228e9e8f190a"
            },
            {
              "details": {
                "url": "https://tosv.byted.org/obj/appscan-obj/aux/misc/393537373530333736393530333836203_api.html",
                "position": "<com.amap.api.mapcore2d.gn: void t()>",
                "target": [
                  "<com.amap.api.mapcore2d.gn: void t()>",
                  "$r4 = virtualinvoke $r3.<android.telephony.TelephonyManager: java.util.List getAllCellInfo()>()"
                ]
              },
              "hash": "ab3e9d34b000cfdd28260b21acb596e0ca122324"
            }
          ]
        },
        "413_api": {
          "complianceCategoryDetail": "location",
          "deobfApk": "",
          "level": "low",
          "name": "413_api",
          "detail": "位置信息",
          "complianceCategory": "location",
          "category": "ComplianceInfo",
          "vulners": [
            {
              "details": {
                "url": "https://tosv.byted.org/obj/appscan-obj/aux/misc/393537373630323036363136333836413_api.html",
                "position": "<com.amap.api.mapcore2d.ga: void f()>",
                "target": [
                  "<com.amap.api.mapcore2d.ga: void f()>",
                  "virtualinvoke $r6_3.<android.location.LocationManager: void requestLocationUpdates(java.lang.String,long,float,android.location.LocationListener,android.os.Looper)>(\"gps\", 800L, 0.0F, $r1, $r2_3)"
                ]
              },
              "hash": "7c97d6d902bcf8cc28ee33da2df5a4d1b405a820"
            }
          ]
        },
        "411_api": {
          "complianceCategoryDetail": "location",
          "deobfApk": "",
          "level": "low",
          "name": "411_api",
          "detail": "位置信息",
          "complianceCategory": "location",
          "category": "ComplianceInfo",
          "vulners": [
            {
              "details": {
                "url": "https://tosv.byted.org/obj/appscan-obj/aux/misc/393537373539373039363233323138411_api.html",
                "position": "<com.amap.api.mapcore2d.ga: void f()>",
                "target": [
                  "<com.amap.api.mapcore2d.ga: void f()>",
                  "virtualinvoke $r6_3.<android.location.LocationManager: void requestLocationUpdates(java.lang.String,long,float,android.location.LocationListener,android.os.Looper)>(\"gps\", 800L, 0.0F, $r1, $r2_3)"
                ]
              },
              "hash": "7c97d6d902bcf8cc28ee33da2df5a4d1b405a820"
            }
          ]
        },
        "584_api": {
          "complianceCategoryDetail": "location",
          "deobfApk": "",
          "level": "high",
          "name": "584_api",
          "detail": "基站ID",
          "complianceCategory": "location",
          "category": "ComplianceInfo",
          "vulners": [
            {
              "details": {
                "url": "https://tosv.byted.org/obj/appscan-obj/aux/misc/393537373733323933393539393934584_api.html",
                "position": "<com.amap.api.mapcore2d.cu: java.lang.String[] n(android.content.Context)>",
                "target": [
                  "<com.amap.api.mapcore2d.cu: java.lang.String[] n(android.content.Context)>",
                  "$i1_1 = virtualinvoke $r8.<android.telephony.cdma.CdmaCellLocation: int getNetworkId()>()"
                ]
              },
              "hash": "9147f4403d91b5a6591cc0414b3df8bc64a58968"
            }
          ]
        },
        "575_api": {
          "complianceCategoryDetail": "location",
          "deobfApk": "",
          "level": "high",
          "name": "575_api",
          "detail": "纬度",
          "complianceCategory": "location",
          "category": "ComplianceInfo",
          "vulners": [
            {
              "details": {
                "url": "https://tosv.byted.org/obj/appscan-obj/aux/misc/393537373636303530363233303030575_api.html",
                "position": "<com.amap.api.mapcore2d.b: void showMyLocationOverlay(android.location.Location)>",
                "target": [
                  "<com.amap.api.mapcore2d.b: void showMyLocationOverlay(android.location.Location)>",
                  "$d0_1 = virtualinvoke $r2.<android.location.Location: double getLatitude()>()"
                ]
              },
              "hash": "a7c07aa0623b475e85a1315cf0d04790aa77f31c"
            },
            {
              "details": {
                "url": "https://tosv.byted.org/obj/appscan-obj/aux/misc/393537373636313932393633363032575_api.html",
                "position": "<com.amap.api.mapcore2d.bc: void a(android.location.Location)>",
                "target": [
                  "<com.amap.api.mapcore2d.bc: void a(android.location.Location)>",
                  "$d0 = virtualinvoke $r1.<android.location.Location: double getLatitude()>()"
                ]
              },
              "hash": "4bdcc87599afc4a92e6db86d1a01eda189f33ed5"
            },
            {
              "details": {
                "url": "https://tosv.byted.org/obj/appscan-obj/aux/misc/393537373636353735303237333436575_api.html",
                "position": "<com.amap.api.mapcore2d.ap$2: boolean onTouch(android.view.View,android.view.MotionEvent)>",
                "target": [
                  "<com.amap.api.mapcore2d.ap$2: boolean onTouch(android.view.View,android.view.MotionEvent)>",
                  "$d0 = virtualinvoke $r7.<android.location.Location: double getLatitude()>()"
                ]
              },
              "hash": "e1dea57c8b473949da246275b08ac9d2a46e2da8"
            },
            {
              "details": {
                "url": "https://tosv.byted.org/obj/appscan-obj/aux/misc/393537373636393339333530313936575_api.html",
                "position": "<com.autonavi.amap.mapcore2d.Inner_3dMap_location: void <init>(android.location.Location)>",
                "target": [
                  "<com.autonavi.amap.mapcore2d.Inner_3dMap_location: void <init>(android.location.Location)>",
                  "$d0 = virtualinvoke $r1.<android.location.Location: double getLatitude()>()"
                ]
              },
              "hash": "17eb3cde9553d9aef3eef07a9abe41ac7715c0b3"
            },
            {
              "details": {
                "url": "https://tosv.byted.org/obj/appscan-obj/aux/misc/393537373637303930353631313831575_api.html",
                "position": "<com.autonavi.amap.mapcore2d.Inner_3dMap_location: org.json.JSONObject toJson(int)>",
                "target": [
                  "<com.autonavi.amap.mapcore2d.Inner_3dMap_location: org.json.JSONObject toJson(int)>",
                  "$d0_8 = virtualinvoke r0.<com.autonavi.amap.mapcore2d.Inner_3dMap_location: double getLatitude()>()"
                ]
              },
              "hash": "b1906baadd4ad49cf0faffd70a30f276d5b3a63f"
            },
            {
              "details": {
                "url": "https://tosv.byted.org/obj/appscan-obj/aux/misc/393537373637323432353838353639575_api.html",
                "position": "<com.amap.api.mapcore2d.ga: com.autonavi.amap.mapcore2d.Inner_3dMap_location d()>",
                "target": [
                  "<com.amap.api.mapcore2d.ga: com.autonavi.amap.mapcore2d.Inner_3dMap_location d()>",
                  "$d0 = virtualinvoke $r1_2.<com.autonavi.amap.mapcore2d.Inner_3dMap_location: double getLatitude()>()"
                ]
              },
              "hash": "be772ab4d941fff3dfc202e65f9f63657141a16a"
            },
            {
              "details": {
                "url": "https://tosv.byted.org/obj/appscan-obj/aux/misc/393537373637353832333935363438575_api.html",
                "position": "<com.amap.api.mapcore2d.gh: void a(com.autonavi.amap.mapcore2d.Inner_3dMap_location)>",
                "target": [
                  "<com.amap.api.mapcore2d.gh: void a(com.autonavi.amap.mapcore2d.Inner_3dMap_location)>",
                  "$d0_1 = virtualinvoke $r1.<com.autonavi.amap.mapcore2d.Inner_3dMap_location: double getLatitude()>()"
                ]
              },
              "hash": "fb55e0e7d5bb36e80ceadc2dd0431cfa9e1e5bb7"
            },
            {
              "details": {
                "url": "https://tosv.byted.org/obj/appscan-obj/aux/misc/393537373637373137303432353738575_api.html",
                "position": "<com.amap.api.mapcore2d.gk: boolean a(com.autonavi.amap.mapcore2d.Inner_3dMap_location)>",
                "target": [
                  "<com.amap.api.mapcore2d.gk: boolean a(com.autonavi.amap.mapcore2d.Inner_3dMap_location)>",
                  "$d1 = virtualinvoke $r0.<com.autonavi.amap.mapcore2d.Inner_3dMap_location: double getLatitude()>()"
                ]
              },
              "hash": "d0eba6959ca93787d77c6560be3fb49ac45700fe"
            },
            {
              "details": {
                "url": "https://tosv.byted.org/obj/appscan-obj/aux/misc/393537373638323437303534313631575_api.html",
                "position": "<com.amap.api.mapcore2d.gc: com.amap.api.mapcore2d.gg a(com.amap.api.mapcore2d.gg)>",
                "target": [
                  "<com.amap.api.mapcore2d.gc: com.amap.api.mapcore2d.gg a(com.amap.api.mapcore2d.gg)>",
                  "$d0_2 = virtualinvoke $r2_4.<com.amap.api.mapcore2d.gg: double getLatitude()>()"
                ]
              },
              "hash": "88183934bbe91e21a7b31ca8ec279cf1de823091"
            }
          ]
        },
        "416_api": {
          "complianceCategoryDetail": "location",
          "deobfApk": "",
          "level": "low",
          "name": "416_api",
          "detail": "位置信息",
          "complianceCategory": "location",
          "category": "ComplianceInfo",
          "vulners": [
            {
              "details": {
                "url": "https://tosv.byted.org/obj/appscan-obj/aux/misc/393537373631383837333730323739416_api.html",
                "position": "<com.amap.api.mapcore2d.ga: void f()>",
                "target": [
                  "<com.amap.api.mapcore2d.ga: void f()>",
                  "virtualinvoke $r6_3.<android.location.LocationManager: void requestLocationUpdates(java.lang.String,long,float,android.location.LocationListener,android.os.Looper)>(\"gps\", 800L, 0.0F, $r1, $r2_3)"
                ]
              },
              "hash": "7c97d6d902bcf8cc28ee33da2df5a4d1b405a820"
            }
          ]
        },
        "578_api": {
          "complianceCategoryDetail": "location",
          "deobfApk": "",
          "level": "high",
          "name": "578_api",
          "detail": "基站ID",
          "complianceCategory": "location",
          "category": "ComplianceInfo",
          "vulners": [
            {
              "details": {
                "url": "https://tosv.byted.org/obj/appscan-obj/aux/misc/393537373732323634383932353334578_api.html",
                "position": "<com.amap.api.mapcore2d.cu: java.lang.String[] n(android.content.Context)>",
                "target": [
                  "<com.amap.api.mapcore2d.cu: java.lang.String[] n(android.content.Context)>",
                  "$i0_1 = virtualinvoke $r8.<android.telephony.cdma.CdmaCellLocation: int getSystemId()>()"
                ]
              },
              "hash": "ddddb4b64ce570d6310d55e291ed6fc8db2154ae"
            }
          ]
        },
        "414_api": {
          "complianceCategoryDetail": "location",
          "deobfApk": "",
          "level": "low",
          "name": "414_api",
          "detail": "位置信息",
          "complianceCategory": "location",
          "category": "ComplianceInfo",
          "vulners": [
            {
              "details": {
                "url": "https://tosv.byted.org/obj/appscan-obj/aux/misc/393537373630383337333438303836414_api.html",
                "position": "<com.amap.api.mapcore2d.ga: void f()>",
                "target": [
                  "<com.amap.api.mapcore2d.ga: void f()>",
                  "virtualinvoke $r6_3.<android.location.LocationManager: void requestLocationUpdates(java.lang.String,long,float,android.location.LocationListener,android.os.Looper)>(\"gps\", 800L, 0.0F, $r1, $r2_3)"
                ]
              },
              "hash": "7c97d6d902bcf8cc28ee33da2df5a4d1b405a820"
            }
          ]
        },
        "412_api": {
          "complianceCategoryDetail": "location",
          "deobfApk": "",
          "level": "low",
          "name": "412_api",
          "detail": "位置信息",
          "complianceCategory": "location",
          "category": "ComplianceInfo",
          "vulners": [
            {
              "details": {
                "url": "https://tosv.byted.org/obj/appscan-obj/aux/misc/393537373539383539343139313230412_api.html",
                "position": "<com.amap.api.mapcore2d.ga: void f()>",
                "target": [
                  "<com.amap.api.mapcore2d.ga: void f()>",
                  "virtualinvoke $r6_3.<android.location.LocationManager: void requestLocationUpdates(java.lang.String,long,float,android.location.LocationListener,android.os.Looper)>(\"gps\", 800L, 0.0F, $r1, $r2_3)"
                ]
              },
              "hash": "7c97d6d902bcf8cc28ee33da2df5a4d1b405a820"
            }
          ]
        },
        "583_api": {
          "complianceCategoryDetail": "location",
          "deobfApk": "",
          "level": "high",
          "name": "583_api",
          "detail": "基站ID",
          "complianceCategory": "location",
          "category": "ComplianceInfo",
          "vulners": [
            {
              "details": {
                "url": "https://tosv.byted.org/obj/appscan-obj/aux/misc/393537373732353335373538303738583_api.html",
                "position": "<com.amap.api.mapcore2d.gn: com.amap.api.mapcore2d.gm c(android.telephony.CellLocation,java.lang.String[])>",
                "target": [
                  "<com.amap.api.mapcore2d.gn: com.amap.api.mapcore2d.gm c(android.telephony.CellLocation,java.lang.String[])>",
                  "$i0_3 = virtualinvoke $r4.<android.telephony.gsm.GsmCellLocation: int getCid()>()"
                ]
              },
              "hash": "a80b75cd52ff10eff9e86cf9ed3d37ee8b4f9229"
            },
            {
              "details": {
                "url": "https://tosv.byted.org/obj/appscan-obj/aux/misc/393537373732383137363633303431583_api.html",
                "position": "<com.amap.api.mapcore2d.cu: java.lang.String[] n(android.content.Context)>",
                "target": [
                  "<com.amap.api.mapcore2d.cu: java.lang.String[] n(android.content.Context)>",
                  "$i0 = virtualinvoke $r7.<android.telephony.gsm.GsmCellLocation: int getCid()>()"
                ]
              },
              "hash": "85d140dc76f7b03a98ee8c737186dde348123fe5"
            },
            {
              "details": {
                "url": "https://tosv.byted.org/obj/appscan-obj/aux/misc/393537373732393432333930343033583_api.html",
                "position": "<com.amap.api.mapcore2d.gn: boolean a(android.telephony.CellLocation)>",
                "target": [
                  "<com.amap.api.mapcore2d.gn: boolean a(android.telephony.CellLocation)>",
                  "$i1 = virtualinvoke $r5.<android.telephony.gsm.GsmCellLocation: int getCid()>()"
                ]
              },
              "hash": "fbeacd374aeee56cb4683ffa16c7ebe4776f1116"
            }
          ]
        }
      },
      "sensor": {
        "394_api": {
          "complianceCategoryDetail": "sensor",
          "deobfApk": "",
          "level": "low",
          "name": "394_api",
          "detail": "传感器",
          "complianceCategory": "sensor",
          "category": "ComplianceInfo",
          "vulners": [
            {
              "details": {
                "url": "https://tosv.byted.org/obj/appscan-obj/aux/misc/393537373537313431303633373435394_api.html",
                "position": "<com.amap.api.mapcore2d.bl: void a()>",
                "target": [
                  "<com.amap.api.mapcore2d.bl: void a()>",
                  "virtualinvoke $r1.<android.hardware.SensorManager: boolean registerListener(android.hardware.SensorEventListener,android.hardware.Sensor,int)>(r0, $r2, 3)"
                ]
              },
              "hash": "dbbf0e4cb15232f27848bb955e04da1fc81c9a8c"
            }
          ]
        },
        "395_api": {
          "complianceCategoryDetail": "sensor",
          "deobfApk": "",
          "level": "low",
          "name": "395_api",
          "detail": "传感器",
          "complianceCategory": "sensor",
          "category": "ComplianceInfo",
          "vulners": [
            {
              "details": {
                "url": "https://tosv.byted.org/obj/appscan-obj/aux/misc/393537373537353631363637383331395_api.html",
                "position": "<com.amap.api.mapcore2d.bl: void a()>",
                "target": [
                  "<com.amap.api.mapcore2d.bl: void a()>",
                  "virtualinvoke $r1.<android.hardware.SensorManager: boolean registerListener(android.hardware.SensorEventListener,android.hardware.Sensor,int)>(r0, $r2, 3)"
                ]
              },
              "hash": "dbbf0e4cb15232f27848bb955e04da1fc81c9a8c"
            }
          ]
        },
        "393_api": {
          "complianceCategoryDetail": "sensor",
          "deobfApk": "",
          "level": "low",
          "name": "393_api",
          "detail": "传感器",
          "complianceCategory": "sensor",
          "category": "ComplianceInfo",
          "vulners": [
            {
              "details": {
                "url": "https://tosv.byted.org/obj/appscan-obj/aux/misc/393537373536393438323637363732393_api.html",
                "position": "<com.amap.api.mapcore2d.bl: void a()>",
                "target": [
                  "<com.amap.api.mapcore2d.bl: void a()>",
                  "virtualinvoke $r1.<android.hardware.SensorManager: boolean registerListener(android.hardware.SensorEventListener,android.hardware.Sensor,int)>(r0, $r2, 3)"
                ]
              },
              "hash": "dbbf0e4cb15232f27848bb955e04da1fc81c9a8c"
            }
          ]
        },
        "397_api": {
          "complianceCategoryDetail": "sensor",
          "deobfApk": "",
          "level": "low",
          "name": "397_api",
          "detail": "传感器",
          "complianceCategory": "sensor",
          "category": "ComplianceInfo",
          "vulners": [
            {
              "details": {
                "url": "https://tosv.byted.org/obj/appscan-obj/aux/misc/393537373538333238323835323438397_api.html",
                "position": "<com.amap.api.mapcore2d.bl: void a()>",
                "target": [
                  "<com.amap.api.mapcore2d.bl: void a()>",
                  "virtualinvoke $r1.<android.hardware.SensorManager: boolean registerListener(android.hardware.SensorEventListener,android.hardware.Sensor,int)>(r0, $r2, 3)"
                ]
              },
              "hash": "dbbf0e4cb15232f27848bb955e04da1fc81c9a8c"
            }
          ]
        },
        "396_api": {
          "complianceCategoryDetail": "sensor",
          "deobfApk": "",
          "level": "low",
          "name": "396_api",
          "detail": "传感器",
          "complianceCategory": "sensor",
          "category": "ComplianceInfo",
          "vulners": [
            {
              "details": {
                "url": "https://tosv.byted.org/obj/appscan-obj/aux/misc/393537373538303234383733373239396_api.html",
                "position": "<com.amap.api.mapcore2d.bl: void a()>",
                "target": [
                  "<com.amap.api.mapcore2d.bl: void a()>",
                  "virtualinvoke $r1.<android.hardware.SensorManager: boolean registerListener(android.hardware.SensorEventListener,android.hardware.Sensor,int)>(r0, $r2, 3)"
                ]
              },
              "hash": "dbbf0e4cb15232f27848bb955e04da1fc81c9a8c"
            }
          ]
        },
        "398_api": {
          "complianceCategoryDetail": "sensor",
          "deobfApk": "",
          "level": "low",
          "name": "398_api",
          "detail": "传感器",
          "complianceCategory": "sensor",
          "category": "ComplianceInfo",
          "vulners": [
            {
              "details": {
                "url": "https://tosv.byted.org/obj/appscan-obj/aux/misc/393537373539313832383132313334398_api.html",
                "position": "<com.amap.api.mapcore2d.bl: void a()>",
                "target": [
                  "<com.amap.api.mapcore2d.bl: void a()>",
                  "virtualinvoke $r1.<android.hardware.SensorManager: boolean registerListener(android.hardware.SensorEventListener,android.hardware.Sensor,int)>(r0, $r2, 3)"
                ]
              },
              "hash": "dbbf0e4cb15232f27848bb955e04da1fc81c9a8c"
            }
          ]
        }
      },
      "wifi MAC": {
        "559_api": {
          "complianceCategoryDetail": "wifi MAC",
          "deobfApk": "",
          "level": "high",
          "name": "559_api",
          "detail": "WiFi MAC地址",
          "complianceCategory": "wifi MAC",
          "category": "ComplianceInfo",
          "vulners": [
            {
              "details": {
                "url": "https://tosv.byted.org/obj/appscan-obj/aux/misc/393537373635343231303533393534559_api.html",
                "position": "<com.amap.api.mapcore2d.cu: java.lang.String m(android.content.Context)>",
                "target": [
                  "<com.amap.api.mapcore2d.cu: java.lang.String m(android.content.Context)>",
                  "$r0_4 = virtualinvoke $r5.<android.net.wifi.WifiInfo: java.lang.String getMacAddress()>()"
                ]
              },
              "hash": "e11a536a55ce50793ea2da8e324bba0c77bc2288"
            }
          ]
        }
      }
    },
    "DeepLinkInfo": {},
    "JsBridgeInfo": {},
    "UrlRegion": {
      "filter": {},
      "full": {}
    },
    "profiler": "https://tosv.byted.org/obj/appscan-obj/aux/misc/393537373836373439383437303639profiler.json",
    "HTTP_API": [],
    "BasicInfo": {
      "AppInfo": {
        "name": "",
        "size": "0.83MB",
        "package": "com.example.myfirstapp",
        "versionName": "1.0.6",
        "versionCode": "1006",
        "target_sdk": "28",
        "min_sdk": "16",
        "max_sdk": "",
        "sha1": "ed79510bdcdc26d481a06779691df7b132010bc7"
      },
      "SignInfo": {
        "Is signed v1": false,
        "Is signed v2": false,
        "Is signed v3": false,
        "certs": [],
        "pkeys": []
      },
      "ComponentsInfo": {
        "exportedReceivers": [
          "com.amap.api.mapcore2d.gi$a"
        ]
      },
      "PermissionInfo": [],
      "DeobfApk": ""
    },
    "PermissionUsedDetails": {
      "declaredPermissions": [],
      "usedPermissions": {},
      "declaredButNoUsed": {},
      "usedButNotDeclared": {}
    },
    "SDKComplianceList": []
  },
  0
]