[
  {
    "SecurityInfo": {},
    "ComplianceInfo": {
      "carrier info": {
        "299_api": {
          "complianceCategoryDetail": "carrier info",
          "deobfApk": "",
          "level": "low",
          "name": "299_api",
          "detail": "获取移动网络类型，比如GSM、CDMA、LTE等。可能会被照明弹记录。",
          "complianceCategory": "carrier info",
          "category": "ComplianceInfo",
          "vulners": [
            {
              "details": {
                "url": "https://tosv.byted.org/obj/appscan-obj/aux/misc/393537363038363539303938363032299_api.html",
                "position": "<com.autonavi.aps.amapapi.utils.i: java.lang.String a(android.content.Context,android.telephony.TelephonyManager)>",
                "target": [
                  "<com.autonavi.aps.amapapi.utils.i: java.lang.String a(android.content.Context,android.telephony.TelephonyManager)>",
                  "$i1_2 = virtualinvoke $r0.<android.telephony.TelephonyManager: int getNetworkType()>()"
                ]
              },
              "hash": "9fb5d7c1eef664625ce46ffc5ba7d4b5a1e65b7c"
            },
            {
              "details": {
                "url": "https://tosv.byted.org/obj/appscan-obj/aux/misc/393537363038373732313232323834299_api.html",
                "position": "<com.amap.api.col.3l.fj: int M(android.content.Context)>",
                "target": [
                  "<com.amap.api.col.3l.fj: int M(android.content.Context)>",
                  "$i0_3 = virtualinvoke $r2.<android.telephony.TelephonyManager: int getNetworkType()>()"
                ]
              },
              "hash": "0898b835cbd82efb90b1c52997e4340649bd13e2"
            }
          ]
        }
      },
      "wifi": {
        "471_api": {
          "complianceCategoryDetail": "wifi",
          "deobfApk": "",
          "level": "low",
          "name": "471_api",
          "detail": "执行WiFi扫描，可能会被照明弹记录",
          "complianceCategory": "wifi",
          "category": "ComplianceInfo",
          "vulners": [
            {
              "details": {
                "url": "https://tosv.byted.org/obj/appscan-obj/aux/misc/393537363136383434333930323131471_api.html",
                "position": "<com.autonavi.aps.amapapi.restruct.i: boolean t()>",
                "target": [
                  "<com.autonavi.aps.amapapi.restruct.i: boolean t()>",
                  "$z0_2 = virtualinvoke $r1_1.<android.net.wifi.WifiManager: boolean startScan()>()"
                ]
              },
              "hash": "78bb2624352f3bcf56fce86d247c2b905f63cc3e"
            }
          ]
        }
      },
      "GAID": {
        "515_api": {
          "complianceCategoryDetail": "GAID",
          "deobfApk": "",
          "level": "high",
          "name": "515_api",
          "detail": "GAID",
          "complianceCategory": "GAID",
          "category": "ComplianceInfo",
          "vulners": [
            {
              "details": {
                "position": "<com.amap.api.col.3l.fz: com.amap.api.col.3l.fz$a b(android.content.Context)>",
                "url": "https://tosv.byted.org/obj/appscan-obj/aux/misc/393537363430393630333739303138515_api.html",
                "target": [
                  "<com.amap.api.col.3l.fz: com.amap.api.col.3l.fz$a b(android.content.Context)>->@const_str:com.google.android.gms.ads.identifier.service.START",
                  "specialinvoke $r5.<android.content.Intent: void <init>(java.lang.String)>(\"com.google.android.gms.ads.identifier.service.START\")"
                ],
                "entryMethod": "<com.amap.api.col.3l.fz: com.amap.api.col.3l.fz$a b(android.content.Context)>",
                "Source": [
                  "specialinvoke $r5.<android.content.Intent: void <init>(java.lang.String)>(\"com.google.android.gms.ads.identifier.service.START\")"
                ]
              },
              "hash": "1476cb41966c99dabb44ed8e68325f38bfacb5fd"
            }
          ]
        }
      },
      "serial": {
        "5_api": {
          "complianceCategoryDetail": "serial",
          "deobfApk": "",
          "level": "high",
          "name": "5_api",
          "detail": "序列号",
          "complianceCategory": "serial",
          "category": "ComplianceInfo",
          "vulners": [
            {
              "details": {
                "url": "https://tosv.byted.org/obj/appscan-obj/aux/misc/3935373630323239333337323335315_api.html",
                "position": "<com.amap.api.col.3l.fj: java.lang.String i(android.content.Context)>",
                "target": [
                  "<com.amap.api.col.3l.fj: java.lang.String i(android.content.Context)>",
                  "$r2_5 = <android.os.Build: java.lang.String SERIAL>"
                ]
              },
              "hash": "e894621362885698ac5addf36b8bee7cdac455c3"
            }
          ]
        }
      },
      "SSIDBSSID": {
        "309_api": {
          "complianceCategoryDetail": "SSIDBSSID",
          "deobfApk": "",
          "level": "high",
          "name": "309_api",
          "detail": "SSID、BSSID",
          "complianceCategory": "SSIDBSSID",
          "category": "ComplianceInfo",
          "vulners": [
            {
              "details": {
                "url": "https://tosv.byted.org/obj/appscan-obj/aux/misc/393537363039303539363634343736309_api.html",
                "position": "<com.autonavi.aps.amapapi.restruct.i: java.util.List r()>",
                "target": [
                  "<com.autonavi.aps.amapapi.restruct.i: java.util.List r()>",
                  "$r3 = virtualinvoke $r1_1.<android.net.wifi.WifiManager: java.util.List getScanResults()>()"
                ]
              },
              "hash": "9b8abd73077f8952e3f818119463030ca9f8eed8"
            }
          ]
        },
        "555_api": {
          "complianceCategoryDetail": "SSIDBSSID",
          "deobfApk": "",
          "level": "high",
          "name": "555_api",
          "detail": "SSID",
          "complianceCategory": "SSIDBSSID",
          "category": "ComplianceInfo",
          "vulners": [
            {
              "details": {
                "url": "https://tosv.byted.org/obj/appscan-obj/aux/misc/393537363137333030333931313337555_api.html",
                "position": "<com.autonavi.aps.amapapi.restruct.i: boolean a(android.net.wifi.WifiInfo)>",
                "target": [
                  "<com.autonavi.aps.amapapi.restruct.i: boolean a(android.net.wifi.WifiInfo)>",
                  "$r1 = virtualinvoke $r0.<android.net.wifi.WifiInfo: java.lang.String getSSID()>()"
                ]
              },
              "hash": "7ca4f0fe03a387680447195588d01c302407d379"
            },
            {
              "details": {
                "url": "https://tosv.byted.org/obj/appscan-obj/aux/misc/393537363137353236383432313234555_api.html",
                "position": "<com.autonavi.aps.amapapi.trans.f: void a(android.content.Context,boolean,boolean,com.autonavi.aps.amapapi.restruct.e,com.autonavi.aps.amapapi.restruct.i,android.net.ConnectivityManager,java.lang.String,com.autonavi.aps.amapapi.restruct.g)>",
                "target": [
                  "<com.autonavi.aps.amapapi.trans.f: void a(android.content.Context,boolean,boolean,com.autonavi.aps.amapapi.restruct.e,com.autonavi.aps.amapapi.restruct.i,android.net.ConnectivityManager,java.lang.String,com.autonavi.aps.amapapi.restruct.g)>",
                  "$r25_1 = virtualinvoke $r24.<android.net.wifi.WifiInfo: java.lang.String getSSID()>()"
                ]
              },
              "hash": "a28965f8c12f1c7a6c92899f433b12ecd7a55adf"
            }
          ]
        },
        "588_api": {
          "complianceCategoryDetail": "SSIDBSSID",
          "deobfApk": "",
          "level": "high",
          "name": "588_api",
          "detail": "SSID",
          "complianceCategory": "SSIDBSSID",
          "category": "ComplianceInfo",
          "vulners": [
            {
              "details": {
                "url": "https://tosv.byted.org/obj/appscan-obj/aux/misc/393537363336363531383530353636588_api.html",
                "position": "<com.amap.api.col.3l.fj: java.lang.String p(android.content.Context)>",
                "target": [
                  "<com.amap.api.col.3l.fj: java.lang.String p(android.content.Context)>",
                  "$r2 = virtualinvoke $r1.<android.net.NetworkInfo: java.lang.String getExtraInfo()>()"
                ]
              },
              "hash": "ad1faef0d58fcb8098bc3e892e3370e49dd9a5e3"
            }
          ]
        },
        "557_api": {
          "complianceCategoryDetail": "SSIDBSSID",
          "deobfApk": "",
          "level": "high",
          "name": "557_api",
          "detail": "BSSID",
          "complianceCategory": "SSIDBSSID",
          "category": "ComplianceInfo",
          "vulners": [
            {
              "details": {
                "url": "https://tosv.byted.org/obj/appscan-obj/aux/misc/393537363137383637323636373837557_api.html",
                "position": "<com.autonavi.aps.amapapi.restruct.i: boolean a(android.net.wifi.WifiInfo)>",
                "target": [
                  "<com.autonavi.aps.amapapi.restruct.i: boolean a(android.net.wifi.WifiInfo)>",
                  "$r1_1 = virtualinvoke $r0.<android.net.wifi.WifiInfo: java.lang.String getBSSID()>()"
                ]
              },
              "hash": "209f611a62bacaa6783401ce094736bb339cba60"
            },
            {
              "details": {
                "url": "https://tosv.byted.org/obj/appscan-obj/aux/misc/393537363138323630313333393339557_api.html",
                "position": "<com.autonavi.aps.amapapi.restruct.i: java.util.List r()>",
                "target": [
                  "<com.autonavi.aps.amapapi.restruct.i: java.util.List r()>",
                  "$r9_4 = virtualinvoke $r13_2.<android.net.wifi.WifiInfo: java.lang.String getBSSID()>()"
                ]
              },
              "hash": "f00004a17736e2f9138831cd85b92a3ca618ba4c"
            },
            {
              "details": {
                "url": "https://tosv.byted.org/obj/appscan-obj/aux/misc/393537363138363139373632363336557_api.html",
                "position": "<com.autonavi.aps.amapapi.c$b: void a()>",
                "target": [
                  "<com.autonavi.aps.amapapi.c$b: void a()>",
                  "$r12_1 = virtualinvoke $r13.<android.net.wifi.WifiInfo: java.lang.String getBSSID()>()"
                ]
              },
              "hash": "35390bde536ebe3d675e93b545aa338b2587d37d"
            },
            {
              "details": {
                "url": "https://tosv.byted.org/obj/appscan-obj/aux/misc/393537363138373631303138393330557_api.html",
                "position": "<com.autonavi.aps.amapapi.trans.f: void a(android.content.Context,boolean,boolean,com.autonavi.aps.amapapi.restruct.e,com.autonavi.aps.amapapi.restruct.i,android.net.ConnectivityManager,java.lang.String,com.autonavi.aps.amapapi.restruct.g)>",
                "target": [
                  "<com.autonavi.aps.amapapi.trans.f: void a(android.content.Context,boolean,boolean,com.autonavi.aps.amapapi.restruct.e,com.autonavi.aps.amapapi.restruct.i,android.net.ConnectivityManager,java.lang.String,com.autonavi.aps.amapapi.restruct.g)>",
                  "$r25 = virtualinvoke $r24.<android.net.wifi.WifiInfo: java.lang.String getBSSID()>()"
                ]
              },
              "hash": "3256f275c24dec365ef068a6339998d508adc5a7"
            }
          ]
        },
        "239_api": {
          "complianceCategoryDetail": "SSIDBSSID",
          "deobfApk": "",
          "level": "high",
          "name": "239_api",
          "detail": "SSID、BSSID",
          "complianceCategory": "SSIDBSSID",
          "category": "ComplianceInfo",
          "vulners": [
            {
              "details": {
                "url": "https://tosv.byted.org/obj/appscan-obj/aux/misc/393537363036383635383736383635239_api.html",
                "position": "<com.autonavi.aps.amapapi.restruct.i: android.net.wifi.WifiInfo c()>",
                "target": [
                  "<com.autonavi.aps.amapapi.restruct.i: android.net.wifi.WifiInfo c()>",
                  "$r3 = virtualinvoke $r1_1.<android.net.wifi.WifiManager: android.net.wifi.WifiInfo getConnectionInfo()>()"
                ]
              },
              "hash": "a85c19bf90cb1cdb76f51094a9d1445bbde7f206"
            }
          ]
        }
      },
      "location": {
        "417_api": {
          "complianceCategoryDetail": "location",
          "deobfApk": "",
          "level": "low",
          "name": "417_api",
          "detail": "位置信息",
          "complianceCategory": "location",
          "category": "ComplianceInfo",
          "vulners": [
            {
              "details": {
                "url": "https://tosv.byted.org/obj/appscan-obj/aux/misc/393537363135373837343036393439417_api.html",
                "position": "<com.autonavi.aps.amapapi.c: void a(com.autonavi.aps.amapapi.restruct.e,com.autonavi.aps.amapapi.restruct.i,android.os.Handler)>",
                "target": [
                  "<com.autonavi.aps.amapapi.c: void a(com.autonavi.aps.amapapi.restruct.e,com.autonavi.aps.amapapi.restruct.i,android.os.Handler)>",
                  "virtualinvoke $r6_4.<android.location.LocationManager: void requestLocationUpdates(java.lang.String,long,float,android.location.LocationListener)>(\"passive\", 1000L, -1.0F, $r8_5)"
                ]
              },
              "hash": "4381196e4670bbe6658c1034d185d0faa4afb5e7"
            },
            {
              "details": {
                "url": "https://tosv.byted.org/obj/appscan-obj/aux/misc/393537363135393239333733333039417_api.html",
                "position": "<com.amap.api.col.3l.g: void f()>",
                "target": [
                  "<com.amap.api.col.3l.g: void f()>",
                  "virtualinvoke $r1_8.<android.location.LocationManager: void requestLocationUpdates(java.lang.String,long,float,android.location.LocationListener,android.os.Looper)>(\"gps\", $l0_9, $f0_2, $r5_4, $r3_2)"
                ]
              },
              "hash": "191d462fa2c3fa4e31b185212713d8af81099c5a"
            },
            {
              "details": {
                "url": "https://tosv.byted.org/obj/appscan-obj/aux/misc/393537363136303533393936393030417_api.html",
                "position": "<com.amap.api.col.3l.h: void i()>",
                "target": [
                  "<com.amap.api.col.3l.h: void i()>",
                  "virtualinvoke $r1_5.<android.location.LocationManager: void requestLocationUpdates(java.lang.String,long,float,android.location.LocationListener,android.os.Looper)>(\"gps\", $l0_7, $f0_1, $r10_1, $r2_2)"
                ]
              },
              "hash": "c440f85e50c9bb079b6f20fee37512e9a62b6903"
            }
          ]
        },
        "587_api": {
          "complianceCategoryDetail": "location",
          "deobfApk": "",
          "level": "high",
          "name": "587_api",
          "detail": "基站ID",
          "complianceCategory": "location",
          "category": "ComplianceInfo",
          "vulners": [
            {
              "details": {
                "url": "https://tosv.byted.org/obj/appscan-obj/aux/misc/393537363336353132373836393236587_api.html",
                "position": "<com.autonavi.aps.amapapi.restruct.e: void a(android.telephony.CellLocation)>",
                "target": [
                  "<com.autonavi.aps.amapapi.restruct.e: void a(android.telephony.CellLocation)>",
                  "$i0_15 = virtualinvoke $r10.<android.telephony.cdma.CdmaCellLocation: int getBaseStationId()>()"
                ]
              },
              "hash": "e02e3c486f5b86ef2b2ce8f43d2dd22318fe0d90"
            }
          ]
        },
        "221_api": {
          "complianceCategoryDetail": "location",
          "deobfApk": "",
          "level": "high",
          "name": "221_api",
          "detail": "位置信息",
          "complianceCategory": "location",
          "category": "ComplianceInfo",
          "vulners": [
            {
              "details": {
                "url": "https://tosv.byted.org/obj/appscan-obj/aux/misc/393537363036333237393536343031221_api.html",
                "position": "<com.autonavi.aps.amapapi.restruct.e: android.telephony.CellLocation r()>",
                "target": [
                  "<com.autonavi.aps.amapapi.restruct.e: android.telephony.CellLocation r()>",
                  "$r2 = virtualinvoke $r1.<android.telephony.TelephonyManager: android.telephony.CellLocation getCellLocation()>()"
                ]
              },
              "hash": "ce5129954c22765dbba36f2e9103e0933286e371"
            }
          ]
        },
        "576_api": {
          "complianceCategoryDetail": "location",
          "deobfApk": "",
          "level": "high",
          "name": "576_api",
          "detail": "经度",
          "complianceCategory": "location",
          "category": "ComplianceInfo",
          "vulners": [
            {
              "details": {
                "url": "https://tosv.byted.org/obj/appscan-obj/aux/misc/393537363238363639333230303737576_api.html",
                "position": "<com.autonavi.aps.amapapi.b: void a(com.autonavi.aps.amapapi.model.a,int)>",
                "target": [
                  "<com.autonavi.aps.amapapi.b: void a(com.autonavi.aps.amapapi.model.a,int)>",
                  "$d0_1 = virtualinvoke $r1.<com.autonavi.aps.amapapi.model.a: double getLongitude()>()"
                ]
              },
              "hash": "b990a5a3cb686f9881d7a901ecf431a776f04fcb"
            },
            {
              "details": {
                "url": "https://tosv.byted.org/obj/appscan-obj/aux/misc/393537363239303336393130383838576_api.html",
                "position": "<com.amap.api.col.3l.d: void a(com.amap.api.location.AMapLocation)>",
                "target": [
                  "<com.amap.api.col.3l.d: void a(com.amap.api.location.AMapLocation)>",
                  "$d1 = virtualinvoke $r1.<com.amap.api.location.AMapLocation: double getLongitude()>()"
                ]
              },
              "hash": "00f8b3a7d3fa658bde6f4329343b3291b5044249"
            },
            {
              "details": {
                "url": "https://tosv.byted.org/obj/appscan-obj/aux/misc/393537363239313735343333373532576_api.html",
                "position": "<com.autonavi.aps.amapapi.utils.g: void a(com.amap.api.location.AMapLocation,com.amap.api.location.AMapLocation)>",
                "target": [
                  "<com.autonavi.aps.amapapi.utils.g: void a(com.amap.api.location.AMapLocation,com.amap.api.location.AMapLocation)>",
                  "$d0_1 = virtualinvoke $r3_11.<com.amap.api.location.AMapLocation: double getLongitude()>()"
                ]
              },
              "hash": "75dd6606c672d6344e43f1db8baf352ff3ec9305"
            },
            {
              "details": {
                "url": "https://tosv.byted.org/obj/appscan-obj/aux/misc/393537363239333134313631303830576_api.html",
                "position": "<com.autonavi.aps.amapapi.utils.i: boolean b(com.amap.api.location.AMapLocation)>",
                "target": [
                  "<com.autonavi.aps.amapapi.utils.i: boolean b(com.amap.api.location.AMapLocation)>",
                  "$d0 = virtualinvoke $r0.<com.amap.api.location.AMapLocation: double getLongitude()>()"
                ]
              },
              "hash": "f6353ecfded72873050af48c0bb2560e0754623c"
            },
            {
              "details": {
                "url": "https://tosv.byted.org/obj/appscan-obj/aux/misc/393537363239363233393733343836576_api.html",
                "position": "<com.amap.api.col.3l.a: boolean a(com.amap.api.location.AMapLocation,com.amap.api.location.DPoint,float)>",
                "target": [
                  "<com.amap.api.col.3l.a: boolean a(com.amap.api.location.AMapLocation,com.amap.api.location.DPoint,float)>",
                  "$d0_3 = virtualinvoke $r0.<com.amap.api.location.AMapLocation: double getLongitude()>()"
                ]
              },
              "hash": "2daee18630800592716da14152533fc1048879dd"
            },
            {
              "details": {
                "url": "https://tosv.byted.org/obj/appscan-obj/aux/misc/393537363239383539313236393731576_api.html",
                "position": "<com.amap.api.col.3l.g: void a(android.location.Location)>",
                "target": [
                  "<com.amap.api.col.3l.g: void a(android.location.Location)>",
                  "$d1 = virtualinvoke $r3.<com.amap.api.location.AMapLocation: double getLongitude()>()"
                ]
              },
              "hash": "770890c0a442ede167708b24d078fa5fb2f52bc3"
            },
            {
              "details": {
                "url": "https://tosv.byted.org/obj/appscan-obj/aux/misc/393537363330323035303331383538576_api.html",
                "position": "<com.amap.api.col.3l.i: java.lang.String b(com.amap.api.location.AMapLocation)>",
                "target": [
                  "<com.amap.api.col.3l.i: java.lang.String b(com.amap.api.location.AMapLocation)>",
                  "$d0 = virtualinvoke $r1.<com.amap.api.location.AMapLocation: double getLongitude()>()"
                ]
              },
              "hash": "ee50b0156e104c03eeed6cc35b5c2350b3f697af"
            },
            {
              "details": {
                "url": "https://tosv.byted.org/obj/appscan-obj/aux/misc/393537363330333232333738303038576_api.html",
                "position": "<com.autonavi.aps.amapapi.utils.g: void a(android.content.Context,com.amap.api.location.AMapLocation)>",
                "target": [
                  "<com.autonavi.aps.amapapi.utils.g: void a(android.content.Context,com.amap.api.location.AMapLocation)>",
                  "$d0 = virtualinvoke $r1.<com.amap.api.location.AMapLocation: double getLongitude()>()"
                ]
              },
              "hash": "ab39c896e2753b0d9e60faedc4795a0544cebe1b"
            },
            {
              "details": {
                "url": "https://tosv.byted.org/obj/appscan-obj/aux/misc/393537363330363134383236393532576_api.html",
                "position": "<com.amap.api.col.3l.h: void a(android.location.Location)>",
                "target": [
                  "<com.amap.api.col.3l.h: void a(android.location.Location)>",
                  "$d1 = virtualinvoke $r3.<com.amap.api.location.AMapLocation: double getLongitude()>()"
                ]
              },
              "hash": "bd091063bdfaffb01063a4ce3a382a89ca067cd5"
            },
            {
              "details": {
                "url": "https://tosv.byted.org/obj/appscan-obj/aux/misc/393537363330373336313830383539576_api.html",
                "position": "<com.amap.api.col.3l.h: void b(com.amap.api.location.AMapLocation)>",
                "target": [
                  "<com.amap.api.col.3l.h: void b(com.amap.api.location.AMapLocation)>",
                  "$d0_1 = virtualinvoke $r1.<com.amap.api.location.AMapLocation: double getLongitude()>()"
                ]
              },
              "hash": "99ee2d3a5aa525b71810fd7e67704b257726aee1"
            },
            {
              "details": {
                "url": "https://tosv.byted.org/obj/appscan-obj/aux/misc/393537363330383438383235333734576_api.html",
                "position": "<com.amap.api.col.3l.e: void a(android.os.Messenger,android.os.Bundle,java.lang.String)>",
                "target": [
                  "<com.amap.api.col.3l.e: void a(android.os.Messenger,android.os.Bundle,java.lang.String)>",
                  "$d2_1 = virtualinvoke $r5_4.<com.amap.api.location.AMapLocation: double getLongitude()>()"
                ]
              },
              "hash": "1b9b2a00bfe74a5161987e243d86146534b9f8de"
            },
            {
              "details": {
                "url": "https://tosv.byted.org/obj/appscan-obj/aux/misc/393537363330393737313839333130576_api.html",
                "position": "<com.amap.api.col.3l.g: void e(com.amap.api.location.AMapLocation)>",
                "target": [
                  "<com.amap.api.col.3l.g: void e(com.amap.api.location.AMapLocation)>",
                  "$d1 = virtualinvoke $r1.<com.amap.api.location.AMapLocation: double getLongitude()>()"
                ]
              },
              "hash": "722e86fc03146d1e55f3dbbe378a9b66665eaf1e"
            },
            {
              "details": {
                "url": "https://tosv.byted.org/obj/appscan-obj/aux/misc/393537363331313439353836323231576_api.html",
                "position": "<com.autonavi.aps.amapapi.filters.a: com.amap.api.location.AMapLocation a(com.amap.api.location.AMapLocation)>",
                "target": [
                  "<com.autonavi.aps.amapapi.filters.a: com.amap.api.location.AMapLocation a(com.amap.api.location.AMapLocation)>",
                  "$d1_1 = virtualinvoke $r1.<com.amap.api.location.AMapLocation: double getLongitude()>()"
                ]
              },
              "hash": "39818c902cf766df4465fc5fe3a3ba4513bba227"
            },
            {
              "details": {
                "url": "https://tosv.byted.org/obj/appscan-obj/aux/misc/393537363331323631333931303834576_api.html",
                "position": "<com.amap.api.col.3l.g: void b(com.amap.api.location.AMapLocation)>",
                "target": [
                  "<com.amap.api.col.3l.g: void b(com.amap.api.location.AMapLocation)>",
                  "$d0_1 = virtualinvoke $r1.<com.amap.api.location.AMapLocation: double getLongitude()>()"
                ]
              },
              "hash": "fc6c18e0eabb896399c58e1721721c8154a43cca"
            },
            {
              "details": {
                "url": "https://tosv.byted.org/obj/appscan-obj/aux/misc/393537363331343537313333393739576_api.html",
                "position": "<com.amap.api.col.3l.a: float a(com.amap.api.location.AMapLocation,java.util.List)>",
                "target": [
                  "<com.amap.api.col.3l.a: float a(com.amap.api.location.AMapLocation,java.util.List)>",
                  "$d1 = virtualinvoke $r0.<com.amap.api.location.AMapLocation: double getLongitude()>()"
                ]
              },
              "hash": "a1f8c5638dc5a8c11e1c11538694c88df9d18606"
            },
            {
              "details": {
                "url": "https://tosv.byted.org/obj/appscan-obj/aux/misc/393537363331353936363135393738576_api.html",
                "position": "<com.autonavi.aps.amapapi.b: void a(com.amap.api.location.AMapLocation)>",
                "target": [
                  "<com.autonavi.aps.amapapi.b: void a(com.amap.api.location.AMapLocation)>",
                  "$d0_1 = virtualinvoke $r1.<com.amap.api.location.AMapLocation: double getLongitude()>()"
                ]
              },
              "hash": "e25e84e5508e956f421514d37c9b89dbe8858c2e"
            },
            {
              "details": {
                "url": "https://tosv.byted.org/obj/appscan-obj/aux/misc/393537363331393534373234353236576_api.html",
                "position": "<com.autonavi.aps.amapapi.utils.i: float a(com.amap.api.location.AMapLocation,com.amap.api.location.AMapLocation)>",
                "target": [
                  "<com.autonavi.aps.amapapi.utils.i: float a(com.amap.api.location.AMapLocation,com.amap.api.location.AMapLocation)>",
                  "$d0_3 = virtualinvoke $r0.<com.amap.api.location.AMapLocation: double getLongitude()>()"
                ]
              },
              "hash": "31104095d23e5fc2e40ac8951d9327df8f3296ba"
            },
            {
              "details": {
                "url": "https://tosv.byted.org/obj/appscan-obj/aux/misc/393537363332313839343433393933576_api.html",
                "position": "<com.amap.api.col.3l.h: void e(com.amap.api.location.AMapLocation)>",
                "target": [
                  "<com.amap.api.col.3l.h: void e(com.amap.api.location.AMapLocation)>",
                  "$d1 = virtualinvoke $r1.<com.amap.api.location.AMapLocation: double getLongitude()>()"
                ]
              },
              "hash": "a7d33014f2939b39bfcd76fc005e2f9fe2ea0a09"
            },
            {
              "details": {
                "url": "https://tosv.byted.org/obj/appscan-obj/aux/misc/393537363332333533343731303236576_api.html",
                "position": "<com.autonavi.aps.amapapi.utils.g: boolean a(com.amap.api.location.AMapLocation)>",
                "target": [
                  "<com.autonavi.aps.amapapi.utils.g: boolean a(com.amap.api.location.AMapLocation)>",
                  "$d1 = virtualinvoke $r0.<com.amap.api.location.AMapLocation: double getLongitude()>()"
                ]
              },
              "hash": "c3dbb972acd3a94f33dde1f1e862f9e9c1fb1c6c"
            },
            {
              "details": {
                "url": "https://tosv.byted.org/obj/appscan-obj/aux/misc/393537363332353735303133393035576_api.html",
                "position": "<com.amap.api.location.AMapLocation: org.json.JSONObject toJson(int)>",
                "target": [
                  "<com.amap.api.location.AMapLocation: org.json.JSONObject toJson(int)>",
                  "$d0_7 = virtualinvoke r0.<com.amap.api.location.AMapLocation: double getLongitude()>()"
                ]
              },
              "hash": "0eb5f0436365e52548de126cc15d1c647dda594e"
            },
            {
              "details": {
                "url": "https://tosv.byted.org/obj/appscan-obj/aux/misc/393537363332373036373738323335576_api.html",
                "position": "<com.amap.api.col.3l.a: boolean b(com.amap.api.location.AMapLocation,java.util.List)>",
                "target": [
                  "<com.amap.api.col.3l.a: boolean b(com.amap.api.location.AMapLocation,java.util.List)>",
                  "$d1 = virtualinvoke $r1.<com.amap.api.location.AMapLocation: double getLongitude()>()"
                ]
              },
              "hash": "7c9de1558478f660b087bf6181b9865b45420cbd"
            },
            {
              "details": {
                "url": "https://tosv.byted.org/obj/appscan-obj/aux/misc/393537363332383534333437393832576_api.html",
                "position": "<com.autonavi.aps.amapapi.utils.b: void a(com.amap.api.location.AMapLocation,org.json.JSONObject)>",
                "target": [
                  "<com.autonavi.aps.amapapi.utils.b: void a(com.amap.api.location.AMapLocation,org.json.JSONObject)>",
                  "$d1 = virtualinvoke $r0.<com.amap.api.location.AMapLocation: double getLongitude()>()"
                ]
              },
              "hash": "cc285842533174ff962b6ff4997e6a7e121cbe7a"
            },
            {
              "details": {
                "url": "https://tosv.byted.org/obj/appscan-obj/aux/misc/393537363333303730303034303837576_api.html",
                "position": "<com.amap.api.location.AMapLocation: void <init>(android.location.Location)>",
                "target": [
                  "<com.amap.api.location.AMapLocation: void <init>(android.location.Location)>",
                  "$d0_1 = virtualinvoke $r1.<android.location.Location: double getLongitude()>()"
                ]
              },
              "hash": "c9d9694156ee9ef150a96b5ef2f3185e07010429"
            },
            {
              "details": {
                "url": "https://tosv.byted.org/obj/appscan-obj/aux/misc/393537363333313937373436383337576_api.html",
                "position": "<com.amap.api.col.3l.fc: void onLocationChanged(android.location.Location)>",
                "target": [
                  "<com.amap.api.col.3l.fc: void onLocationChanged(android.location.Location)>",
                  "$d1 = virtualinvoke $r2.<android.location.Location: double getLongitude()>()"
                ]
              },
              "hash": "1d495c8f20b25055ebbe49445cce1a03b235b5cd"
            },
            {
              "details": {
                "url": "https://tosv.byted.org/obj/appscan-obj/aux/misc/393537363333333430383730333234576_api.html",
                "position": "<com.amap.api.col.3l.cl: void a(android.location.Location)>",
                "target": [
                  "<com.amap.api.col.3l.cl: void a(android.location.Location)>",
                  "$d1 = virtualinvoke $r1.<android.location.Location: double getLongitude()>()"
                ]
              },
              "hash": "c4c39c26797a8c02d44aac366fd06894126d9729"
            },
            {
              "details": {
                "url": "https://tosv.byted.org/obj/appscan-obj/aux/misc/393537363333343537383536323438576_api.html",
                "position": "<com.amap.api.col.3l.l: void showMyLocationOverlay(android.location.Location)>",
                "target": [
                  "<com.amap.api.col.3l.l: void showMyLocationOverlay(android.location.Location)>",
                  "$d0 = virtualinvoke $r1.<android.location.Location: double getLongitude()>()"
                ]
              },
              "hash": "b0bdee920a314954306dfc91316d1960c217013b"
            },
            {
              "details": {
                "url": "https://tosv.byted.org/obj/appscan-obj/aux/misc/393537363333353738383631303331576_api.html",
                "position": "<com.autonavi.aps.amapapi.c$b: void a()>",
                "target": [
                  "<com.autonavi.aps.amapapi.c$b: void a()>",
                  "$d0_2 = virtualinvoke $r3_7.<android.location.Location: double getLongitude()>()"
                ]
              },
              "hash": "1ff8c04023d4b6671d142b538b8b7d9027c3f3f4"
            },
            {
              "details": {
                "url": "https://tosv.byted.org/obj/appscan-obj/aux/misc/393537363333373633323532383035576_api.html",
                "position": "<com.amap.api.col.3l.eg$1: boolean onTouch(android.view.View,android.view.MotionEvent)>",
                "target": [
                  "<com.amap.api.col.3l.eg$1: boolean onTouch(android.view.View,android.view.MotionEvent)>",
                  "$d1 = virtualinvoke $r7.<android.location.Location: double getLongitude()>()"
                ]
              },
              "hash": "c7e3ad85cb77c17c5b6399e39bf38daa81a24d8e"
            }
          ]
        },
        "391_api": {
          "complianceCategoryDetail": "location",
          "deobfApk": "",
          "level": "low",
          "name": "391_api",
          "detail": "设置监听GPS的状态。可能会被照明弹记录。",
          "complianceCategory": "location",
          "category": "ComplianceInfo",
          "vulners": [
            {
              "details": {
                "url": "https://tosv.byted.org/obj/appscan-obj/aux/misc/393537363130323533373035363131391_api.html",
                "position": "<com.amap.api.col.3l.h: void i()>",
                "target": [
                  "<com.amap.api.col.3l.h: void i()>",
                  "virtualinvoke $r1_8.<android.location.LocationManager: boolean registerGnssStatusCallback(android.location.GnssStatus$Callback)>($r15)"
                ]
              },
              "hash": "5e8bb18a6ba3ad917218d3422797d2050e5c2457"
            }
          ]
        },
        "392_api": {
          "complianceCategoryDetail": "location",
          "deobfApk": "",
          "level": "low",
          "name": "392_api",
          "detail": "设置监听GPS的状态。可能会被照明弹记录。",
          "complianceCategory": "location",
          "category": "ComplianceInfo",
          "vulners": [
            {
              "details": {
                "url": "https://tosv.byted.org/obj/appscan-obj/aux/misc/393537363130343439303430383331392_api.html",
                "position": "<com.amap.api.col.3l.h: void i()>",
                "target": [
                  "<com.amap.api.col.3l.h: void i()>",
                  "virtualinvoke $r1_8.<android.location.LocationManager: boolean registerGnssStatusCallback(android.location.GnssStatus$Callback)>($r15)"
                ]
              },
              "hash": "5e8bb18a6ba3ad917218d3422797d2050e5c2457"
            }
          ]
        },
        "577_api": {
          "complianceCategoryDetail": "location",
          "deobfApk": "",
          "level": "high",
          "name": "577_api",
          "detail": "基站ID",
          "complianceCategory": "location",
          "category": "ComplianceInfo",
          "vulners": [
            {
              "details": {
                "url": "https://tosv.byted.org/obj/appscan-obj/aux/misc/393537363334323036393538303730577_api.html",
                "position": "<com.amap.api.col.3l.d: void a(com.amap.api.location.AMapLocation)>",
                "target": [
                  "<com.amap.api.col.3l.d: void a(com.amap.api.location.AMapLocation)>",
                  "$d0_2 = virtualinvoke $r1.<com.amap.api.location.AMapLocation: double getAltitude()>()"
                ]
              },
              "hash": "5976c625ca611a44f8b8224da6110c7675770c34"
            },
            {
              "details": {
                "url": "https://tosv.byted.org/obj/appscan-obj/aux/misc/393537363334333236343434393230577_api.html",
                "position": "<com.autonavi.aps.amapapi.filters.a: com.amap.api.location.AMapLocation a(com.amap.api.location.AMapLocation)>",
                "target": [
                  "<com.autonavi.aps.amapapi.filters.a: com.amap.api.location.AMapLocation a(com.amap.api.location.AMapLocation)>",
                  "$d1 = virtualinvoke $r1.<com.amap.api.location.AMapLocation: double getAltitude()>()"
                ]
              },
              "hash": "49ba1d1375d4e358fd02132f770edd152ce1cc42"
            },
            {
              "details": {
                "url": "https://tosv.byted.org/obj/appscan-obj/aux/misc/393537363334353034343631363133577_api.html",
                "position": "<com.amap.api.location.AMapLocation: org.json.JSONObject toJson(int)>",
                "target": [
                  "<com.amap.api.location.AMapLocation: org.json.JSONObject toJson(int)>",
                  "$d0 = virtualinvoke r0.<com.amap.api.location.AMapLocation: double getAltitude()>()"
                ]
              },
              "hash": "0ed560115e695839b13721aa0da263821e25df60"
            },
            {
              "details": {
                "url": "https://tosv.byted.org/obj/appscan-obj/aux/misc/393537363334363636303838363431577_api.html",
                "position": "<com.autonavi.aps.amapapi.utils.g: void a(android.content.Context,com.amap.api.location.AMapLocation)>",
                "target": [
                  "<com.autonavi.aps.amapapi.utils.g: void a(android.content.Context,com.amap.api.location.AMapLocation)>",
                  "$d0_6 = virtualinvoke $r1.<com.amap.api.location.AMapLocation: double getAltitude()>()"
                ]
              },
              "hash": "199b4d0a0527d6b4ff35e05d53de6c4a2f8c1400"
            },
            {
              "details": {
                "url": "https://tosv.byted.org/obj/appscan-obj/aux/misc/393537363334383831383035333531577_api.html",
                "position": "<com.autonavi.aps.amapapi.utils.b: void a(com.amap.api.location.AMapLocation,org.json.JSONObject)>",
                "target": [
                  "<com.autonavi.aps.amapapi.utils.b: void a(com.amap.api.location.AMapLocation,org.json.JSONObject)>",
                  "$d2 = virtualinvoke $r0.<com.amap.api.location.AMapLocation: double getAltitude()>()"
                ]
              },
              "hash": "4752f7602278f378b186bc27c0902898c3e56620"
            },
            {
              "details": {
                "url": "https://tosv.byted.org/obj/appscan-obj/aux/misc/393537363335303836353735313139577_api.html",
                "position": "<com.amap.api.location.AMapLocation: void <init>(android.location.Location)>",
                "target": [
                  "<com.amap.api.location.AMapLocation: void <init>(android.location.Location)>",
                  "$d0_2 = virtualinvoke $r1.<android.location.Location: double getAltitude()>()"
                ]
              },
              "hash": "fb2db8ad52767352d50e2566c2ca3071d724cbd1"
            },
            {
              "details": {
                "url": "https://tosv.byted.org/obj/appscan-obj/aux/misc/393537363335323235323438363233577_api.html",
                "position": "<com.autonavi.aps.amapapi.c$b: void a()>",
                "target": [
                  "<com.autonavi.aps.amapapi.c$b: void a()>",
                  "$d0 = virtualinvoke $r3_4.<android.location.Location: double getAltitude()>()"
                ]
              },
              "hash": "6112a79ade624ce72ef906d9d4722557d6c1da88"
            },
            {
              "details": {
                "url": "https://tosv.byted.org/obj/appscan-obj/aux/misc/393537363335333534303033343635577_api.html",
                "position": "<com.autonavi.aps.amapapi.utils.i: boolean a(android.location.Location,int)>",
                "target": [
                  "<com.autonavi.aps.amapapi.utils.i: boolean a(android.location.Location,int)>",
                  "$d0 = virtualinvoke $r0.<android.location.Location: double getAltitude()>()"
                ]
              },
              "hash": "93f0c38224ba5a7188441405630230ec6bdf6659"
            }
          ]
        },
        "415_api": {
          "complianceCategoryDetail": "location",
          "deobfApk": "",
          "level": "low",
          "name": "415_api",
          "detail": "位置信息",
          "complianceCategory": "location",
          "category": "ComplianceInfo",
          "vulners": [
            {
              "details": {
                "url": "https://tosv.byted.org/obj/appscan-obj/aux/misc/393537363134393939343838353239415_api.html",
                "position": "<com.autonavi.aps.amapapi.c: void a(com.autonavi.aps.amapapi.restruct.e,com.autonavi.aps.amapapi.restruct.i,android.os.Handler)>",
                "target": [
                  "<com.autonavi.aps.amapapi.c: void a(com.autonavi.aps.amapapi.restruct.e,com.autonavi.aps.amapapi.restruct.i,android.os.Handler)>",
                  "virtualinvoke $r6_4.<android.location.LocationManager: void requestLocationUpdates(java.lang.String,long,float,android.location.LocationListener)>(\"passive\", 1000L, -1.0F, $r8_5)"
                ]
              },
              "hash": "4381196e4670bbe6658c1034d185d0faa4afb5e7"
            },
            {
              "details": {
                "url": "https://tosv.byted.org/obj/appscan-obj/aux/misc/393537363135313237353136303835415_api.html",
                "position": "<com.amap.api.col.3l.g: void f()>",
                "target": [
                  "<com.amap.api.col.3l.g: void f()>",
                  "virtualinvoke $r1_8.<android.location.LocationManager: void requestLocationUpdates(java.lang.String,long,float,android.location.LocationListener,android.os.Looper)>(\"gps\", $l0_9, $f0_2, $r5_4, $r3_2)"
                ]
              },
              "hash": "191d462fa2c3fa4e31b185212713d8af81099c5a"
            },
            {
              "details": {
                "url": "https://tosv.byted.org/obj/appscan-obj/aux/misc/393537363135323539333439323234415_api.html",
                "position": "<com.amap.api.col.3l.h: void i()>",
                "target": [
                  "<com.amap.api.col.3l.h: void i()>",
                  "virtualinvoke $r1_5.<android.location.LocationManager: void requestLocationUpdates(java.lang.String,long,float,android.location.LocationListener,android.os.Looper)>(\"gps\", $l0_7, $f0_1, $r10_1, $r2_2)"
                ]
              },
              "hash": "c440f85e50c9bb079b6f20fee37512e9a62b6903"
            }
          ]
        },
        "138_api": {
          "complianceCategoryDetail": "location",
          "deobfApk": "",
          "level": "low",
          "name": "138_api",
          "detail": "设置监听GPS的状态。可能会被照明弹记录。",
          "complianceCategory": "location",
          "category": "ComplianceInfo",
          "vulners": [
            {
              "details": {
                "url": "https://tosv.byted.org/obj/appscan-obj/aux/misc/393537363034323032303937323332138_api.html",
                "position": "<com.amap.api.col.3l.h: void i()>",
                "target": [
                  "<com.amap.api.col.3l.h: void i()>",
                  "virtualinvoke $r1_9.<android.location.LocationManager: boolean addGpsStatusListener(android.location.GpsStatus$Listener)>($r16)"
                ]
              },
              "hash": "2191beb47ba81212c32a40bd015b186354c2e677"
            }
          ]
        },
        "203_api": {
          "complianceCategoryDetail": "location",
          "deobfApk": "",
          "level": "high",
          "name": "203_api",
          "detail": "位置信息",
          "complianceCategory": "location",
          "category": "ComplianceInfo",
          "vulners": [
            {
              "details": {
                "url": "https://tosv.byted.org/obj/appscan-obj/aux/misc/393537363034383336323030313136203_api.html",
                "position": "<com.autonavi.aps.amapapi.restruct.e: java.util.List a()>",
                "target": [
                  "<com.autonavi.aps.amapapi.restruct.e: java.util.List a()>",
                  "$r3 = virtualinvoke $r2.<android.telephony.TelephonyManager: java.util.List getAllCellInfo()>()"
                ]
              },
              "hash": "094e545f2ade6a6a23b5c10ac9287b875d085cbe"
            },
            {
              "details": {
                "url": "https://tosv.byted.org/obj/appscan-obj/aux/misc/393537363035393730333331373234203_api.html",
                "position": "<com.autonavi.aps.amapapi.restruct.e: java.util.List u()>",
                "target": [
                  "<com.autonavi.aps.amapapi.restruct.e: java.util.List u()>",
                  "$r2 = virtualinvoke $r1_1.<android.telephony.TelephonyManager: java.util.List getAllCellInfo()>()"
                ]
              },
              "hash": "2489ea4b3bfb729cb4b5005aa5627c8544581022"
            }
          ]
        },
        "413_api": {
          "complianceCategoryDetail": "location",
          "deobfApk": "",
          "level": "low",
          "name": "413_api",
          "detail": "位置信息",
          "complianceCategory": "location",
          "category": "ComplianceInfo",
          "vulners": [
            {
              "details": {
                "url": "https://tosv.byted.org/obj/appscan-obj/aux/misc/393537363134313130383437303939413_api.html",
                "position": "<com.autonavi.aps.amapapi.c: void a(com.autonavi.aps.amapapi.restruct.e,com.autonavi.aps.amapapi.restruct.i,android.os.Handler)>",
                "target": [
                  "<com.autonavi.aps.amapapi.c: void a(com.autonavi.aps.amapapi.restruct.e,com.autonavi.aps.amapapi.restruct.i,android.os.Handler)>",
                  "virtualinvoke $r6_4.<android.location.LocationManager: void requestLocationUpdates(java.lang.String,long,float,android.location.LocationListener)>(\"passive\", 1000L, -1.0F, $r8_5)"
                ]
              },
              "hash": "4381196e4670bbe6658c1034d185d0faa4afb5e7"
            },
            {
              "details": {
                "url": "https://tosv.byted.org/obj/appscan-obj/aux/misc/393537363134323637343730363633413_api.html",
                "position": "<com.amap.api.col.3l.g: void f()>",
                "target": [
                  "<com.amap.api.col.3l.g: void f()>",
                  "virtualinvoke $r1_8.<android.location.LocationManager: void requestLocationUpdates(java.lang.String,long,float,android.location.LocationListener,android.os.Looper)>(\"gps\", $l0_9, $f0_2, $r5_4, $r3_2)"
                ]
              },
              "hash": "191d462fa2c3fa4e31b185212713d8af81099c5a"
            },
            {
              "details": {
                "url": "https://tosv.byted.org/obj/appscan-obj/aux/misc/393537363134343534323331383039413_api.html",
                "position": "<com.amap.api.col.3l.h: void i()>",
                "target": [
                  "<com.amap.api.col.3l.h: void i()>",
                  "virtualinvoke $r1_5.<android.location.LocationManager: void requestLocationUpdates(java.lang.String,long,float,android.location.LocationListener,android.os.Looper)>(\"gps\", $l0_7, $f0_1, $r10_1, $r2_2)"
                ]
              },
              "hash": "c440f85e50c9bb079b6f20fee37512e9a62b6903"
            }
          ]
        },
        "411_api": {
          "complianceCategoryDetail": "location",
          "deobfApk": "",
          "level": "low",
          "name": "411_api",
          "detail": "位置信息",
          "complianceCategory": "location",
          "category": "ComplianceInfo",
          "vulners": [
            {
              "details": {
                "url": "https://tosv.byted.org/obj/appscan-obj/aux/misc/393537363133323032333836353735411_api.html",
                "position": "<com.autonavi.aps.amapapi.c: void a(com.autonavi.aps.amapapi.restruct.e,com.autonavi.aps.amapapi.restruct.i,android.os.Handler)>",
                "target": [
                  "<com.autonavi.aps.amapapi.c: void a(com.autonavi.aps.amapapi.restruct.e,com.autonavi.aps.amapapi.restruct.i,android.os.Handler)>",
                  "virtualinvoke $r6_4.<android.location.LocationManager: void requestLocationUpdates(java.lang.String,long,float,android.location.LocationListener)>(\"passive\", 1000L, -1.0F, $r8_5)"
                ]
              },
              "hash": "4381196e4670bbe6658c1034d185d0faa4afb5e7"
            },
            {
              "details": {
                "url": "https://tosv.byted.org/obj/appscan-obj/aux/misc/393537363133333538363838333738411_api.html",
                "position": "<com.amap.api.col.3l.g: void f()>",
                "target": [
                  "<com.amap.api.col.3l.g: void f()>",
                  "virtualinvoke $r1_8.<android.location.LocationManager: void requestLocationUpdates(java.lang.String,long,float,android.location.LocationListener,android.os.Looper)>(\"gps\", $l0_9, $f0_2, $r5_4, $r3_2)"
                ]
              },
              "hash": "191d462fa2c3fa4e31b185212713d8af81099c5a"
            },
            {
              "details": {
                "url": "https://tosv.byted.org/obj/appscan-obj/aux/misc/393537363133353130313533333439411_api.html",
                "position": "<com.amap.api.col.3l.h: void i()>",
                "target": [
                  "<com.amap.api.col.3l.h: void i()>",
                  "virtualinvoke $r1_5.<android.location.LocationManager: void requestLocationUpdates(java.lang.String,long,float,android.location.LocationListener,android.os.Looper)>(\"gps\", $l0_7, $f0_1, $r10_1, $r2_2)"
                ]
              },
              "hash": "c440f85e50c9bb079b6f20fee37512e9a62b6903"
            }
          ]
        },
        "584_api": {
          "complianceCategoryDetail": "location",
          "deobfApk": "",
          "level": "high",
          "name": "584_api",
          "detail": "基站ID",
          "complianceCategory": "location",
          "category": "ComplianceInfo",
          "vulners": [
            {
              "details": {
                "url": "https://tosv.byted.org/obj/appscan-obj/aux/misc/393537363335383337393339353635584_api.html",
                "position": "<com.autonavi.aps.amapapi.restruct.e: void a(android.telephony.CellLocation)>",
                "target": [
                  "<com.autonavi.aps.amapapi.restruct.e: void a(android.telephony.CellLocation)>",
                  "$i0_14 = virtualinvoke $r10.<android.telephony.cdma.CdmaCellLocation: int getNetworkId()>()"
                ]
              },
              "hash": "d64cb12ca484f88accd481355ef6819ae5cf4c6a"
            }
          ]
        },
        "586_api": {
          "complianceCategoryDetail": "location",
          "deobfApk": "",
          "level": "high",
          "name": "586_api",
          "detail": "基站ID",
          "complianceCategory": "location",
          "category": "ComplianceInfo",
          "vulners": [
            {
              "details": {
                "url": "https://tosv.byted.org/obj/appscan-obj/aux/misc/393537363336333539383632343035586_api.html",
                "position": "<com.autonavi.aps.amapapi.restruct.e: void a(android.telephony.CellLocation)>",
                "target": [
                  "<com.autonavi.aps.amapapi.restruct.e: void a(android.telephony.CellLocation)>",
                  "$i0_11 = virtualinvoke $r10.<android.telephony.cdma.CdmaCellLocation: int getBaseStationLatitude()>()"
                ]
              },
              "hash": "24daa06da7d0037a87d232bf776840cb7583b59d"
            }
          ]
        },
        "575_api": {
          "complianceCategoryDetail": "location",
          "deobfApk": "",
          "level": "high",
          "name": "575_api",
          "detail": "纬度",
          "complianceCategory": "location",
          "category": "ComplianceInfo",
          "vulners": [
            {
              "details": {
                "url": "https://tosv.byted.org/obj/appscan-obj/aux/misc/393537363139333131333335343933575_api.html",
                "position": "<com.amap.api.location.AMapLocation: void <init>(android.location.Location)>",
                "target": [
                  "<com.amap.api.location.AMapLocation: void <init>(android.location.Location)>",
                  "$d0 = virtualinvoke $r1.<android.location.Location: double getLatitude()>()"
                ]
              },
              "hash": "e1a7a688afe045378bb6d8d63ec030c989c2369b"
            },
            {
              "details": {
                "url": "https://tosv.byted.org/obj/appscan-obj/aux/misc/393537363139363633363935373437575_api.html",
                "position": "<com.amap.api.col.3l.fc: void onLocationChanged(android.location.Location)>",
                "target": [
                  "<com.amap.api.col.3l.fc: void onLocationChanged(android.location.Location)>",
                  "$d0 = virtualinvoke $r2.<android.location.Location: double getLatitude()>()"
                ]
              },
              "hash": "1ad16a8401ccf3a5484c64c1130570e0dcf91c00"
            },
            {
              "details": {
                "url": "https://tosv.byted.org/obj/appscan-obj/aux/misc/393537363139383736333436323436575_api.html",
                "position": "<com.amap.api.col.3l.cl: void a(android.location.Location)>",
                "target": [
                  "<com.amap.api.col.3l.cl: void a(android.location.Location)>",
                  "$d0 = virtualinvoke $r1.<android.location.Location: double getLatitude()>()"
                ]
              },
              "hash": "d9cc092121d844fecad1b1e514ef3e929a556e3e"
            },
            {
              "details": {
                "url": "https://tosv.byted.org/obj/appscan-obj/aux/misc/393537363230323133343133323038575_api.html",
                "position": "<com.amap.api.col.3l.l: void showMyLocationOverlay(android.location.Location)>",
                "target": [
                  "<com.amap.api.col.3l.l: void showMyLocationOverlay(android.location.Location)>",
                  "$d0_1 = virtualinvoke $r1.<android.location.Location: double getLatitude()>()"
                ]
              },
              "hash": "e45c18caffa72f328ff7b3425668110a2aa3b659"
            },
            {
              "details": {
                "url": "https://tosv.byted.org/obj/appscan-obj/aux/misc/393537363230333531313233393039575_api.html",
                "position": "<com.autonavi.aps.amapapi.c$b: void a()>",
                "target": [
                  "<com.autonavi.aps.amapapi.c$b: void a()>",
                  "$d0_1 = virtualinvoke $r3_5.<android.location.Location: double getLatitude()>()"
                ]
              },
              "hash": "fb4ef5eb5bb42b707a00505da2991c74f44ecd1e"
            },
            {
              "details": {
                "url": "https://tosv.byted.org/obj/appscan-obj/aux/misc/393537363230363437333530393937575_api.html",
                "position": "<com.amap.api.col.3l.eg$1: boolean onTouch(android.view.View,android.view.MotionEvent)>",
                "target": [
                  "<com.amap.api.col.3l.eg$1: boolean onTouch(android.view.View,android.view.MotionEvent)>",
                  "$d0 = virtualinvoke $r7.<android.location.Location: double getLatitude()>()"
                ]
              },
              "hash": "2b0f012b39a12c36f330958c28da8a457c6be0c8"
            },
            {
              "details": {
                "url": "https://tosv.byted.org/obj/appscan-obj/aux/misc/393537363230373936313231323837575_api.html",
                "position": "<com.autonavi.aps.amapapi.b: void a(com.autonavi.aps.amapapi.model.a,int)>",
                "target": [
                  "<com.autonavi.aps.amapapi.b: void a(com.autonavi.aps.amapapi.model.a,int)>",
                  "$d0 = virtualinvoke $r1.<com.autonavi.aps.amapapi.model.a: double getLatitude()>()"
                ]
              },
              "hash": "c5f832bd41dd1dad7637d66c7aab2872dfcdb81b"
            },
            {
              "details": {
                "url": "https://tosv.byted.org/obj/appscan-obj/aux/misc/393537363230393134303937373632575_api.html",
                "position": "<com.amap.api.col.3l.d: void a(com.amap.api.location.AMapLocation)>",
                "target": [
                  "<com.amap.api.col.3l.d: void a(com.amap.api.location.AMapLocation)>",
                  "$d0 = virtualinvoke $r1.<com.amap.api.location.AMapLocation: double getLatitude()>()"
                ]
              },
              "hash": "e8d20e77fed8e769cc132e9d386c6d89d65ecf8c"
            },
            {
              "details": {
                "url": "https://tosv.byted.org/obj/appscan-obj/aux/misc/393537363231323834343334373430575_api.html",
                "position": "<com.autonavi.aps.amapapi.utils.g: void a(com.amap.api.location.AMapLocation,com.amap.api.location.AMapLocation)>",
                "target": [
                  "<com.autonavi.aps.amapapi.utils.g: void a(com.amap.api.location.AMapLocation,com.amap.api.location.AMapLocation)>",
                  "$d0_2 = virtualinvoke $r1_1.<com.amap.api.location.AMapLocation: double getLatitude()>()"
                ]
              },
              "hash": "97264ee528ae90065486514191c56de5b46ffd6b"
            },
            {
              "details": {
                "url": "https://tosv.byted.org/obj/appscan-obj/aux/misc/393537363231343139353833383838575_api.html",
                "position": "<com.autonavi.aps.amapapi.utils.i: boolean b(com.amap.api.location.AMapLocation)>",
                "target": [
                  "<com.autonavi.aps.amapapi.utils.i: boolean b(com.amap.api.location.AMapLocation)>",
                  "$d1 = virtualinvoke $r0.<com.amap.api.location.AMapLocation: double getLatitude()>()"
                ]
              },
              "hash": "f00d29ae9c486ee76ee2243f2284afa51319f8ca"
            },
            {
              "details": {
                "url": "https://tosv.byted.org/obj/appscan-obj/aux/misc/393537363232323139333234353031575_api.html",
                "position": "<com.amap.api.col.3l.a: boolean a(com.amap.api.location.AMapLocation,com.amap.api.location.DPoint,float)>",
                "target": [
                  "<com.amap.api.col.3l.a: boolean a(com.amap.api.location.AMapLocation,com.amap.api.location.DPoint,float)>",
                  "$d0_2 = virtualinvoke $r0.<com.amap.api.location.AMapLocation: double getLatitude()>()"
                ]
              },
              "hash": "655a22d9ee5ee8b2c83e7fd9b5dd4fcc9ffac2d0"
            },
            {
              "details": {
                "url": "https://tosv.byted.org/obj/appscan-obj/aux/misc/393537363232343232353538383337575_api.html",
                "position": "<com.amap.api.col.3l.g: void a(android.location.Location)>",
                "target": [
                  "<com.amap.api.col.3l.g: void a(android.location.Location)>",
                  "$d0 = virtualinvoke $r3.<com.amap.api.location.AMapLocation: double getLatitude()>()"
                ]
              },
              "hash": "77ac401163e0e57fc0519e937dc10608325a7a82"
            },
            {
              "details": {
                "url": "https://tosv.byted.org/obj/appscan-obj/aux/misc/393537363232383235353838363830575_api.html",
                "position": "<com.amap.api.col.3l.i: java.lang.String b(com.amap.api.location.AMapLocation)>",
                "target": [
                  "<com.amap.api.col.3l.i: java.lang.String b(com.amap.api.location.AMapLocation)>",
                  "$d0_1 = virtualinvoke $r1.<com.amap.api.location.AMapLocation: double getLatitude()>()"
                ]
              },
              "hash": "9c1865c67f2698f659a10120d182b9a3a3905383"
            },
            {
              "details": {
                "url": "https://tosv.byted.org/obj/appscan-obj/aux/misc/393537363233333932363739333634575_api.html",
                "position": "<com.autonavi.aps.amapapi.utils.g: void a(android.content.Context,com.amap.api.location.AMapLocation)>",
                "target": [
                  "<com.autonavi.aps.amapapi.utils.g: void a(android.content.Context,com.amap.api.location.AMapLocation)>",
                  "$d0_2 = virtualinvoke $r1.<com.amap.api.location.AMapLocation: double getLatitude()>()"
                ]
              },
              "hash": "eb849f8e7d35fbafb3c6d96fc877c08fc94970a1"
            },
            {
              "details": {
                "url": "https://tosv.byted.org/obj/appscan-obj/aux/misc/393537363233383239353631363830575_api.html",
                "position": "<com.amap.api.col.3l.h: void a(android.location.Location)>",
                "target": [
                  "<com.amap.api.col.3l.h: void a(android.location.Location)>",
                  "$d0 = virtualinvoke $r3.<com.amap.api.location.AMapLocation: double getLatitude()>()"
                ]
              },
              "hash": "dab86c6f37a42156ceb8e303531aaf664b226116"
            },
            {
              "details": {
                "url": "https://tosv.byted.org/obj/appscan-obj/aux/misc/393537363234333338383031343639575_api.html",
                "position": "<com.amap.api.col.3l.h: void b(com.amap.api.location.AMapLocation)>",
                "target": [
                  "<com.amap.api.col.3l.h: void b(com.amap.api.location.AMapLocation)>",
                  "$d0 = virtualinvoke $r1.<com.amap.api.location.AMapLocation: double getLatitude()>()"
                ]
              },
              "hash": "e16bb7ba91a446656f82f669317a28ad4334ff67"
            },
            {
              "details": {
                "url": "https://tosv.byted.org/obj/appscan-obj/aux/misc/393537363234343835363337353238575_api.html",
                "position": "<com.amap.api.col.3l.e: void a(android.os.Messenger,android.os.Bundle,java.lang.String)>",
                "target": [
                  "<com.amap.api.col.3l.e: void a(android.os.Messenger,android.os.Bundle,java.lang.String)>",
                  "$d2 = virtualinvoke $r5_3.<com.amap.api.location.AMapLocation: double getLatitude()>()"
                ]
              },
              "hash": "9f44a3603025411c9cd81f3ed16c91fb71e3d1e7"
            },
            {
              "details": {
                "url": "https://tosv.byted.org/obj/appscan-obj/aux/misc/393537363234383433313737303533575_api.html",
                "position": "<com.amap.api.col.3l.g: void e(com.amap.api.location.AMapLocation)>",
                "target": [
                  "<com.amap.api.col.3l.g: void e(com.amap.api.location.AMapLocation)>",
                  "$d0 = virtualinvoke $r1.<com.amap.api.location.AMapLocation: double getLatitude()>()"
                ]
              },
              "hash": "9ac24e45bee2ad6f23b5426bbd42dc0672f042af"
            },
            {
              "details": {
                "url": "https://tosv.byted.org/obj/appscan-obj/aux/misc/393537363235363530343838353539575_api.html",
                "position": "<com.amap.api.col.3l.g: void b(com.amap.api.location.AMapLocation)>",
                "target": [
                  "<com.amap.api.col.3l.g: void b(com.amap.api.location.AMapLocation)>",
                  "$d0 = virtualinvoke $r1.<com.amap.api.location.AMapLocation: double getLatitude()>()"
                ]
              },
              "hash": "b94e34941d22b108eb8e8386d0eac238415eeae5"
            },
            {
              "details": {
                "url": "https://tosv.byted.org/obj/appscan-obj/aux/misc/393537363235393538353435323335575_api.html",
                "position": "<com.amap.api.col.3l.a: float a(com.amap.api.location.AMapLocation,java.util.List)>",
                "target": [
                  "<com.amap.api.col.3l.a: float a(com.amap.api.location.AMapLocation,java.util.List)>",
                  "$d0 = virtualinvoke $r0.<com.amap.api.location.AMapLocation: double getLatitude()>()"
                ]
              },
              "hash": "c71f0a7fe521cff54b0921495760db41262bf79e"
            },
            {
              "details": {
                "url": "https://tosv.byted.org/obj/appscan-obj/aux/misc/393537363236313437303839353432575_api.html",
                "position": "<com.autonavi.aps.amapapi.b: void a(com.amap.api.location.AMapLocation)>",
                "target": [
                  "<com.autonavi.aps.amapapi.b: void a(com.amap.api.location.AMapLocation)>",
                  "$d0 = virtualinvoke $r1.<com.amap.api.location.AMapLocation: double getLatitude()>()"
                ]
              },
              "hash": "2bafd02862609e7a1e338a4968cb53024af79299"
            },
            {
              "details": {
                "url": "https://tosv.byted.org/obj/appscan-obj/aux/misc/393537363236363839313631343534575_api.html",
                "position": "<com.autonavi.aps.amapapi.utils.i: float a(com.amap.api.location.AMapLocation,com.amap.api.location.AMapLocation)>",
                "target": [
                  "<com.autonavi.aps.amapapi.utils.i: float a(com.amap.api.location.AMapLocation,com.amap.api.location.AMapLocation)>",
                  "$d0_2 = virtualinvoke $r0.<com.amap.api.location.AMapLocation: double getLatitude()>()"
                ]
              },
              "hash": "8770bd7a4aeedb5071a329145b278a2e81a92c3d"
            },
            {
              "details": {
                "url": "https://tosv.byted.org/obj/appscan-obj/aux/misc/393537363237303232303735383232575_api.html",
                "position": "<com.amap.api.col.3l.h: void e(com.amap.api.location.AMapLocation)>",
                "target": [
                  "<com.amap.api.col.3l.h: void e(com.amap.api.location.AMapLocation)>",
                  "$d0_1 = virtualinvoke $r1.<com.amap.api.location.AMapLocation: double getLatitude()>()"
                ]
              },
              "hash": "a4cfe9a15beec0f500d4eee3408d50404de6b814"
            },
            {
              "details": {
                "url": "https://tosv.byted.org/obj/appscan-obj/aux/misc/393537363237313437313632333537575_api.html",
                "position": "<com.autonavi.aps.amapapi.utils.g: boolean a(com.amap.api.location.AMapLocation)>",
                "target": [
                  "<com.autonavi.aps.amapapi.utils.g: boolean a(com.amap.api.location.AMapLocation)>",
                  "$d0 = virtualinvoke $r0.<com.amap.api.location.AMapLocation: double getLatitude()>()"
                ]
              },
              "hash": "24595ba3708afd9053e0b3987d827c91a534cf50"
            },
            {
              "details": {
                "url": "https://tosv.byted.org/obj/appscan-obj/aux/misc/393537363237353330373637373531575_api.html",
                "position": "<com.amap.api.location.AMapLocation: org.json.JSONObject toJson(int)>",
                "target": [
                  "<com.amap.api.location.AMapLocation: org.json.JSONObject toJson(int)>",
                  "$d0_8 = virtualinvoke r0.<com.amap.api.location.AMapLocation: double getLatitude()>()"
                ]
              },
              "hash": "914fad25529aae11c8d68fba17b43452917c4e98"
            },
            {
              "details": {
                "url": "https://tosv.byted.org/obj/appscan-obj/aux/misc/393537363237393836343535303231575_api.html",
                "position": "<com.amap.api.col.3l.a: boolean b(com.amap.api.location.AMapLocation,java.util.List)>",
                "target": [
                  "<com.amap.api.col.3l.a: boolean b(com.amap.api.location.AMapLocation,java.util.List)>",
                  "$d0 = virtualinvoke $r1.<com.amap.api.location.AMapLocation: double getLatitude()>()"
                ]
              },
              "hash": "ae898f5fcaf6cc95d8a7de853e8cac50a3a53174"
            },
            {
              "details": {
                "url": "https://tosv.byted.org/obj/appscan-obj/aux/misc/393537363238323434363739303337575_api.html",
                "position": "<com.autonavi.aps.amapapi.utils.b: void a(com.amap.api.location.AMapLocation,org.json.JSONObject)>",
                "target": [
                  "<com.autonavi.aps.amapapi.utils.b: void a(com.amap.api.location.AMapLocation,org.json.JSONObject)>",
                  "$d0 = virtualinvoke $r0.<com.amap.api.location.AMapLocation: double getLatitude()>()"
                ]
              },
              "hash": "06e834ea032a3da4915e6fb9eadbdf440b9f3a1e"
            }
          ]
        },
        "416_api": {
          "complianceCategoryDetail": "location",
          "deobfApk": "",
          "level": "low",
          "name": "416_api",
          "detail": "位置信息",
          "complianceCategory": "location",
          "category": "ComplianceInfo",
          "vulners": [
            {
              "details": {
                "url": "https://tosv.byted.org/obj/appscan-obj/aux/misc/393537363135343134313231373837416_api.html",
                "position": "<com.autonavi.aps.amapapi.c: void a(com.autonavi.aps.amapapi.restruct.e,com.autonavi.aps.amapapi.restruct.i,android.os.Handler)>",
                "target": [
                  "<com.autonavi.aps.amapapi.c: void a(com.autonavi.aps.amapapi.restruct.e,com.autonavi.aps.amapapi.restruct.i,android.os.Handler)>",
                  "virtualinvoke $r6_4.<android.location.LocationManager: void requestLocationUpdates(java.lang.String,long,float,android.location.LocationListener)>(\"passive\", 1000L, -1.0F, $r8_5)"
                ]
              },
              "hash": "4381196e4670bbe6658c1034d185d0faa4afb5e7"
            },
            {
              "details": {
                "url": "https://tosv.byted.org/obj/appscan-obj/aux/misc/393537363135353339393836303138416_api.html",
                "position": "<com.amap.api.col.3l.g: void f()>",
                "target": [
                  "<com.amap.api.col.3l.g: void f()>",
                  "virtualinvoke $r1_8.<android.location.LocationManager: void requestLocationUpdates(java.lang.String,long,float,android.location.LocationListener,android.os.Looper)>(\"gps\", $l0_9, $f0_2, $r5_4, $r3_2)"
                ]
              },
              "hash": "191d462fa2c3fa4e31b185212713d8af81099c5a"
            },
            {
              "details": {
                "url": "https://tosv.byted.org/obj/appscan-obj/aux/misc/393537363135363634363432313135416_api.html",
                "position": "<com.amap.api.col.3l.h: void i()>",
                "target": [
                  "<com.amap.api.col.3l.h: void i()>",
                  "virtualinvoke $r1_5.<android.location.LocationManager: void requestLocationUpdates(java.lang.String,long,float,android.location.LocationListener,android.os.Looper)>(\"gps\", $l0_7, $f0_1, $r10_1, $r2_2)"
                ]
              },
              "hash": "c440f85e50c9bb079b6f20fee37512e9a62b6903"
            }
          ]
        },
        "390_api": {
          "complianceCategoryDetail": "location",
          "deobfApk": "",
          "level": "low",
          "name": "390_api",
          "detail": "设置监听GPS的状态。可能会被照明弹记录。",
          "complianceCategory": "location",
          "category": "ComplianceInfo",
          "vulners": [
            {
              "details": {
                "url": "https://tosv.byted.org/obj/appscan-obj/aux/misc/393537363130303937353531373339390_api.html",
                "position": "<com.amap.api.col.3l.h: void i()>",
                "target": [
                  "<com.amap.api.col.3l.h: void i()>",
                  "virtualinvoke $r1_8.<android.location.LocationManager: boolean registerGnssStatusCallback(android.location.GnssStatus$Callback)>($r15)"
                ]
              },
              "hash": "5e8bb18a6ba3ad917218d3422797d2050e5c2457"
            }
          ]
        },
        "578_api": {
          "complianceCategoryDetail": "location",
          "deobfApk": "",
          "level": "high",
          "name": "578_api",
          "detail": "基站ID",
          "complianceCategory": "location",
          "category": "ComplianceInfo",
          "vulners": [
            {
              "details": {
                "url": "https://tosv.byted.org/obj/appscan-obj/aux/misc/393537363335343835343833323134578_api.html",
                "position": "<com.autonavi.aps.amapapi.restruct.e: void a(android.telephony.CellLocation)>",
                "target": [
                  "<com.autonavi.aps.amapapi.restruct.e: void a(android.telephony.CellLocation)>",
                  "$i0_13 = virtualinvoke $r10.<android.telephony.cdma.CdmaCellLocation: int getSystemId()>()"
                ]
              },
              "hash": "ccfcc2eaf435e5951105b0591e7ebd1bcd8d8908"
            }
          ]
        },
        "414_api": {
          "complianceCategoryDetail": "location",
          "deobfApk": "",
          "level": "low",
          "name": "414_api",
          "detail": "位置信息",
          "complianceCategory": "location",
          "category": "ComplianceInfo",
          "vulners": [
            {
              "details": {
                "url": "https://tosv.byted.org/obj/appscan-obj/aux/misc/393537363134363439373230323731414_api.html",
                "position": "<com.autonavi.aps.amapapi.c: void a(com.autonavi.aps.amapapi.restruct.e,com.autonavi.aps.amapapi.restruct.i,android.os.Handler)>",
                "target": [
                  "<com.autonavi.aps.amapapi.c: void a(com.autonavi.aps.amapapi.restruct.e,com.autonavi.aps.amapapi.restruct.i,android.os.Handler)>",
                  "virtualinvoke $r6_4.<android.location.LocationManager: void requestLocationUpdates(java.lang.String,long,float,android.location.LocationListener)>(\"passive\", 1000L, -1.0F, $r8_5)"
                ]
              },
              "hash": "4381196e4670bbe6658c1034d185d0faa4afb5e7"
            },
            {
              "details": {
                "url": "https://tosv.byted.org/obj/appscan-obj/aux/misc/393537363134373730373831313639414_api.html",
                "position": "<com.amap.api.col.3l.g: void f()>",
                "target": [
                  "<com.amap.api.col.3l.g: void f()>",
                  "virtualinvoke $r1_8.<android.location.LocationManager: void requestLocationUpdates(java.lang.String,long,float,android.location.LocationListener,android.os.Looper)>(\"gps\", $l0_9, $f0_2, $r5_4, $r3_2)"
                ]
              },
              "hash": "191d462fa2c3fa4e31b185212713d8af81099c5a"
            },
            {
              "details": {
                "url": "https://tosv.byted.org/obj/appscan-obj/aux/misc/393537363134383838303935353935414_api.html",
                "position": "<com.amap.api.col.3l.h: void i()>",
                "target": [
                  "<com.amap.api.col.3l.h: void i()>",
                  "virtualinvoke $r1_5.<android.location.LocationManager: void requestLocationUpdates(java.lang.String,long,float,android.location.LocationListener,android.os.Looper)>(\"gps\", $l0_7, $f0_1, $r10_1, $r2_2)"
                ]
              },
              "hash": "c440f85e50c9bb079b6f20fee37512e9a62b6903"
            }
          ]
        },
        "585_api": {
          "complianceCategoryDetail": "location",
          "deobfApk": "",
          "level": "high",
          "name": "585_api",
          "detail": "基站ID",
          "complianceCategory": "location",
          "category": "ComplianceInfo",
          "vulners": [
            {
              "details": {
                "url": "https://tosv.byted.org/obj/appscan-obj/aux/misc/393537363335393831393036373130585_api.html",
                "position": "<com.autonavi.aps.amapapi.restruct.e: void a(android.telephony.CellLocation)>",
                "target": [
                  "<com.autonavi.aps.amapapi.restruct.e: void a(android.telephony.CellLocation)>",
                  "$i0_12 = virtualinvoke $r10.<android.telephony.cdma.CdmaCellLocation: int getBaseStationLongitude()>()"
                ]
              },
              "hash": "8f93d6009d35fd262e80850a91701e18a5d7e405"
            }
          ]
        },
        "412_api": {
          "complianceCategoryDetail": "location",
          "deobfApk": "",
          "level": "low",
          "name": "412_api",
          "detail": "位置信息",
          "complianceCategory": "location",
          "category": "ComplianceInfo",
          "vulners": [
            {
              "details": {
                "url": "https://tosv.byted.org/obj/appscan-obj/aux/misc/393537363133373030353839333933412_api.html",
                "position": "<com.autonavi.aps.amapapi.c: void a(com.autonavi.aps.amapapi.restruct.e,com.autonavi.aps.amapapi.restruct.i,android.os.Handler)>",
                "target": [
                  "<com.autonavi.aps.amapapi.c: void a(com.autonavi.aps.amapapi.restruct.e,com.autonavi.aps.amapapi.restruct.i,android.os.Handler)>",
                  "virtualinvoke $r6_4.<android.location.LocationManager: void requestLocationUpdates(java.lang.String,long,float,android.location.LocationListener)>(\"passive\", 1000L, -1.0F, $r8_5)"
                ]
              },
              "hash": "4381196e4670bbe6658c1034d185d0faa4afb5e7"
            },
            {
              "details": {
                "url": "https://tosv.byted.org/obj/appscan-obj/aux/misc/393537363133383436363234393638412_api.html",
                "position": "<com.amap.api.col.3l.g: void f()>",
                "target": [
                  "<com.amap.api.col.3l.g: void f()>",
                  "virtualinvoke $r1_8.<android.location.LocationManager: void requestLocationUpdates(java.lang.String,long,float,android.location.LocationListener,android.os.Looper)>(\"gps\", $l0_9, $f0_2, $r5_4, $r3_2)"
                ]
              },
              "hash": "191d462fa2c3fa4e31b185212713d8af81099c5a"
            },
            {
              "details": {
                "url": "https://tosv.byted.org/obj/appscan-obj/aux/misc/393537363133393738363032303037412_api.html",
                "position": "<com.amap.api.col.3l.h: void i()>",
                "target": [
                  "<com.amap.api.col.3l.h: void i()>",
                  "virtualinvoke $r1_5.<android.location.LocationManager: void requestLocationUpdates(java.lang.String,long,float,android.location.LocationListener,android.os.Looper)>(\"gps\", $l0_7, $f0_1, $r10_1, $r2_2)"
                ]
              },
              "hash": "c440f85e50c9bb079b6f20fee37512e9a62b6903"
            }
          ]
        },
        "583_api": {
          "complianceCategoryDetail": "location",
          "deobfApk": "",
          "level": "high",
          "name": "583_api",
          "detail": "基站ID",
          "complianceCategory": "location",
          "category": "ComplianceInfo",
          "vulners": [
            {
              "details": {
                "url": "https://tosv.byted.org/obj/appscan-obj/aux/misc/393537363335363739353037393339583_api.html",
                "position": "<com.autonavi.aps.amapapi.restruct.e: void a(android.telephony.CellLocation)>",
                "target": [
                  "<com.autonavi.aps.amapapi.restruct.e: void a(android.telephony.CellLocation)>",
                  "$i0_3 = virtualinvoke $r5.<android.telephony.gsm.GsmCellLocation: int getCid()>()"
                ]
              },
              "hash": "7be80b7fae0649840cd7ff1a387555b12d47e4e3"
            }
          ]
        }
      },
      "sensor": {
        "394_api": {
          "complianceCategoryDetail": "sensor",
          "deobfApk": "",
          "level": "low",
          "name": "394_api",
          "detail": "传感器",
          "complianceCategory": "sensor",
          "category": "ComplianceInfo",
          "vulners": [
            {
              "details": {
                "url": "https://tosv.byted.org/obj/appscan-obj/aux/misc/393537363131333532383132303033394_api.html",
                "position": "<com.autonavi.aps.amapapi.restruct.b: void a()>",
                "target": [
                  "<com.autonavi.aps.amapapi.restruct.b: void a()>",
                  "virtualinvoke $r1_5.<android.hardware.SensorManager: boolean registerListener(android.hardware.SensorEventListener,android.hardware.Sensor,int,android.os.Handler)>(r0, $r2_11, 3, $r3_8)"
                ]
              },
              "hash": "a50b83d274665c49ddd5aa458c3ab08421160608"
            },
            {
              "details": {
                "url": "https://tosv.byted.org/obj/appscan-obj/aux/misc/393537363131343635383735373733394_api.html",
                "position": "<com.amap.api.col.3l.ae: void a()>",
                "target": [
                  "<com.amap.api.col.3l.ae: void a()>",
                  "virtualinvoke $r2.<android.hardware.SensorManager: boolean registerListener(android.hardware.SensorEventListener,android.hardware.Sensor,int)>(r0, $r1, 3)"
                ]
              },
              "hash": "911ef0be45e4082b22d4e3df848ddd400cd61a45"
            }
          ]
        },
        "395_api": {
          "complianceCategoryDetail": "sensor",
          "deobfApk": "",
          "level": "low",
          "name": "395_api",
          "detail": "传感器",
          "complianceCategory": "sensor",
          "category": "ComplianceInfo",
          "vulners": [
            {
              "details": {
                "url": "https://tosv.byted.org/obj/appscan-obj/aux/misc/393537363131363934383831313239395_api.html",
                "position": "<com.autonavi.aps.amapapi.restruct.b: void a()>",
                "target": [
                  "<com.autonavi.aps.amapapi.restruct.b: void a()>",
                  "virtualinvoke $r1_5.<android.hardware.SensorManager: boolean registerListener(android.hardware.SensorEventListener,android.hardware.Sensor,int,android.os.Handler)>(r0, $r2_11, 3, $r3_8)"
                ]
              },
              "hash": "a50b83d274665c49ddd5aa458c3ab08421160608"
            },
            {
              "details": {
                "url": "https://tosv.byted.org/obj/appscan-obj/aux/misc/393537363131383433333133303635395_api.html",
                "position": "<com.amap.api.col.3l.ae: void a()>",
                "target": [
                  "<com.amap.api.col.3l.ae: void a()>",
                  "virtualinvoke $r2.<android.hardware.SensorManager: boolean registerListener(android.hardware.SensorEventListener,android.hardware.Sensor,int)>(r0, $r1, 3)"
                ]
              },
              "hash": "911ef0be45e4082b22d4e3df848ddd400cd61a45"
            }
          ]
        },
        "311_api": {
          "complianceCategoryDetail": "sensor",
          "deobfApk": "",
          "level": "low",
          "name": "311_api",
          "detail": "传感器",
          "complianceCategory": "sensor",
          "category": "ComplianceInfo",
          "vulners": [
            {
              "details": {
                "url": "https://tosv.byted.org/obj/appscan-obj/aux/misc/393537363039323330363634363930311_api.html",
                "position": "<com.amap.api.col.3l.ae: boolean c()>",
                "target": [
                  "<com.amap.api.col.3l.ae: boolean c()>",
                  "$r2 = virtualinvoke $r1.<android.hardware.SensorManager: java.util.List getSensorList(int)>(-1)"
                ]
              },
              "hash": "f71084f5cb17e5f94210927451e22f235ad64853"
            }
          ]
        },
        "647_api": {
          "complianceCategoryDetail": "sensor",
          "deobfApk": "",
          "level": "high",
          "name": "647_api",
          "detail": "加速度传感器",
          "complianceCategory": "sensor",
          "category": "ComplianceInfo",
          "vulners": [
            {
              "details": {
                "ConstValue": "1",
                "position": "<com.autonavi.aps.amapapi.restruct.b: void <init>(android.content.Context)>",
                "url": "https://tosv.byted.org/obj/appscan-obj/aux/misc/393537363336383138343430353433647_api.html",
                "target": [
                  "<com.autonavi.aps.amapapi.restruct.b: void <init>(android.content.Context)>",
                  "<android.hardware.SensorManager: android.hardware.Sensor getDefaultSensor(int)>",
                  "1"
                ]
              },
              "hash": "f2121cae3c55c685aab7acde136eac1d424369de"
            },
            {
              "details": {
                "ConstValue": "1",
                "position": "<com.amap.api.col.3l.ae: void <init>(android.content.Context,com.autonavi.base.amap.api.mapcore.IAMapDelegate)>",
                "url": "https://tosv.byted.org/obj/appscan-obj/aux/misc/393537363336393936363330313639647_api.html",
                "target": [
                  "<com.amap.api.col.3l.ae: void <init>(android.content.Context,com.autonavi.base.amap.api.mapcore.IAMapDelegate)>",
                  "<android.hardware.SensorManager: android.hardware.Sensor getDefaultSensor(int)>",
                  "1"
                ]
              },
              "hash": "fefe4c980b800d1c7cf282886d52c63aa8de3725"
            }
          ]
        },
        "393_api": {
          "complianceCategoryDetail": "sensor",
          "deobfApk": "",
          "level": "low",
          "name": "393_api",
          "detail": "传感器",
          "complianceCategory": "sensor",
          "category": "ComplianceInfo",
          "vulners": [
            {
              "details": {
                "url": "https://tosv.byted.org/obj/appscan-obj/aux/misc/393537363130383132363134343831393_api.html",
                "position": "<com.autonavi.aps.amapapi.restruct.b: void a()>",
                "target": [
                  "<com.autonavi.aps.amapapi.restruct.b: void a()>",
                  "virtualinvoke $r1_5.<android.hardware.SensorManager: boolean registerListener(android.hardware.SensorEventListener,android.hardware.Sensor,int,android.os.Handler)>(r0, $r2_11, 3, $r3_8)"
                ]
              },
              "hash": "a50b83d274665c49ddd5aa458c3ab08421160608"
            },
            {
              "details": {
                "url": "https://tosv.byted.org/obj/appscan-obj/aux/misc/393537363130393538333036323336393_api.html",
                "position": "<com.amap.api.col.3l.ae: void a()>",
                "target": [
                  "<com.amap.api.col.3l.ae: void a()>",
                  "virtualinvoke $r2.<android.hardware.SensorManager: boolean registerListener(android.hardware.SensorEventListener,android.hardware.Sensor,int)>(r0, $r1, 3)"
                ]
              },
              "hash": "911ef0be45e4082b22d4e3df848ddd400cd61a45"
            }
          ]
        },
        "397_api": {
          "complianceCategoryDetail": "sensor",
          "deobfApk": "",
          "level": "low",
          "name": "397_api",
          "detail": "传感器",
          "complianceCategory": "sensor",
          "category": "ComplianceInfo",
          "vulners": [
            {
              "details": {
                "url": "https://tosv.byted.org/obj/appscan-obj/aux/misc/393537363132343936363732383335397_api.html",
                "position": "<com.autonavi.aps.amapapi.restruct.b: void a()>",
                "target": [
                  "<com.autonavi.aps.amapapi.restruct.b: void a()>",
                  "virtualinvoke $r1_5.<android.hardware.SensorManager: boolean registerListener(android.hardware.SensorEventListener,android.hardware.Sensor,int,android.os.Handler)>(r0, $r2_11, 3, $r3_8)"
                ]
              },
              "hash": "a50b83d274665c49ddd5aa458c3ab08421160608"
            },
            {
              "details": {
                "url": "https://tosv.byted.org/obj/appscan-obj/aux/misc/393537363132363137363836323633397_api.html",
                "position": "<com.amap.api.col.3l.ae: void a()>",
                "target": [
                  "<com.amap.api.col.3l.ae: void a()>",
                  "virtualinvoke $r2.<android.hardware.SensorManager: boolean registerListener(android.hardware.SensorEventListener,android.hardware.Sensor,int)>(r0, $r1, 3)"
                ]
              },
              "hash": "911ef0be45e4082b22d4e3df848ddd400cd61a45"
            }
          ]
        },
        "648_api": {
          "complianceCategoryDetail": "sensor",
          "deobfApk": "",
          "level": "high",
          "name": "648_api",
          "detail": "加速度传感器",
          "complianceCategory": "sensor",
          "category": "ComplianceInfo",
          "vulners": [
            {
              "details": {
                "ConstValue": "1",
                "position": "<com.autonavi.aps.amapapi.restruct.b: void <init>(android.content.Context)>",
                "url": "https://tosv.byted.org/obj/appscan-obj/aux/misc/393537363337313437383939373435648_api.html",
                "target": [
                  "<com.autonavi.aps.amapapi.restruct.b: void <init>(android.content.Context)>",
                  "<android.hardware.SensorManager: android.hardware.Sensor getDefaultSensor(int)>",
                  "1"
                ]
              },
              "hash": "f2121cae3c55c685aab7acde136eac1d424369de"
            },
            {
              "details": {
                "ConstValue": "1",
                "position": "<com.amap.api.col.3l.ae: void <init>(android.content.Context,com.autonavi.base.amap.api.mapcore.IAMapDelegate)>",
                "url": "https://tosv.byted.org/obj/appscan-obj/aux/misc/393537363337323735393230393332648_api.html",
                "target": [
                  "<com.amap.api.col.3l.ae: void <init>(android.content.Context,com.autonavi.base.amap.api.mapcore.IAMapDelegate)>",
                  "<android.hardware.SensorManager: android.hardware.Sensor getDefaultSensor(int)>",
                  "1"
                ]
              },
              "hash": "fefe4c980b800d1c7cf282886d52c63aa8de3725"
            }
          ]
        },
        "396_api": {
          "complianceCategoryDetail": "sensor",
          "deobfApk": "",
          "level": "low",
          "name": "396_api",
          "detail": "传感器",
          "complianceCategory": "sensor",
          "category": "ComplianceInfo",
          "vulners": [
            {
              "details": {
                "url": "https://tosv.byted.org/obj/appscan-obj/aux/misc/393537363132303834383430373739396_api.html",
                "position": "<com.autonavi.aps.amapapi.restruct.b: void a()>",
                "target": [
                  "<com.autonavi.aps.amapapi.restruct.b: void a()>",
                  "virtualinvoke $r1_5.<android.hardware.SensorManager: boolean registerListener(android.hardware.SensorEventListener,android.hardware.Sensor,int,android.os.Handler)>(r0, $r2_11, 3, $r3_8)"
                ]
              },
              "hash": "a50b83d274665c49ddd5aa458c3ab08421160608"
            },
            {
              "details": {
                "url": "https://tosv.byted.org/obj/appscan-obj/aux/misc/393537363132323537353830383832396_api.html",
                "position": "<com.amap.api.col.3l.ae: void a()>",
                "target": [
                  "<com.amap.api.col.3l.ae: void a()>",
                  "virtualinvoke $r2.<android.hardware.SensorManager: boolean registerListener(android.hardware.SensorEventListener,android.hardware.Sensor,int)>(r0, $r1, 3)"
                ]
              },
              "hash": "911ef0be45e4082b22d4e3df848ddd400cd61a45"
            }
          ]
        },
        "398_api": {
          "complianceCategoryDetail": "sensor",
          "deobfApk": "",
          "level": "low",
          "name": "398_api",
          "detail": "传感器",
          "complianceCategory": "sensor",
          "category": "ComplianceInfo",
          "vulners": [
            {
              "details": {
                "url": "https://tosv.byted.org/obj/appscan-obj/aux/misc/393537363132373430343630343432398_api.html",
                "position": "<com.autonavi.aps.amapapi.restruct.b: void a()>",
                "target": [
                  "<com.autonavi.aps.amapapi.restruct.b: void a()>",
                  "virtualinvoke $r1_5.<android.hardware.SensorManager: boolean registerListener(android.hardware.SensorEventListener,android.hardware.Sensor,int,android.os.Handler)>(r0, $r2_11, 3, $r3_8)"
                ]
              },
              "hash": "a50b83d274665c49ddd5aa458c3ab08421160608"
            },
            {
              "details": {
                "url": "https://tosv.byted.org/obj/appscan-obj/aux/misc/393537363132383735393835393837398_api.html",
                "position": "<com.amap.api.col.3l.ae: void a()>",
                "target": [
                  "<com.amap.api.col.3l.ae: void a()>",
                  "virtualinvoke $r2.<android.hardware.SensorManager: boolean registerListener(android.hardware.SensorEventListener,android.hardware.Sensor,int)>(r0, $r1, 3)"
                ]
              },
              "hash": "911ef0be45e4082b22d4e3df848ddd400cd61a45"
            }
          ]
        }
      },
      "sim info": {
        "271_api": {
          "complianceCategoryDetail": "sim info",
          "deobfApk": "",
          "level": "low",
          "name": "271_api",
          "detail": "获取GPS的状态。可能会被照明弹记录。",
          "complianceCategory": "sim info",
          "category": "ComplianceInfo",
          "vulners": [
            {
              "details": {
                "url": "https://tosv.byted.org/obj/appscan-obj/aux/misc/393537363038303938383835333036271_api.html",
                "position": "<com.amap.api.col.3l.h$2: void onGpsStatusChanged(int)>",
                "target": [
                  "<com.amap.api.col.3l.h$2: void onGpsStatusChanged(int)>",
                  "$r4_1 = virtualinvoke $r2_1.<android.location.LocationManager: android.location.GpsStatus getGpsStatus(android.location.GpsStatus)>($r4)"
                ]
              },
              "hash": "0474e1f21e625aae6198922d03b4c189ba8fa007"
            }
          ]
        }
      }
    },
    "DeepLinkInfo": {},
    "JsBridgeInfo": {},
    "UrlRegion": {
      "filter": {},
      "full": {}
    },
    "profiler": "https://tosv.byted.org/obj/appscan-obj/aux/misc/393537363437353032373532343839profiler.json",
    "HTTP_API": [],
    "BasicInfo": {
      "AppInfo": {
        "name": "",
        "size": "5.34MB",
        "package": "com.example.myfirstapp",
        "versionName": "1.0.6",
        "versionCode": "1006",
        "target_sdk": "28",
        "min_sdk": "16",
        "max_sdk": "",
        "sha1": "bf6a42ef884c8c8395af923775d7d8c7a159424e"
      },
      "SignInfo": {
        "Is signed v1": false,
        "Is signed v2": false,
        "Is signed v3": false,
        "certs": [],
        "pkeys": []
      },
      "ComponentsInfo": {
        "exportedReceivers": [
          "com.autonavi.aps.amapapi.b$a",
          "com.autonavi.base.amap.mapcore.maploader.NetworkState$MyBroadcastReceiver"
        ]
      },
      "PermissionInfo": [],
      "DeobfApk": ""
    },
    "PermissionUsedDetails": {
      "declaredPermissions": [],
      "usedPermissions": {},
      "declaredButNoUsed": {},
      "usedButNotDeclared": {}
    },
    "SDKComplianceList": []
  },
  0
]