[
  {
    "SecurityInfo": {},
    "ComplianceInfo": {
      "carrier info": {
        "299_api": {
          "complianceCategoryDetail": "carrier info",
          "deobfApk": "",
          "level": "low",
          "name": "299_api",
          "detail": "获取移动网络类型，比如GSM、CDMA、LTE等。可能会被照明弹记录。",
          "complianceCategory": "carrier info",
          "category": "ComplianceInfo",
          "vulners": [
            {
              "details": {
                "url": "https://tosv.byted.org/obj/appscan-obj/aux/misc/393537313834393936373330303936299_api.html",
                "position": "<com.amap.api.col.s.bv: int J(android.content.Context)>",
                "target": [
                  "<com.amap.api.col.s.bv: int J(android.content.Context)>",
                  "$i0_3 = virtualinvoke $r2.<android.telephony.TelephonyManager: int getNetworkType()>()"
                ]
              },
              "hash": "efed1e3280b9453014af33b40667da4abaddab54"
            }
          ]
        }
      },
      "serial": {
        "5_api": {
          "complianceCategoryDetail": "serial",
          "deobfApk": "",
          "level": "high",
          "name": "5_api",
          "detail": "序列号",
          "complianceCategory": "serial",
          "category": "ComplianceInfo",
          "vulners": [
            {
              "details": {
                "url": "https://tosv.byted.org/obj/appscan-obj/aux/misc/3935373138313631313436393033355_api.html",
                "position": "<com.amap.api.col.s.bv: java.lang.String i(android.content.Context)>",
                "target": [
                  "<com.amap.api.col.s.bv: java.lang.String i(android.content.Context)>",
                  "$r2_5 = <android.os.Build: java.lang.String SERIAL>"
                ]
              },
              "hash": "cbcfce69cb8282b8a9a878cbd2b03d47440002de"
            }
          ]
        }
      },
      "SSIDBSSID": {
        "574_api": {
          "complianceCategoryDetail": "SSIDBSSID",
          "deobfApk": "",
          "level": "high",
          "name": "574_api",
          "detail": "BSSID",
          "complianceCategory": "SSIDBSSID",
          "category": "ComplianceInfo",
          "vulners": [
            {
              "details": {
                "url": "https://tosv.byted.org/obj/appscan-obj/aux/misc/393537313836393634393838353830574_api.html",
                "position": "<com.amap.api.col.s.bv: java.lang.String C(android.content.Context)>",
                "target": [
                  "<com.amap.api.col.s.bv: java.lang.String C(android.content.Context)>",
                  "$r7_2 = virtualinvoke $r5.<java.net.NetworkInterface: byte[] getHardwareAddress()>()"
                ]
              },
              "hash": "848a2d30e0e92b5c621a5d0bc0ee3fa8ea4beb65"
            }
          ]
        },
        "239_api": {
          "complianceCategoryDetail": "SSIDBSSID",
          "deobfApk": "",
          "level": "high",
          "name": "239_api",
          "detail": "SSID、BSSID",
          "complianceCategory": "SSIDBSSID",
          "category": "ComplianceInfo",
          "vulners": [
            {
              "details": {
                "url": "https://tosv.byted.org/obj/appscan-obj/aux/misc/393537313834323438323730313834239_api.html",
                "position": "<com.amap.api.col.s.bv: java.lang.String k(android.content.Context)>",
                "target": [
                  "<com.amap.api.col.s.bv: java.lang.String k(android.content.Context)>",
                  "$r6 = virtualinvoke $r5.<android.net.wifi.WifiManager: android.net.wifi.WifiInfo getConnectionInfo()>()"
                ]
              },
              "hash": "51fe854b9322412f6dbae26acf5929cec8acd843"
            }
          ]
        }
      },
      "wifi MAC": {
        "559_api": {
          "complianceCategoryDetail": "wifi MAC",
          "deobfApk": "",
          "level": "high",
          "name": "559_api",
          "detail": "WiFi MAC地址",
          "complianceCategory": "wifi MAC",
          "category": "ComplianceInfo",
          "vulners": [
            {
              "details": {
                "url": "https://tosv.byted.org/obj/appscan-obj/aux/misc/393537313836363735313339393338559_api.html",
                "position": "<com.amap.api.col.s.bv: java.lang.String k(android.content.Context)>",
                "target": [
                  "<com.amap.api.col.s.bv: java.lang.String k(android.content.Context)>",
                  "$r3_5 = virtualinvoke $r6.<android.net.wifi.WifiInfo: java.lang.String getMacAddress()>()"
                ]
              },
              "hash": "e3d18c4d3cd55d88fa2779662321d6b496bf02f2"
            }
          ]
        }
      }
    },
    "DeepLinkInfo": {},
    "JsBridgeInfo": {},
    "UrlRegion": {
      "filter": {},
      "full": {}
    },
    "profiler": "https://tosv.byted.org/obj/appscan-obj/aux/misc/393537313937363134343133323435profiler.json",
    "HTTP_API": [],
    "BasicInfo": {
      "AppInfo": {
        "name": "",
        "size": "0.82MB",
        "package": "com.example.myfirstapp",
        "versionName": "1.0.6",
        "versionCode": "1006",
        "target_sdk": "28",
        "min_sdk": "16",
        "max_sdk": "",
        "sha1": "e748a5152025d5df7ed14e32ffb3135401b26c47"
      },
      "SignInfo": {
        "Is signed v1": false,
        "Is signed v2": false,
        "Is signed v3": false,
        "certs": [],
        "pkeys": []
      },
      "ComponentsInfo": {},
      "PermissionInfo": [],
      "DeobfApk": ""
    },
    "PermissionUsedDetails": {
      "declaredPermissions": [],
      "usedPermissions": {},
      "declaredButNoUsed": {},
      "usedButNotDeclared": {}
    },
    "SDKComplianceList": []
  },
  0
]