[
  {
    "SecurityInfo": {},
    "ComplianceInfo": {
      "GAID": {
        "515_api": {
          "complianceCategoryDetail": "GAID",
          "deobfApk": "",
          "level": "high",
          "name": "515_api",
          "detail": "GAID",
          "complianceCategory": "GAID",
          "category": "ComplianceInfo",
          "vulners": [
            {
              "details": {
                "position": "<net.security.device.api.id.gaid.GAIDImpl: void doGet(net.security.device.api.id.IGAIDGetter)>",
                "url": "https://tosv.byted.org/obj/appscan-obj/aux/misc/393537353335383034363539373835515_api.html",
                "target": [
                  "<net.security.device.api.id.gaid.GAIDImpl: void doGet(net.security.device.api.id.IGAIDGetter)>->@const_str:com.google.android.gms.ads.identifier.service.START",
                  "specialinvoke r4.<android.content.Intent: void <init>(java.lang.String)>(\"com.google.android.gms.ads.identifier.service.START\")"
                ],
                "entryMethod": "<net.security.device.api.id.gaid.GAIDImpl: void doGet(net.security.device.api.id.IGAIDGetter)>",
                "Source": [
                  "specialinvoke r4.<android.content.Intent: void <init>(java.lang.String)>(\"com.google.android.gms.ads.identifier.service.START\")"
                ]
              },
              "hash": "cf3a918aab516742b33877666d5f5adef2a09dab"
            }
          ]
        }
      },
      "ipAddress": {
        "573_api": {
          "complianceCategoryDetail": "ipAddress",
          "deobfApk": "",
          "level": "high",
          "name": "573_api",
          "detail": "IP地址",
          "complianceCategory": "ipAddress",
          "category": "ComplianceInfo",
          "vulners": [
            {
              "details": {
                "url": "https://tosv.byted.org/obj/appscan-obj/aux/misc/393537353331373036333332313330573_api.html",
                "position": "<net.security.device.api.DeviceInfo: java.lang.String gha(java.net.NetworkInterface)>",
                "target": [
                  "<net.security.device.api.DeviceInfo: java.lang.String gha(java.net.NetworkInterface)>",
                  "$r1 = virtualinvoke $r0.<java.net.NetworkInterface: java.util.Enumeration getInetAddresses()>()"
                ]
              },
              "hash": "f00d70811768241b6d654d552b0f808b90a5a398"
            }
          ]
        }
      },
      "OAID": {
        "498_api": {
          "complianceCategoryDetail": "OAID",
          "deobfApk": "",
          "level": "high",
          "name": "498_api",
          "detail": "OAID",
          "complianceCategory": "OAID",
          "category": "ComplianceInfo",
          "vulners": [
            {
              "details": {
                "position": "<net.security.device.api.id.oaid.OppoImpl: void doGet(net.security.device.api.id.IOAIDGetter)>",
                "url": "https://tosv.byted.org/obj/appscan-obj/aux/misc/393537353335353432333535383730498_api.html",
                "target": [
                  "<net.security.device.api.id.oaid.OppoImpl: void doGet(net.security.device.api.id.IOAIDGetter)>->@const_str:action.com.heytap.openid.OPEN_ID_SERVICE",
                  "specialinvoke r4.<android.content.Intent: void <init>(java.lang.String)>(\"action.com.heytap.openid.OPEN_ID_SERVICE\")"
                ],
                "entryMethod": "<net.security.device.api.id.oaid.OppoImpl: void doGet(net.security.device.api.id.IOAIDGetter)>",
                "Source": [
                  "specialinvoke r4.<android.content.Intent: void <init>(java.lang.String)>(\"action.com.heytap.openid.OPEN_ID_SERVICE\")"
                ]
              },
              "hash": "1d553083b6c849e6fa023f3db5b435257f192122"
            }
          ]
        },
        "516_api": {
          "complianceCategoryDetail": "OAID",
          "deobfApk": "",
          "level": "high",
          "name": "516_api",
          "detail": "OAID",
          "complianceCategory": "OAID",
          "category": "ComplianceInfo",
          "vulners": [
            {
              "details": {
                "position": "<net.security.device.api.id.oaid.SamsungImpl: void doGet(net.security.device.api.id.IOAIDGetter)>",
                "url": "https://tosv.byted.org/obj/appscan-obj/aux/misc/393537353336383234313834313330516_api.html",
                "target": [
                  "<net.security.device.api.id.oaid.SamsungImpl: void doGet(net.security.device.api.id.IOAIDGetter)>->@const_str:com.samsung.android.deviceidservice.DeviceIdService",
                  "virtualinvoke r4.<android.content.Intent: android.content.Intent setClassName(java.lang.String,java.lang.String)>(\"com.samsung.android.deviceidservice\", \"com.samsung.android.deviceidservice.DeviceIdService\")"
                ],
                "entryMethod": "<net.security.device.api.id.oaid.SamsungImpl: void doGet(net.security.device.api.id.IOAIDGetter)>",
                "Source": [
                  "virtualinvoke r4.<android.content.Intent: android.content.Intent setClassName(java.lang.String,java.lang.String)>(\"com.samsung.android.deviceidservice\", \"com.samsung.android.deviceidservice.DeviceIdService\")"
                ]
              },
              "hash": "7ddb65f3a9a2a09c85c9eb712cc00e605703d892"
            }
          ]
        },
        "528_api": {
          "complianceCategoryDetail": "OAID",
          "deobfApk": "",
          "level": "high",
          "name": "528_api",
          "detail": "OAID",
          "complianceCategory": "OAID",
          "category": "ComplianceInfo",
          "vulners": [
            {
              "details": {
                "position": "<net.security.device.api.id.oaid.MeizuImpl: void doGet(net.security.device.api.id.IOAIDGetter)>",
                "url": "https://tosv.byted.org/obj/appscan-obj/aux/misc/393537353337363536393030323139528_api.html",
                "target": [
                  "<net.security.device.api.id.oaid.MeizuImpl: void doGet(net.security.device.api.id.IOAIDGetter)>->@const_str:content://com.meizu.flyme.openidsdk/",
                  "<net.security.device.api.id.oaid.MeizuImpl: void doGet(net.security.device.api.id.IOAIDGetter)>->$r7"
                ],
                "entryMethod": "<net.security.device.api.id.oaid.MeizuImpl: void doGet(net.security.device.api.id.IOAIDGetter)>",
                "Source": [
                  "$r7 = staticinvoke <android.net.Uri: android.net.Uri parse(java.lang.String)>(\"content://com.meizu.flyme.openidsdk/\")"
                ],
                "Sink": [
                  "$r9 = virtualinvoke $r8.<android.content.ContentResolver: android.database.Cursor query(android.net.Uri,java.lang.String[],java.lang.String,java.lang.String[],java.lang.String)>($r7, null, null, $r2, null)"
                ]
              },
              "hash": "4dbae5538ec61274fe4e5f498746de401bb59311"
            }
          ]
        },
        "518_api": {
          "complianceCategoryDetail": "OAID",
          "deobfApk": "",
          "level": "high",
          "name": "518_api",
          "detail": "OAID",
          "complianceCategory": "OAID",
          "category": "ComplianceInfo",
          "vulners": [
            {
              "details": {
                "position": "<net.security.device.api.id.oaid.LenovoImpl: void doGet(net.security.device.api.id.IOAIDGetter)>",
                "url": "https://tosv.byted.org/obj/appscan-obj/aux/misc/393537353337313334363833303938518_api.html",
                "target": [
                  "<net.security.device.api.id.oaid.LenovoImpl: void doGet(net.security.device.api.id.IOAIDGetter)>->@const_str:com.zui.deviceidservice.DeviceidService",
                  "virtualinvoke r4.<android.content.Intent: android.content.Intent setClassName(java.lang.String,java.lang.String)>(\"com.zui.deviceidservice\", \"com.zui.deviceidservice.DeviceidService\")"
                ],
                "entryMethod": "<net.security.device.api.id.oaid.LenovoImpl: void doGet(net.security.device.api.id.IOAIDGetter)>",
                "Source": [
                  "virtualinvoke r4.<android.content.Intent: android.content.Intent setClassName(java.lang.String,java.lang.String)>(\"com.zui.deviceidservice\", \"com.zui.deviceidservice.DeviceidService\")"
                ]
              },
              "hash": "9aae5ba67380446017e5f5bc7c570dee1f00ab00"
            }
          ]
        },
        "530_api": {
          "complianceCategoryDetail": "OAID",
          "deobfApk": "",
          "level": "high",
          "name": "530_api",
          "detail": "OAID",
          "complianceCategory": "OAID",
          "category": "ComplianceInfo",
          "vulners": [
            {
              "details": {
                "position": "<net.security.device.api.id.oaid.VivoImpl: void doGet(net.security.device.api.id.IOAIDGetter)>",
                "url": "https://tosv.byted.org/obj/appscan-obj/aux/misc/393537353337363937363134373731530_api.html",
                "target": [
                  "<net.security.device.api.id.oaid.VivoImpl: void doGet(net.security.device.api.id.IOAIDGetter)>->@const_str:content://com.vivo.vms.IdProvider/IdentifierId/OAID",
                  "<net.security.device.api.id.oaid.VivoImpl: void doGet(net.security.device.api.id.IOAIDGetter)>->$r6"
                ],
                "entryMethod": "<net.security.device.api.id.oaid.VivoImpl: void doGet(net.security.device.api.id.IOAIDGetter)>",
                "Source": [
                  "$r6 = staticinvoke <android.net.Uri: android.net.Uri parse(java.lang.String)>(\"content://com.vivo.vms.IdProvider/IdentifierId/OAID\")"
                ],
                "Sink": [
                  "$r8 = virtualinvoke $r7.<android.content.ContentResolver: android.database.Cursor query(android.net.Uri,java.lang.String[],java.lang.String,java.lang.String[],java.lang.String)>($r6, null, null, null, null)"
                ]
              },
              "hash": "cd992b6238fa0c5ea7836848b3cc327f255e67f1"
            }
          ]
        }
      }
    },
    "DeepLinkInfo": {},
    "JsBridgeInfo": {},
    "UrlRegion": {
      "filter": {},
      "full": {}
    },
    "profiler": "https://tosv.byted.org/obj/appscan-obj/aux/misc/393537353433363330333636343638profiler.json",
    "HTTP_API": [],
    "BasicInfo": {
      "AppInfo": {
        "name": "",
        "size": "5.13MB",
        "package": "net.security.device",
        "versionName": "1.0.0.3.8",
        "versionCode": "10038",
        "target_sdk": "28",
        "min_sdk": "15",
        "max_sdk": "",
        "sha1": "a36a7a3fa4e16552bb48dcac607c272afb1d95ca"
      },
      "SignInfo": {
        "Is signed v1": false,
        "Is signed v2": false,
        "Is signed v3": false,
        "certs": [],
        "pkeys": []
      },
      "ComponentsInfo": {},
      "PermissionInfo": [
        "android.permission.ACCESS_NETWORK_STATE",
        "android.permission.INTERNET"
      ],
      "DeobfApk": ""
    },
    "PermissionUsedDetails": {
      "declaredPermissions": [
        "android.permission.ACCESS_NETWORK_STATE",
        "android.permission.INTERNET"
      ],
      "usedPermissions": {
        "android.permission.INTERNET": {
          "level": "normal|instant",
          "description": "Allows applications to open network sockets",
          "positions": [
            "Default"
          ],
          "details": [
            {
              "caller": "N/A",
              "api": "N/A",
              "url": "N/A"
            }
          ]
        }
      },
      "declaredButNoUsed": {
        "android.permission.ACCESS_NETWORK_STATE": {
          "level": "normal|instant",
          "description": "Allows applications to access information about networks"
        }
      },
      "usedButNotDeclared": {}
    },
    "SDKComplianceList": []
  },
  0
]