[
  {
    "SecurityInfo": {},
    "ComplianceInfo": {
      "carrier info": {
        "299_api": {
          "complianceCategoryDetail": "carrier info",
          "deobfApk": "",
          "level": "low",
          "name": "299_api",
          "detail": "获取移动网络类型，比如GSM、CDMA、LTE等。可能会被照明弹记录。",
          "complianceCategory": "carrier info",
          "category": "ComplianceInfo",
          "vulners": [
            {
              "details": {
                "url": "https://tosv.byted.org/obj/appscan-obj/aux/misc/393537373137333432373838323233299_api.html",
                "position": "<com.alipay.alipaysecuritysdk.modules.x.c: java.lang.String k(android.content.Context)>",
                "target": [
                  "<com.alipay.alipaysecuritysdk.modules.x.c: java.lang.String k(android.content.Context)>",
                  "$i0 = virtualinvoke $r4.<android.telephony.TelephonyManager: int getNetworkType()>()"
                ]
              },
              "hash": "954ac4af46d46f08d89a15d6581c15c09884f7db"
            }
          ]
        }
      },
      "Android_ID": {
        "550_api": {
          "complianceCategoryDetail": "Android_ID",
          "deobfApk": "",
          "level": "high",
          "name": "550_api",
          "detail": "Android_ID",
          "complianceCategory": "Android_ID",
          "category": "ComplianceInfo",
          "vulners": [
            {
              "details": {
                "ConstValue": "android_id",
                "position": "<com.alipay.alipaysecuritysdk.modules.x.c: java.lang.String j(android.content.Context)>",
                "url": "https://tosv.byted.org/obj/appscan-obj/aux/misc/393537373139363335313733323239550_api.html",
                "target": [
                  "<com.alipay.alipaysecuritysdk.modules.x.c: java.lang.String j(android.content.Context)>",
                  "<android.provider.Settings$Secure: java.lang.String getString(android.content.ContentResolver,java.lang.String)>",
                  "android_id"
                ]
              },
              "hash": "5484f5f12fb5ce71d6f04cd237b5f49b239780b5"
            }
          ]
        }
      },
      "sensor": {
        "311_api": {
          "complianceCategoryDetail": "sensor",
          "deobfApk": "",
          "level": "low",
          "name": "311_api",
          "detail": "传感器",
          "complianceCategory": "sensor",
          "category": "ComplianceInfo",
          "vulners": [
            {
              "details": {
                "url": "https://tosv.byted.org/obj/appscan-obj/aux/misc/393537373137373536353537333138311_api.html",
                "position": "<com.alipay.alipaysecuritysdk.modules.x.c: java.lang.String d(android.content.Context)>",
                "target": [
                  "<com.alipay.alipaysecuritysdk.modules.x.c: java.lang.String d(android.content.Context)>",
                  "$r5 = virtualinvoke $r4.<android.hardware.SensorManager: java.util.List getSensorList(int)>($i0)"
                ]
              },
              "hash": "80d3cd9040e67695f6ac674d7294018c87ed1f70"
            },
            {
              "details": {
                "url": "https://tosv.byted.org/obj/appscan-obj/aux/misc/393537373138353039383238393335311_api.html",
                "position": "<com.alipay.alipaysecuritysdk.modules.x.c: java.lang.String e(android.content.Context)>",
                "target": [
                  "<com.alipay.alipaysecuritysdk.modules.x.c: java.lang.String e(android.content.Context)>",
                  "$r5 = virtualinvoke $r4.<android.hardware.SensorManager: java.util.List getSensorList(int)>($i0)"
                ]
              },
              "hash": "04b826efb7ce83223f3ea90b0c9c13df7c977b00"
            }
          ]
        }
      }
    },
    "DeepLinkInfo": {},
    "JsBridgeInfo": {},
    "UrlRegion": {
      "filter": {},
      "full": {}
    },
    "profiler": "https://tosv.byted.org/obj/appscan-obj/aux/misc/393537373331393933343239383739profiler.json",
    "HTTP_API": [],
    "BasicInfo": {
      "AppInfo": {
        "name": "",
        "size": "6.68MB",
        "package": "com.alipay.alipaysecuritysdk",
        "versionName": "7.0.1",
        "versionCode": "600",
        "target_sdk": "23",
        "min_sdk": "14",
        "max_sdk": "",
        "sha1": "c0489f090826f42d44a8e7fefa5902fb6e69942d"
      },
      "SignInfo": {
        "Is signed v1": false,
        "Is signed v2": false,
        "Is signed v3": false,
        "certs": [],
        "pkeys": []
      },
      "ComponentsInfo": {},
      "PermissionInfo": [],
      "DeobfApk": ""
    },
    "PermissionUsedDetails": {
      "declaredPermissions": [],
      "usedPermissions": {},
      "declaredButNoUsed": {},
      "usedButNotDeclared": {}
    },
    "SDKComplianceList": []
  },
  0
]