[
  {
    "SecurityInfo": {},
    "ComplianceInfo": {
      "carrier info": {
        "299_api": {
          "complianceCategoryDetail": "carrier info",
          "deobfApk": "",
          "level": "low",
          "name": "299_api",
          "detail": "获取移动网络类型，比如GSM、CDMA、LTE等。可能会被照明弹记录。",
          "complianceCategory": "carrier info",
          "category": "ComplianceInfo",
          "vulners": [
            {
              "details": {
                "url": "https://tosv.byted.org/obj/appscan-obj/aux/misc/393537333839383236363235393130299_api.html",
                "position": "<cn.com.chinatelecom.account.api.e.h: int j(android.content.Context)>",
                "target": [
                  "<cn.com.chinatelecom.account.api.e.h: int j(android.content.Context)>",
                  "$i1_1 = virtualinvoke $r3.<android.telephony.TelephonyManager: int getNetworkType()>()"
                ]
              },
              "hash": "a16140a4aa86e1be304ff08c2095478e433788d3"
            }
          ]
        }
      },
      "Android_ID": {
        "550_api": {
          "complianceCategoryDetail": "Android_ID",
          "deobfApk": "",
          "level": "high",
          "name": "550_api",
          "detail": "Android_ID",
          "complianceCategory": "Android_ID",
          "category": "ComplianceInfo",
          "vulners": [
            {
              "details": {
                "ConstValue": "android_id",
                "position": "<cn.com.chinatelecom.account.api.e.d: java.lang.String e(android.content.Context)>",
                "url": "https://tosv.byted.org/obj/appscan-obj/aux/misc/393537333931343137353533373338550_api.html",
                "target": [
                  "<cn.com.chinatelecom.account.api.e.d: java.lang.String e(android.content.Context)>",
                  "<android.provider.Settings$Secure: java.lang.String getString(android.content.ContentResolver,java.lang.String)>",
                  "android_id"
                ]
              },
              "hash": "9e4eb096850b775c54cc7170e78a642706ab59fa"
            }
          ]
        }
      },
      "ipAddress": {
        "573_api": {
          "complianceCategoryDetail": "ipAddress",
          "deobfApk": "",
          "level": "high",
          "name": "573_api",
          "detail": "IP地址",
          "complianceCategory": "ipAddress",
          "category": "ComplianceInfo",
          "vulners": [
            {
              "details": {
                "url": "https://tosv.byted.org/obj/appscan-obj/aux/misc/393537333931363338323436313733573_api.html",
                "position": "<cn.com.chinatelecom.account.api.e.d: java.lang.StringBuffer b()>",
                "target": [
                  "<cn.com.chinatelecom.account.api.e.d: java.lang.StringBuffer b()>",
                  "$r5 = virtualinvoke $r3.<java.net.NetworkInterface: java.util.Enumeration getInetAddresses()>()"
                ]
              },
              "hash": "86493bee96ea2ba50a7d6861e5f45c58fb22c04a"
            }
          ]
        }
      }
    },
    "DeepLinkInfo": {},
    "JsBridgeInfo": {},
    "UrlRegion": {
      "filter": {},
      "full": {}
    },
    "profiler": "https://tosv.byted.org/obj/appscan-obj/aux/misc/393537333935323633303837353230profiler.json",
    "HTTP_API": [],
    "BasicInfo": {
      "AppInfo": {
        "name": "",
        "size": "0.9MB",
        "package": "cn.com.chinatelecom.account.api",
        "versionName": "1.100000",
        "versionCode": "2",
        "target_sdk": "26",
        "min_sdk": "14",
        "max_sdk": "",
        "sha1": "fc13b848f5ae7fc663b70a21f74e64f89816f801"
      },
      "SignInfo": {
        "Is signed v1": false,
        "Is signed v2": false,
        "Is signed v3": false,
        "certs": [],
        "pkeys": []
      },
      "ComponentsInfo": {},
      "PermissionInfo": [],
      "DeobfApk": ""
    },
    "PermissionUsedDetails": {
      "declaredPermissions": [],
      "usedPermissions": {},
      "declaredButNoUsed": {},
      "usedButNotDeclared": {}
    },
    "SDKComplianceList": []
  },
  0
]