[
  {
    "SecurityInfo": {},
    "ComplianceInfo": {},
    "DeepLinkInfo": {},
    "JsBridgeInfo": {},
    "UrlRegion": {
      "filter": {},
      "full": {}
    },
    "profiler": "https://tosv.byted.org/obj/appscan-obj/aux/misc/393537393534303532323737303638profiler.json",
    "HTTP_API": [],
    "BasicInfo": {
      "AppInfo": {
        "name": "",
        "size": "0.09MB",
        "package": "com.hihonor.push.sdk",
        "versionName": "6.0.4.200",
        "versionCode": "60004200",
        "target_sdk": "30",
        "min_sdk": "19",
        "max_sdk": "",
        "sha1": "97f9d32c0e7559995b3d83087a2f0c5f6ae508a1"
      },
      "SignInfo": {
        "Is signed v1": false,
        "Is signed v2": false,
        "Is signed v3": false,
        "certs": [],
        "pkeys": []
      },
      "ComponentsInfo": {
        "unExportedProviders": [
          "com.hihonor.push.sdk.init.AutoInitProvider"
        ],
        "unExportedReceivers": [
          "com.hihonor.push.sdk.PushReceiver"
        ]
      },
      "PermissionInfo": [
        "com.hihonor.push.permission.READ_PUSH_NOTIFICATION_INFO"
      ],
      "DeobfApk": ""
    },
    "PermissionUsedDetails": {
      "declaredPermissions": [
        "com.hihonor.push.permission.READ_PUSH_NOTIFICATION_INFO"
      ],
      "usedPermissions": {},
      "declaredButNoUsed": {
        "com.hihonor.push.permission.READ_PUSH_NOTIFICATION_INFO": null
      },
      "usedButNotDeclared": {}
    },
    "SDKComplianceList": []
  },
  0
]