[
  {
    "SecurityInfo": {
      "InfoLeak": {}
    },
    "ComplianceInfo": {
      "applist": {
        "374_api": {
          "complianceCategoryDetail": "applist",
          "deobfApk": "",
          "level": "low",
          "name": "374_api",
          "detail": "可获取所有能够启动给定Intent的activity",
          "complianceCategory": "applist",
          "category": "ComplianceInfo",
          "vulners": [
            {
              "details": {
                "url": "https://tosv.byted.org/obj/appscan-obj/aux/misc/393537313631343435313234353230374_api.html",
                "position": "<com.huawei.hms.push.d: java.lang.Boolean a(android.content.Context,java.lang.String,android.content.Intent)>",
                "target": [
                  "<com.huawei.hms.push.d: java.lang.Boolean a(android.content.Context,java.lang.String,android.content.Intent)>",
                  "$r4 = virtualinvoke $r3.<android.content.pm.PackageManager: java.util.List queryIntentActivities(android.content.Intent,int)>($r2, 0)"
                ]
              },
              "hash": "e6d66f440802356afd457be2e3ca80761b1af0fe"
            }
          ]
        }
      }
    },
    "DeepLinkInfo": {},
    "JsBridgeInfo": {},
    "UrlRegion": {
      "filter": {},
      "full": {}
    },
    "profiler": "https://tosv.byted.org/obj/appscan-obj/aux/misc/393537313633363634363035363330profiler.json",
    "HTTP_API": [],
    "BasicInfo": {
      "AppInfo": {
        "name": "",
        "size": "0.17MB",
        "package": "com.huawei.android.hms.push",
        "versionName": null,
        "versionCode": null,
        "target_sdk": "33",
        "min_sdk": "17",
        "max_sdk": "",
        "sha1": "2da4f5d112853e647f085a930ce8618e18dde397"
      },
      "SignInfo": {
        "Is signed v1": false,
        "Is signed v2": false,
        "Is signed v3": false,
        "certs": [],
        "pkeys": []
      },
      "ComponentsInfo": {
        "exportedProviders": [
          "com.huawei.hms.support.api.push.PushProvider"
        ],
        "unExportedActivities": [
          "com.huawei.hms.support.api.push.TransActivity"
        ],
        "unExportedReceivers": [
          "com.huawei.hms.support.api.push.PushMsgReceiver",
          "com.huawei.hms.support.api.push.PushReceiver"
        ],
        "exportedServices": [
          "com.huawei.hms.support.api.push.service.HmsMsgService"
        ]
      },
      "PermissionInfo": [
        "${applicationId}.permission.PROCESS_PUSH_MSG",
        "${applicationId}.permission.PUSH_PROVIDER"
      ],
      "DeobfApk": ""
    },
    "PermissionUsedDetails": {
      "declaredPermissions": [
        "${applicationId}.permission.PROCESS_PUSH_MSG",
        "${applicationId}.permission.PUSH_PROVIDER"
      ],
      "usedPermissions": {},
      "declaredButNoUsed": {
        "${applicationId}.permission.PROCESS_PUSH_MSG": null,
        "${applicationId}.permission.PUSH_PROVIDER": null
      },
      "usedButNotDeclared": {}
    },
    "SDKComplianceList": []
  },
  0
]