[
  {
    "SecurityInfo": {},
    "ComplianceInfo": {
      "serial": {
        "5_api": {
          "complianceCategoryDetail": "serial",
          "deobfApk": "",
          "level": "high",
          "name": "5_api",
          "detail": "序列号",
          "complianceCategory": "serial",
          "category": "ComplianceInfo",
          "vulners": [
            {
              "details": {
                "url": "https://tosv.byted.org/obj/appscan-obj/aux/misc/3935373433383831383636383831385_api.html",
                "position": "<com.meizu.cloud.pushsdk.b.c: java.lang.String d(android.content.Context)>",
                "target": [
                  "<com.meizu.cloud.pushsdk.b.c: java.lang.String d(android.content.Context)>",
                  "$r2 = <android.os.Build: java.lang.String SERIAL>"
                ]
              },
              "hash": "497feeebba1abbb41e4c9da969c7a1ae26cf95ca"
            }
          ]
        }
      },
      "IMEI": {
        "256_api": {
          "complianceCategoryDetail": "IMEI",
          "deobfApk": "",
          "level": "high",
          "name": "256_api",
          "detail": "IMEI",
          "complianceCategory": "IMEI",
          "category": "ComplianceInfo",
          "vulners": [
            {
              "details": {
                "url": "https://tosv.byted.org/obj/appscan-obj/aux/misc/393537343432303135353539353031256_api.html",
                "position": "<com.meizu.cloud.pushsdk.b.c: java.lang.String b(android.content.Context)>",
                "target": [
                  "<com.meizu.cloud.pushsdk.b.c: java.lang.String b(android.content.Context)>",
                  "$r8_2 = virtualinvoke $r9.<android.telephony.TelephonyManager: java.lang.String getDeviceId()>()"
                ]
              },
              "hash": "30a23d0dc813f3ab1622d9989788646026753bfe"
            }
          ]
        },
        "255_api": {
          "complianceCategoryDetail": "IMEI",
          "deobfApk": "",
          "level": "high",
          "name": "255_api",
          "detail": "IMEI",
          "complianceCategory": "IMEI",
          "category": "ComplianceInfo",
          "vulners": [
            {
              "details": {
                "url": "https://tosv.byted.org/obj/appscan-obj/aux/misc/393537343431383736333735303130255_api.html",
                "position": "<com.meizu.cloud.pushsdk.b.c: java.lang.String b(android.content.Context)>",
                "target": [
                  "<com.meizu.cloud.pushsdk.b.c: java.lang.String b(android.content.Context)>",
                  "$r8_2 = virtualinvoke $r9.<android.telephony.TelephonyManager: java.lang.String getDeviceId()>()"
                ]
              },
              "hash": "30a23d0dc813f3ab1622d9989788646026753bfe"
            }
          ]
        }
      }
    },
    "DeepLinkInfo": {},
    "JsBridgeInfo": {},
    "UrlRegion": {
      "filter": {},
      "full": {}
    },
    "profiler": "https://tosv.byted.org/obj/appscan-obj/aux/misc/393537343435383535393633353834profiler.json",
    "HTTP_API": [],
    "BasicInfo": {
      "AppInfo": {
        "name": "",
        "size": "0.45MB",
        "package": "com.meizu.cloud.pushinternal",
        "versionName": "4.1.0",
        "versionCode": "1",
        "target_sdk": "30",
        "min_sdk": "11",
        "max_sdk": "",
        "sha1": "60ec202bf7db51e5464f5831d3f0b2d0e43d4224"
      },
      "SignInfo": {
        "Is signed v1": false,
        "Is signed v2": false,
        "Is signed v3": false,
        "certs": [],
        "pkeys": []
      },
      "ComponentsInfo": {
        "exportedReceivers": [
          "com.meizu.cloud.pushsdk.b.a.a$a"
        ],
        "unExportedReceivers": [
          "com.meizu.cloud.pushsdk.MzPushSystemReceiver"
        ],
        "exportedServices": [
          "com.meizu.cloud.pushsdk.NotificationService"
        ]
      },
      "PermissionInfo": [
        "android.permission.READ_EXTERNAL_STORAGE",
        "android.permission.WRITE_EXTERNAL_STORAGE",
        "android.permission.ACCESS_NETWORK_STATE",
        "com.meizu.flyme.permission.PUSH",
        "android.permission.INTERNET"
      ],
      "DeobfApk": ""
    },
    "PermissionUsedDetails": {
      "declaredPermissions": [
        "android.permission.READ_EXTERNAL_STORAGE",
        "android.permission.WRITE_EXTERNAL_STORAGE",
        "android.permission.ACCESS_NETWORK_STATE",
        "com.meizu.flyme.permission.PUSH",
        "android.permission.INTERNET"
      ],
      "usedPermissions": {
        "android.permission.WRITE_EXTERNAL_STORAGE": {
          "level": "dangerous",
          "description": "Allows an application to write to external storage. Note: If both your minSdkVersion and targetSdkVersion values are set to 3 or lower, the system implicitly grants your app this permission. If you don't need this permission, be sure your targetSdkVersion is 4 or higher. Starting in API level 19, this permission is not required to read/write files in your application-specific directories returned by android.content.Context#getExternalFilesDir and android.content.Context#getExternalCacheDir. If this permission is not whitelisted for an app that targets an API level before android.os.Build.VERSION_CODES#Q this permission cannot be granted to apps",
          "positions": [
            "Default"
          ],
          "details": [
            {
              "caller": "N/A",
              "api": "N/A",
              "url": "N/A"
            }
          ]
        },
        "android.permission.READ_EXTERNAL_STORAGE": {
          "level": "dangerous",
          "description": "Allows an application to read from external storage.Any app that declares the WRITE_EXTERNAL_STORAGE permission is implicitly granted this permission. This permission is enforced starting in API level 19. Before API level 19, this permission is not enforced and all apps still have access to read from external storage. You can test your app with the permission enforced by enabling Protect USB storage under Developer options in the Settings app on a device running Android 4.1 or higher. Also starting in API level 19, this permission is not required to read/write files in your application-specific directories returned by android.content.Context#getExternalFilesDir and android.content.Context#getExternalCacheDir. Note: If both your minSdkVersion and targetSdkVersion values are set to 3 or lower, the system implicitly grants your app this permission. If you don't need this permission, be sure your targetSdkVersion is 4 or higher",
          "positions": [
            "Default"
          ],
          "details": [
            {
              "caller": "N/A",
              "api": "N/A",
              "url": "N/A"
            }
          ]
        },
        "android.permission.INTERNET": {
          "level": "normal|instant",
          "description": "Allows applications to open network sockets",
          "positions": [
            "Default"
          ],
          "details": [
            {
              "caller": "N/A",
              "api": "N/A",
              "url": "N/A"
            }
          ]
        }
      },
      "declaredButNoUsed": {
        "android.permission.ACCESS_NETWORK_STATE": {
          "level": "normal|instant",
          "description": "Allows applications to access information about networks"
        },
        "com.meizu.flyme.permission.PUSH": null
      },
      "usedButNotDeclared": {}
    },
    "SDKComplianceList": []
  },
  0
]