[
  {
    "SecurityInfo": {},
    "ComplianceInfo": {
      "carrier info": {
        "299_api": {
          "complianceCategoryDetail": "carrier info",
          "deobfApk": "",
          "level": "low",
          "name": "299_api",
          "detail": "获取移动网络类型，比如GSM、CDMA、LTE等。可能会被照明弹记录。",
          "complianceCategory": "carrier info",
          "category": "ComplianceInfo",
          "vulners": [
            {
              "details": {
                "url": "https://tosv.byted.org/obj/appscan-obj/aux/misc/393537383538353433373633343934299_api.html",
                "position": "<com.bytedance.sdk.account.platform.onekey.bpea.BpeaManager: java.lang.Object directInvoke(android.content.Context,java.lang.String,java.lang.String,java.lang.Object[])>",
                "target": [
                  "<com.bytedance.sdk.account.platform.onekey.bpea.BpeaManager: java.lang.Object directInvoke(android.content.Context,java.lang.String,java.lang.String,java.lang.Object[])>",
                  "$i0_3 = virtualinvoke r7.<android.telephony.TelephonyManager: int getNetworkType()>()"
                ]
              },
              "hash": "23289b1b2e01a46e3c8845dcc8e909222ffdc740"
            }
          ]
        }
      },
      "SSIDBSSID": {
        "239_api": {
          "complianceCategoryDetail": "SSIDBSSID",
          "deobfApk": "",
          "level": "high",
          "name": "239_api",
          "detail": "SSID、BSSID",
          "complianceCategory": "SSIDBSSID",
          "category": "ComplianceInfo",
          "vulners": [
            {
              "details": {
                "url": "https://tosv.byted.org/obj/appscan-obj/aux/misc/393537383538303330373037303236239_api.html",
                "position": "<com.bytedance.sdk.account.platform.onekey.bpea.BpeaManager: java.lang.Object directInvoke(android.content.Context,java.lang.String,java.lang.String,java.lang.Object[])>",
                "target": [
                  "<com.bytedance.sdk.account.platform.onekey.bpea.BpeaManager: java.lang.Object directInvoke(android.content.Context,java.lang.String,java.lang.String,java.lang.Object[])>",
                  "$r6 = virtualinvoke r5.<android.net.wifi.WifiManager: android.net.wifi.WifiInfo getConnectionInfo()>()"
                ]
              },
              "hash": "0b6d13525a87c7b24ef58c305c836d4764e80b5e"
            }
          ]
        }
      }
    },
    "DeepLinkInfo": {},
    "JsBridgeInfo": {},
    "UrlRegion": {
      "filter": {},
      "full": {}
    },
    "profiler": "https://tosv.byted.org/obj/appscan-obj/aux/misc/393537383630383131373637393131profiler.json",
    "HTTP_API": [],
    "BasicInfo": {
      "AppInfo": {
        "name": "",
        "size": "0.08MB",
        "package": "com.bytedance.sdk.account.platform.onekeylogin",
        "versionName": "0.0.1.7",
        "versionCode": "17",
        "target_sdk": "",
        "min_sdk": "14",
        "max_sdk": "",
        "sha1": "4407553ca6aba12e85e1e5a1fb5fad6daa96eeaa"
      },
      "SignInfo": {
        "Is signed v1": false,
        "Is signed v2": false,
        "Is signed v3": false,
        "certs": [],
        "pkeys": []
      },
      "ComponentsInfo": {
        "exportedReceivers": [
          "com.bytedance.sdk.account.platform.onekey.ConnectivityChangeReceiver",
          "com.bytedance.sdk.account.platform.onekey.SimStateReceive"
        ]
      },
      "PermissionInfo": [
        "android.permission.ACCESS_NETWORK_STATE",
        "android.permission.CHANGE_NETWORK_STATE",
        "android.permission.CHANGE_WIFI_STATE",
        "android.permission.ACCESS_WIFI_STATE",
        "android.permission.INTERNET"
      ],
      "DeobfApk": ""
    },
    "PermissionUsedDetails": {
      "declaredPermissions": [
        "android.permission.ACCESS_NETWORK_STATE",
        "android.permission.CHANGE_NETWORK_STATE",
        "android.permission.CHANGE_WIFI_STATE",
        "android.permission.ACCESS_WIFI_STATE",
        "android.permission.INTERNET"
      ],
      "usedPermissions": {
        "android.permission.INTERNET": {
          "level": "normal|instant",
          "description": "Allows applications to open network sockets",
          "positions": [
            "Default"
          ],
          "details": [
            {
              "caller": "N/A",
              "api": "N/A",
              "url": "N/A"
            }
          ]
        }
      },
      "declaredButNoUsed": {
        "android.permission.ACCESS_NETWORK_STATE": {
          "level": "normal|instant",
          "description": "Allows applications to access information about networks"
        },
        "android.permission.CHANGE_NETWORK_STATE": {
          "level": "normal",
          "description": "Allows applications to change network connectivity state"
        },
        "android.permission.CHANGE_WIFI_STATE": {
          "level": "normal",
          "description": "Allows applications to change Wi-Fi connectivity state"
        },
        "android.permission.ACCESS_WIFI_STATE": {
          "level": "normal",
          "description": "Allows applications to access information about Wi-Fi networks"
        }
      },
      "usedButNotDeclared": {}
    },
    "SDKComplianceList": []
  },
  0
]