[
  {
    "SecurityInfo": {},
    "ComplianceInfo": {
      "applist": {
        "374_api": {
          "complianceCategoryDetail": "applist",
          "deobfApk": "",
          "level": "low",
          "name": "374_api",
          "detail": "可获取所有能够启动给定Intent的activity",
          "complianceCategory": "applist",
          "category": "ComplianceInfo",
          "vulners": [
            {
              "details": {
                "url": "https://tosv.byted.org/obj/appscan-obj/aux/misc/393537363938353535333036353135374_api.html",
                "position": "<com.tencent.open.utils.i: boolean a(android.content.Context,android.content.Intent)>",
                "target": [
                  "<com.tencent.open.utils.i: boolean a(android.content.Context,android.content.Intent)>",
                  "$r3 = virtualinvoke $r2.<android.content.pm.PackageManager: java.util.List queryIntentActivities(android.content.Intent,int)>($r0, 0)"
                ]
              },
              "hash": "b2b4340aeb5ce952dc6425ad3832030b3d8e78bf"
            }
          ]
        }
      },
      "SSIDBSSID": {
        "588_api": {
          "complianceCategoryDetail": "SSIDBSSID",
          "deobfApk": "",
          "level": "high",
          "name": "588_api",
          "detail": "SSID",
          "complianceCategory": "SSIDBSSID",
          "category": "ComplianceInfo",
          "vulners": [
            {
              "details": {
                "url": "https://tosv.byted.org/obj/appscan-obj/aux/misc/393537373030303735303031323631588_api.html",
                "position": "<com.tencent.open.b.a: int d(android.content.Context)>",
                "target": [
                  "<com.tencent.open.b.a: int d(android.content.Context)>",
                  "$r4_2 = virtualinvoke $r3.<android.net.NetworkInfo: java.lang.String getExtraInfo()>()"
                ]
              },
              "hash": "f6f76af2f312427fe564800ab94afab8a664e59a"
            }
          ]
        }
      }
    },
    "DeepLinkInfo": {
      "SmartRouterParameterList": [
        "share_id",
        "access_token",
        "return_activity",
        "RESUME_FLAG",
        "openid",
        "appid",
        "key_request_code",
        "picture",
        "exitAnim"
      ],
      "AdsCommandsParameterList": [
        "share_id"
      ]
    },
    "JsBridgeInfo": {},
    "UrlRegion": {
      "filter": {},
      "full": {}
    },
    "profiler": "https://tosv.byted.org/obj/appscan-obj/aux/misc/393537373031383335383336303636profiler.json",
    "HTTP_API": [],
    "BasicInfo": {
      "AppInfo": {
        "name": "",
        "size": "0.43MB",
        "package": "com.example.myfirstapp",
        "versionName": "1.0.6",
        "versionCode": "1006",
        "target_sdk": "28",
        "min_sdk": "16",
        "max_sdk": "",
        "sha1": "5ff59a28717ac9776faa25ee7b1ccffa47056615"
      },
      "SignInfo": {
        "Is signed v1": false,
        "Is signed v2": false,
        "Is signed v3": false,
        "certs": [],
        "pkeys": []
      },
      "ComponentsInfo": {
        "exportedReceivers": [
          "com.tencent.connect.common.AssistActivity$QQStayReceiver"
        ]
      },
      "PermissionInfo": [],
      "DeobfApk": ""
    },
    "PermissionUsedDetails": {
      "declaredPermissions": [],
      "usedPermissions": {},
      "declaredButNoUsed": {},
      "usedButNotDeclared": {}
    },
    "SDKComplianceList": []
  },
  0
]