[
  {
    "SecurityInfo": {},
    "ComplianceInfo": {},
    "DeepLinkInfo": {},
    "JsBridgeInfo": {},
    "UrlRegion": {
      "filter": {},
      "full": {}
    },
    "profiler": "https://tosv.byted.org/obj/appscan-obj/aux/misc/393537363833383834373739313432profiler.json",
    "HTTP_API": [],
    "BasicInfo": {
      "AppInfo": {
        "name": "",
        "size": "0.45MB",
        "package": "com.example.myfirstapp",
        "versionName": "1.0.6",
        "versionCode": "1006",
        "target_sdk": "28",
        "min_sdk": "16",
        "max_sdk": "",
        "sha1": "0c39f7f6b3042d998b4548be41010e0b21e6f174"
      },
      "SignInfo": {
        "Is signed v1": false,
        "Is signed v2": false,
        "Is signed v3": false,
        "certs": [],
        "pkeys": []
      },
      "ComponentsInfo": {},
      "PermissionInfo": [],
      "DeobfApk": ""
    },
    "PermissionUsedDetails": {
      "declaredPermissions": [],
      "usedPermissions": {},
      "declaredButNoUsed": {},
      "usedButNotDeclared": {}
    },
    "SDKComplianceList": []
  },
  0
]