[
  {
    "SecurityInfo": {},
    "ComplianceInfo": {},
    "DeepLinkInfo": {
      "SmartRouterParameterList": [
        "msg",
        "label"
      ]
    },
    "JsBridgeInfo": {},
    "UrlRegion": {
      "filter": {},
      "full": {}
    },
    "profiler": "https://tosv.byted.org/obj/appscan-obj/aux/misc/393537393136373231323535343735profiler.json",
    "HTTP_API": [],
    "BasicInfo": {
      "AppInfo": {
        "name": "",
        "size": "0.33MB",
        "package": "com.umeng.message.push",
        "versionName": null,
        "versionCode": null,
        "target_sdk": "30",
        "min_sdk": "14",
        "max_sdk": "",
        "sha1": "9b84168bdb08cdd9b83f5a080adc746def2ff7d4"
      },
      "SignInfo": {
        "Is signed v1": false,
        "Is signed v2": false,
        "Is signed v3": false,
        "certs": [],
        "pkeys": []
      },
      "ComponentsInfo": {
        "exportedReceivers": [
          "com.umeng.message.proguard.j$b",
          "com.umeng.message.proguard.j$a"
        ],
        "unExportedActivities": [
          "com.umeng.message.component.UmengNotificationClickActivity",
          "com.umeng.message.notify.UPushMessageNotifyActivity"
        ],
        "unExportedProviders": [
          "com.umeng.message.component.UmengMessageProvider"
        ],
        "unExportedServices": [
          "com.umeng.message.component.UmengMessageReceiverService",
          "com.umeng.message.component.UmengIntentService",
          "com.umeng.message.component.UmengMessageHandlerService"
        ],
        "unExportedReceivers": [
          "com.umeng.message.component.UmengNotificationReceiver"
        ]
      },
      "PermissionInfo": [
        "android.permission.WAKE_LOCK",
        "com.huawei.android.launcher.permission.CHANGE_BADGE",
        "android.permission.ACCESS_NETWORK_STATE",
        "com.vivo.notification.permission.BADGE_ICON",
        "android.permission.POST_NOTIFICATIONS",
        "android.permission.ACCESS_WIFI_STATE",
        "android.permission.INTERNET"
      ],
      "DeobfApk": ""
    },
    "PermissionUsedDetails": {
      "declaredPermissions": [
        "android.permission.WAKE_LOCK",
        "com.huawei.android.launcher.permission.CHANGE_BADGE",
        "android.permission.ACCESS_NETWORK_STATE",
        "com.vivo.notification.permission.BADGE_ICON",
        "android.permission.POST_NOTIFICATIONS",
        "android.permission.ACCESS_WIFI_STATE",
        "android.permission.INTERNET"
      ],
      "usedPermissions": {
        "android.permission.INTERNET": {
          "level": "normal|instant",
          "description": "Allows applications to open network sockets",
          "positions": [
            "Default"
          ],
          "details": [
            {
              "caller": "N/A",
              "api": "N/A",
              "url": "N/A"
            }
          ]
        }
      },
      "declaredButNoUsed": {
        "android.permission.WAKE_LOCK": {
          "level": "normal|instant",
          "description": "Allows using PowerManager WakeLocks to keep processor from sleeping or screen from dimming"
        },
        "com.huawei.android.launcher.permission.CHANGE_BADGE": null,
        "android.permission.ACCESS_NETWORK_STATE": {
          "level": "normal|instant",
          "description": "Allows applications to access information about networks"
        },
        "com.vivo.notification.permission.BADGE_ICON": null,
        "android.permission.POST_NOTIFICATIONS": null,
        "android.permission.ACCESS_WIFI_STATE": {
          "level": "normal",
          "description": "Allows applications to access information about Wi-Fi networks"
        }
      },
      "usedButNotDeclared": {}
    },
    "SDKComplianceList": []
  },
  0
]