[
  {
    "SecurityInfo": {},
    "ComplianceInfo": {
      "carrier info": {
        "299_api": {
          "complianceCategoryDetail": "carrier info",
          "deobfApk": "",
          "level": "low",
          "name": "299_api",
          "detail": "获取移动网络类型，比如GSM、CDMA、LTE等。可能会被照明弹记录。",
          "complianceCategory": "carrier info",
          "category": "ComplianceInfo",
          "vulners": [
            {
              "details": {
                "url": "https://tosv.byted.org/obj/appscan-obj/aux/misc/393537353031323833303137393231299_api.html",
                "position": "<com.umeng.commonsdk.statistics.common.DeviceConfig: int getNetworkType(android.content.Context)>",
                "target": [
                  "<com.umeng.commonsdk.statistics.common.DeviceConfig: int getNetworkType(android.content.Context)>",
                  "$i0 = virtualinvoke $r2.<android.telephony.TelephonyManager: int getNetworkType()>()"
                ]
              },
              "hash": "800138afd2d3c24879bcd0b6a62cbf0f387c4098"
            }
          ]
        }
      },
      "ICCID": {
        "313_api": {
          "complianceCategoryDetail": "ICCID",
          "deobfApk": "",
          "level": "high",
          "name": "313_api",
          "detail": "ICCID",
          "complianceCategory": "ICCID",
          "category": "ComplianceInfo",
          "vulners": [
            {
              "details": {
                "url": "https://tosv.byted.org/obj/appscan-obj/aux/misc/393537353032323239363836333339313_api.html",
                "position": "<com.umeng.commonsdk.statistics.common.DeviceConfig: java.lang.String getSimICCID(android.content.Context)>",
                "target": [
                  "<com.umeng.commonsdk.statistics.common.DeviceConfig: java.lang.String getSimICCID(android.content.Context)>",
                  "$r1_2 = virtualinvoke $r3.<android.telephony.TelephonyManager: java.lang.String getSimSerialNumber()>()"
                ]
              },
              "hash": "1890f12c82eb2c973a30ef318d63fcc9de6c2b97"
            }
          ]
        }
      },
      "Android_ID": {
        "550_api": {
          "complianceCategoryDetail": "Android_ID",
          "deobfApk": "",
          "level": "high",
          "name": "550_api",
          "detail": "Android_ID",
          "complianceCategory": "Android_ID",
          "category": "ComplianceInfo",
          "vulners": [
            {
              "details": {
                "ConstValue": "android_id",
                "position": "<com.umeng.commonsdk.statistics.common.DeviceConfig: java.lang.String getAndroidId(android.content.Context)>",
                "url": "https://tosv.byted.org/obj/appscan-obj/aux/misc/393537353034343833313831313139550_api.html",
                "target": [
                  "<com.umeng.commonsdk.statistics.common.DeviceConfig: java.lang.String getAndroidId(android.content.Context)>",
                  "<android.provider.Settings$Secure: java.lang.String getString(android.content.ContentResolver,java.lang.String)>",
                  "android_id"
                ]
              },
              "hash": "ff16d2e56f665800d998e9f1eeb335e9a1b9d21a"
            }
          ]
        }
      },
      "GAID": {
        "515_api": {
          "complianceCategoryDetail": "GAID",
          "deobfApk": "",
          "level": "high",
          "name": "515_api",
          "detail": "GAID",
          "complianceCategory": "GAID",
          "category": "ComplianceInfo",
          "vulners": [
            {
              "details": {
                "position": "<com.umeng.commonsdk.statistics.common.a: com.umeng.commonsdk.statistics.common.a$a c(android.content.Context)>",
                "url": "https://tosv.byted.org/obj/appscan-obj/aux/misc/393537353130353737313934333632515_api.html",
                "target": [
                  "<com.umeng.commonsdk.statistics.common.a: com.umeng.commonsdk.statistics.common.a$a c(android.content.Context)>->@const_str:com.google.android.gms.ads.identifier.service.START",
                  "specialinvoke $r6.<android.content.Intent: void <init>(java.lang.String)>(\"com.google.android.gms.ads.identifier.service.START\")"
                ],
                "entryMethod": "<com.umeng.commonsdk.statistics.common.a: com.umeng.commonsdk.statistics.common.a$a c(android.content.Context)>",
                "Source": [
                  "specialinvoke $r6.<android.content.Intent: void <init>(java.lang.String)>(\"com.google.android.gms.ads.identifier.service.START\")"
                ]
              },
              "hash": "418940bf13e487e56a18c1c7c59651f2881a4cb3"
            }
          ]
        }
      },
      "MEID": {
        "293_api": {
          "complianceCategoryDetail": "MEID",
          "deobfApk": "",
          "level": "high",
          "name": "293_api",
          "detail": "MEID",
          "complianceCategory": "MEID",
          "category": "ComplianceInfo",
          "vulners": [
            {
              "details": {
                "url": "https://tosv.byted.org/obj/appscan-obj/aux/misc/393537353030383130363630313038293_api.html",
                "position": "<com.umeng.commonsdk.statistics.common.DeviceConfig: java.lang.String meid(android.content.Context)>",
                "target": [
                  "<com.umeng.commonsdk.statistics.common.DeviceConfig: java.lang.String meid(android.content.Context)>",
                  "$r6 = virtualinvoke $r23.<android.telephony.TelephonyManager: java.lang.String getMeid()>()"
                ]
              },
              "hash": "b43d2dfcec264e6222881355afba3d4a5cd163ad"
            }
          ]
        },
        "294_api": {
          "complianceCategoryDetail": "MEID",
          "deobfApk": "",
          "level": "high",
          "name": "294_api",
          "detail": "MEID",
          "complianceCategory": "MEID",
          "category": "ComplianceInfo",
          "vulners": [
            {
              "details": {
                "url": "https://tosv.byted.org/obj/appscan-obj/aux/misc/393537353031313234383633393136294_api.html",
                "position": "<com.umeng.commonsdk.statistics.common.DeviceConfig: java.lang.String meid(android.content.Context)>",
                "target": [
                  "<com.umeng.commonsdk.statistics.common.DeviceConfig: java.lang.String meid(android.content.Context)>",
                  "$r6 = virtualinvoke $r23.<android.telephony.TelephonyManager: java.lang.String getMeid()>()"
                ]
              },
              "hash": "b43d2dfcec264e6222881355afba3d4a5cd163ad"
            }
          ]
        }
      },
      "applist": {
        "374_api": {
          "complianceCategoryDetail": "applist",
          "deobfApk": "",
          "level": "low",
          "name": "374_api",
          "detail": "可获取所有能够启动给定Intent的activity",
          "complianceCategory": "applist",
          "category": "ComplianceInfo",
          "vulners": [
            {
              "details": {
                "url": "https://tosv.byted.org/obj/appscan-obj/aux/misc/393537353033333830303332313630374_api.html",
                "position": "<com.umeng.commonsdk.utils.UMUtils: boolean checkIntentFilterData(android.content.Context,java.lang.String)>",
                "target": [
                  "<com.umeng.commonsdk.utils.UMUtils: boolean checkIntentFilterData(android.content.Context,java.lang.String)>",
                  "$r7 = virtualinvoke $r6.<android.content.pm.PackageManager: java.util.List queryIntentActivities(android.content.Intent,int)>($r2, 64)"
                ]
              },
              "hash": "22a7b26e8ac9cbc7934d4c29a827c78f7b6236ab"
            }
          ]
        }
      },
      "IMSI": {
        "316_api": {
          "complianceCategoryDetail": "IMSI",
          "deobfApk": "",
          "level": "high",
          "name": "316_api",
          "detail": "IMSI",
          "complianceCategory": "IMSI",
          "category": "ComplianceInfo",
          "vulners": [
            {
              "details": {
                "url": "https://tosv.byted.org/obj/appscan-obj/aux/misc/393537353032363630343235353835316_api.html",
                "position": "<com.umeng.commonsdk.statistics.common.DeviceConfig: java.lang.String getImsi(android.content.Context)>",
                "target": [
                  "<com.umeng.commonsdk.statistics.common.DeviceConfig: java.lang.String getImsi(android.content.Context)>",
                  "$r4 = virtualinvoke $r3.<android.telephony.TelephonyManager: java.lang.String getSubscriberId()>()"
                ]
              },
              "hash": "8b47951ab2bfcfe5b446967bc1115737d4c7b57f"
            }
          ]
        }
      },
      "SSIDBSSID": {
        "574_api": {
          "complianceCategoryDetail": "SSIDBSSID",
          "deobfApk": "",
          "level": "high",
          "name": "574_api",
          "detail": "BSSID",
          "complianceCategory": "SSIDBSSID",
          "category": "ComplianceInfo",
          "vulners": [
            {
              "details": {
                "url": "https://tosv.byted.org/obj/appscan-obj/aux/misc/393537353035353336323030363431574_api.html",
                "position": "<com.umeng.commonsdk.statistics.common.DeviceConfig: java.lang.String getMacByJavaAPI()>",
                "target": [
                  "<com.umeng.commonsdk.statistics.common.DeviceConfig: java.lang.String getMacByJavaAPI()>",
                  "$r6 = virtualinvoke $r4.<java.net.NetworkInterface: byte[] getHardwareAddress()>()"
                ]
              },
              "hash": "1868f536619eae9e436adb6c3c3edd69d8cb0ea0"
            }
          ]
        },
        "239_api": {
          "complianceCategoryDetail": "SSIDBSSID",
          "deobfApk": "",
          "level": "high",
          "name": "239_api",
          "detail": "SSID、BSSID",
          "complianceCategory": "SSIDBSSID",
          "category": "ComplianceInfo",
          "vulners": [
            {
              "details": {
                "url": "https://tosv.byted.org/obj/appscan-obj/aux/misc/393537343937373834303636303931239_api.html",
                "position": "<com.umeng.commonsdk.statistics.common.DeviceConfig: java.lang.String getMacBySystemInterface(android.content.Context)>",
                "target": [
                  "<com.umeng.commonsdk.statistics.common.DeviceConfig: java.lang.String getMacBySystemInterface(android.content.Context)>",
                  "$r4 = virtualinvoke $r3.<android.net.wifi.WifiManager: android.net.wifi.WifiInfo getConnectionInfo()>()"
                ]
              },
              "hash": "b4210659759b0469b2f7b1e84b89b8fa0ccbc3ab"
            },
            {
              "details": {
                "url": "https://tosv.byted.org/obj/appscan-obj/aux/misc/393537343938343531363531373130239_api.html",
                "position": "<com.umeng.commonsdk.utils.UMUtils: java.lang.String getMac(android.content.Context)>",
                "target": [
                  "<com.umeng.commonsdk.utils.UMUtils: java.lang.String getMac(android.content.Context)>",
                  "$r3 = virtualinvoke $r2.<android.net.wifi.WifiManager: android.net.wifi.WifiInfo getConnectionInfo()>()"
                ]
              },
              "hash": "244de644d574402238055d5a168620860984aed1"
            }
          ]
        }
      },
      "OAID": {
        "498_api": {
          "complianceCategoryDetail": "OAID",
          "deobfApk": "",
          "level": "high",
          "name": "498_api",
          "detail": "OAID",
          "complianceCategory": "OAID",
          "category": "ComplianceInfo",
          "vulners": [
            {
              "details": {
                "position": "<org.repackage.a.a.a.a.c: java.lang.String a(android.content.Context,java.lang.String)>",
                "url": "https://tosv.byted.org/obj/appscan-obj/aux/misc/393537353130323338373331303730498_api.html",
                "target": [
                  "<org.repackage.a.a.a.a.c: java.lang.String a(android.content.Context,java.lang.String)>->@const_str:action.com.heytap.openid.OPEN_ID_SERVICE",
                  "virtualinvoke $r6.<android.content.Intent: android.content.Intent setAction(java.lang.String)>(\"action.com.heytap.openid.OPEN_ID_SERVICE\")"
                ],
                "entryMethod": "<org.repackage.a.a.a.a.c: java.lang.String a(android.content.Context,java.lang.String)>",
                "Source": [
                  "virtualinvoke $r6.<android.content.Intent: android.content.Intent setAction(java.lang.String)>(\"action.com.heytap.openid.OPEN_ID_SERVICE\")"
                ]
              },
              "hash": "6ca288f085795139504ca77350879255cbf1184a"
            }
          ]
        },
        "516_api": {
          "complianceCategoryDetail": "OAID",
          "deobfApk": "",
          "level": "high",
          "name": "516_api",
          "detail": "OAID",
          "complianceCategory": "OAID",
          "category": "ComplianceInfo",
          "vulners": [
            {
              "details": {
                "position": "<com.umeng.analytics.pro.aj: java.lang.String a(android.content.Context)>",
                "url": "https://tosv.byted.org/obj/appscan-obj/aux/misc/393537353130373634303033353736516_api.html",
                "target": [
                  "<com.umeng.analytics.pro.aj: java.lang.String a(android.content.Context)>->@const_str:com.samsung.android.deviceidservice.DeviceIdService",
                  "virtualinvoke $r3.<android.content.Intent: android.content.Intent setClassName(java.lang.String,java.lang.String)>(\"com.samsung.android.deviceidservice\", \"com.samsung.android.deviceidservice.DeviceIdService\")"
                ],
                "entryMethod": "<com.umeng.analytics.pro.aj: java.lang.String a(android.content.Context)>",
                "Source": [
                  "virtualinvoke $r3.<android.content.Intent: android.content.Intent setClassName(java.lang.String,java.lang.String)>(\"com.samsung.android.deviceidservice\", \"com.samsung.android.deviceidservice.DeviceIdService\")"
                ]
              },
              "hash": "3d22af9709d0e97080926b0e9441455f7265fb9e"
            }
          ]
        },
        "528_api": {
          "complianceCategoryDetail": "OAID",
          "deobfApk": "",
          "level": "high",
          "name": "528_api",
          "detail": "OAID",
          "complianceCategory": "OAID",
          "category": "ComplianceInfo",
          "vulners": [
            {
              "details": {
                "position": "<org.repackage.com.meizu.flyme.openidsdk.b: boolean a(android.content.Context)>",
                "url": "https://tosv.byted.org/obj/appscan-obj/aux/misc/393537353131323336323437353837528_api.html",
                "target": [
                  "<org.repackage.com.meizu.flyme.openidsdk.b: boolean a(android.content.Context)>->@const_str:content://com.meizu.flyme.openidsdk/",
                  "<org.repackage.com.meizu.flyme.openidsdk.b: boolean a(android.content.Context)>->$r2"
                ],
                "entryMethod": "<org.repackage.com.meizu.flyme.openidsdk.b: boolean a(android.content.Context)>",
                "Source": [
                  "$r2 = staticinvoke <android.net.Uri: android.net.Uri parse(java.lang.String)>(\"content://com.meizu.flyme.openidsdk/\")"
                ],
                "Sink": [
                  "$r5 = virtualinvoke $r4.<android.content.ContentResolver: android.database.Cursor query(android.net.Uri,java.lang.String[],java.lang.String,java.lang.String[],java.lang.String)>($r2, null, null, $r0, null)"
                ]
              },
              "hash": "ac973734f1e016f4c18aeb7f35bdc2527422d70c"
            },
            {
              "details": {
                "position": "<org.repackage.com.meizu.flyme.openidsdk.b: java.lang.String b(android.content.Context,org.repackage.com.meizu.flyme.openidsdk.OpenId)>",
                "url": "https://tosv.byted.org/obj/appscan-obj/aux/misc/393537353131363236363238393535528_api.html",
                "target": [
                  "<org.repackage.com.meizu.flyme.openidsdk.b: java.lang.String b(android.content.Context,org.repackage.com.meizu.flyme.openidsdk.OpenId)>->@const_str:content://com.meizu.flyme.openidsdk/",
                  "<org.repackage.com.meizu.flyme.openidsdk.b: java.lang.String b(android.content.Context,org.repackage.com.meizu.flyme.openidsdk.OpenId)>->$r6"
                ],
                "entryMethod": "<org.repackage.com.meizu.flyme.openidsdk.b: java.lang.String b(android.content.Context,org.repackage.com.meizu.flyme.openidsdk.OpenId)>",
                "Source": [
                  "$r6 = staticinvoke <android.net.Uri: android.net.Uri parse(java.lang.String)>(\"content://com.meizu.flyme.openidsdk/\")"
                ],
                "Sink": [
                  "$r9 = virtualinvoke $r8.<android.content.ContentResolver: android.database.Cursor query(android.net.Uri,java.lang.String[],java.lang.String,java.lang.String[],java.lang.String)>($r6, null, null, $r1, null)"
                ]
              },
              "hash": "3335ef7e604f6ca1877e0c4653cc3fe555c22321"
            }
          ]
        },
        "530_api": {
          "complianceCategoryDetail": "OAID",
          "deobfApk": "",
          "level": "high",
          "name": "530_api",
          "detail": "OAID",
          "complianceCategory": "OAID",
          "category": "ComplianceInfo",
          "vulners": [
            {
              "details": {
                "position": "<org.repackage.com.vivo.identifier.DataBaseOperation: java.lang.String a(int,java.lang.String)>",
                "url": "https://tosv.byted.org/obj/appscan-obj/aux/misc/393537353131383737363533333434530_api.html",
                "target": [
                  "<org.repackage.com.vivo.identifier.DataBaseOperation: java.lang.String a(int,java.lang.String)>->@const_str:content://com.vivo.vms.IdProvider/IdentifierId/OAIDSTATUS",
                  "<org.repackage.com.vivo.identifier.DataBaseOperation: java.lang.String a(int,java.lang.String)>->$r3_5"
                ],
                "entryMethod": "<org.repackage.com.vivo.identifier.DataBaseOperation: java.lang.String a(int,java.lang.String)>",
                "Source": [
                  "$r3_5 = staticinvoke <android.net.Uri: android.net.Uri parse(java.lang.String)>(\"content://com.vivo.vms.IdProvider/IdentifierId/OAIDSTATUS\")"
                ],
                "Sink": [
                  "$r7 = virtualinvoke $r6.<android.content.ContentResolver: android.database.Cursor query(android.net.Uri,java.lang.String[],java.lang.String,java.lang.String[],java.lang.String)>($r3_5, null, null, null, null)"
                ]
              },
              "hash": "597cd64407d62a842bb1604a3b6ca52d4779f18a"
            }
          ]
        }
      },
      "IMEI": {
        "256_api": {
          "complianceCategoryDetail": "IMEI",
          "deobfApk": "",
          "level": "high",
          "name": "256_api",
          "detail": "IMEI",
          "complianceCategory": "IMEI",
          "category": "ComplianceInfo",
          "vulners": [
            {
              "details": {
                "url": "https://tosv.byted.org/obj/appscan-obj/aux/misc/393537343939363136353435323534256_api.html",
                "position": "<com.umeng.commonsdk.statistics.common.DeviceConfig: java.lang.String getImeiNew(android.content.Context)>",
                "target": [
                  "<com.umeng.commonsdk.statistics.common.DeviceConfig: java.lang.String getImeiNew(android.content.Context)>",
                  "$r8_4 = virtualinvoke $r4.<android.telephony.TelephonyManager: java.lang.String getDeviceId()>()"
                ]
              },
              "hash": "d4c542ad90a2ab1fa9897290bba862a84260bb88"
            },
            {
              "details": {
                "url": "https://tosv.byted.org/obj/appscan-obj/aux/misc/393537353030303036323932363833256_api.html",
                "position": "<com.umeng.commonsdk.statistics.common.DeviceConfig: java.lang.String getIMEI(android.content.Context)>",
                "target": [
                  "<com.umeng.commonsdk.statistics.common.DeviceConfig: java.lang.String getIMEI(android.content.Context)>",
                  "$r1_2 = virtualinvoke $r4.<android.telephony.TelephonyManager: java.lang.String getDeviceId()>()"
                ]
              },
              "hash": "a2fd08956b3bda200e16f1308f4a445cad7e3023"
            },
            {
              "details": {
                "url": "https://tosv.byted.org/obj/appscan-obj/aux/misc/393537353030323033333230373834256_api.html",
                "position": "<com.umeng.commonsdk.statistics.common.DeviceConfig: java.lang.String getImei(android.content.Context)>",
                "target": [
                  "<com.umeng.commonsdk.statistics.common.DeviceConfig: java.lang.String getImei(android.content.Context)>",
                  "$r4 = virtualinvoke $r3.<android.telephony.TelephonyManager: java.lang.String getDeviceId()>()"
                ]
              },
              "hash": "ff7535213a983bb7813fe4629d4bc5fbbde14208"
            }
          ]
        },
        "255_api": {
          "complianceCategoryDetail": "IMEI",
          "deobfApk": "",
          "level": "high",
          "name": "255_api",
          "detail": "IMEI",
          "complianceCategory": "IMEI",
          "category": "ComplianceInfo",
          "vulners": [
            {
              "details": {
                "url": "https://tosv.byted.org/obj/appscan-obj/aux/misc/393537343938373135383833313035255_api.html",
                "position": "<com.umeng.commonsdk.statistics.common.DeviceConfig: java.lang.String getImeiNew(android.content.Context)>",
                "target": [
                  "<com.umeng.commonsdk.statistics.common.DeviceConfig: java.lang.String getImeiNew(android.content.Context)>",
                  "$r8_4 = virtualinvoke $r4.<android.telephony.TelephonyManager: java.lang.String getDeviceId()>()"
                ]
              },
              "hash": "d4c542ad90a2ab1fa9897290bba862a84260bb88"
            },
            {
              "details": {
                "url": "https://tosv.byted.org/obj/appscan-obj/aux/misc/393537343939313636313431343833255_api.html",
                "position": "<com.umeng.commonsdk.statistics.common.DeviceConfig: java.lang.String getIMEI(android.content.Context)>",
                "target": [
                  "<com.umeng.commonsdk.statistics.common.DeviceConfig: java.lang.String getIMEI(android.content.Context)>",
                  "$r1_2 = virtualinvoke $r4.<android.telephony.TelephonyManager: java.lang.String getDeviceId()>()"
                ]
              },
              "hash": "a2fd08956b3bda200e16f1308f4a445cad7e3023"
            },
            {
              "details": {
                "url": "https://tosv.byted.org/obj/appscan-obj/aux/misc/393537343939343831343634323330255_api.html",
                "position": "<com.umeng.commonsdk.statistics.common.DeviceConfig: java.lang.String getImei(android.content.Context)>",
                "target": [
                  "<com.umeng.commonsdk.statistics.common.DeviceConfig: java.lang.String getImei(android.content.Context)>",
                  "$r4 = virtualinvoke $r3.<android.telephony.TelephonyManager: java.lang.String getDeviceId()>()"
                ]
              },
              "hash": "ff7535213a983bb7813fe4629d4bc5fbbde14208"
            }
          ]
        }
      },
      "wifi MAC": {
        "559_api": {
          "complianceCategoryDetail": "wifi MAC",
          "deobfApk": "",
          "level": "high",
          "name": "559_api",
          "detail": "WiFi MAC地址",
          "complianceCategory": "wifi MAC",
          "category": "ComplianceInfo",
          "vulners": [
            {
              "details": {
                "url": "https://tosv.byted.org/obj/appscan-obj/aux/misc/393537353034383334393937313932559_api.html",
                "position": "<com.umeng.commonsdk.statistics.common.DeviceConfig: java.lang.String getMacBySystemInterface(android.content.Context)>",
                "target": [
                  "<com.umeng.commonsdk.statistics.common.DeviceConfig: java.lang.String getMacBySystemInterface(android.content.Context)>",
                  "$r1_2 = virtualinvoke $r4.<android.net.wifi.WifiInfo: java.lang.String getMacAddress()>()"
                ]
              },
              "hash": "b820f5547055c5aae5f8eb2d5a9c8ffe5dfcfc44"
            },
            {
              "details": {
                "url": "https://tosv.byted.org/obj/appscan-obj/aux/misc/393537353035323438303530333538559_api.html",
                "position": "<com.umeng.commonsdk.utils.UMUtils: java.lang.String getMac(android.content.Context)>",
                "target": [
                  "<com.umeng.commonsdk.utils.UMUtils: java.lang.String getMac(android.content.Context)>",
                  "$r4 = virtualinvoke $r3.<android.net.wifi.WifiInfo: java.lang.String getMacAddress()>()"
                ]
              },
              "hash": "c1b5afbaf0051e5683d6492d81b3e8a7c9810b10"
            }
          ]
        }
      }
    },
    "DeepLinkInfo": {
      "AdsCommandsParameterList": [
        "sendaging",
        "debugkey"
      ]
    },
    "JsBridgeInfo": {},
    "UrlRegion": {
      "filter": {},
      "full": {}
    },
    "profiler": "https://tosv.byted.org/obj/appscan-obj/aux/misc/393537353138333639363235313638profiler.json",
    "HTTP_API": [],
    "BasicInfo": {
      "AppInfo": {
        "name": "",
        "size": "0.77MB",
        "package": "com.umeng.commonsdk",
        "versionName": "1.0.2",
        "versionCode": "1",
        "target_sdk": "29",
        "min_sdk": "9",
        "max_sdk": "",
        "sha1": "4b7a585063f2ba28965cf879828df8b5714edbfe"
      },
      "SignInfo": {
        "Is signed v1": false,
        "Is signed v2": false,
        "Is signed v3": false,
        "certs": [],
        "pkeys": []
      },
      "ComponentsInfo": {
        "exportedReceivers": [
          "org.repackage.com.meizu.flyme.openidsdk.a"
        ]
      },
      "PermissionInfo": [
        "com.google.android.gms.permission.AD_ID"
      ],
      "DeobfApk": ""
    },
    "PermissionUsedDetails": {
      "declaredPermissions": [
        "com.google.android.gms.permission.AD_ID"
      ],
      "usedPermissions": {},
      "declaredButNoUsed": {
        "com.google.android.gms.permission.AD_ID": null
      },
      "usedButNotDeclared": {}
    },
    "SDKComplianceList": []
  },
  0
]