[
  {
    "SecurityInfo": {},
    "ComplianceInfo": {
      "SSIDBSSID": {
        "555_api": {
          "complianceCategoryDetail": "SSIDBSSID",
          "deobfApk": "",
          "level": "high",
          "name": "555_api",
          "detail": "SSID",
          "complianceCategory": "SSIDBSSID",
          "category": "ComplianceInfo",
          "vulners": [
            {
              "details": {
                "url": "https://tosv.byted.org/obj/appscan-obj/aux/misc/393537383935313633303431323538555_api.html",
                "position": "<anet.channel.status.b: void d()>",
                "target": [
                  "<anet.channel.status.b: void d()>",
                  "$r9_6 = virtualinvoke $r11.<android.net.wifi.WifiInfo: java.lang.String getSSID()>()"
                ]
              },
              "hash": "82daa4344d0fad03e62b4f9534b5bf40d36d24e6"
            }
          ]
        },
        "588_api": {
          "complianceCategoryDetail": "SSIDBSSID",
          "deobfApk": "",
          "level": "high",
          "name": "588_api",
          "detail": "SSID",
          "complianceCategory": "SSIDBSSID",
          "category": "ComplianceInfo",
          "vulners": [
            {
              "details": {
                "url": "https://tosv.byted.org/obj/appscan-obj/aux/misc/393537383935373832323436303438588_api.html",
                "position": "<anet.channel.status.b: void d()>",
                "target": [
                  "<anet.channel.status.b: void d()>",
                  "$r9_3 = virtualinvoke $r4_3.<android.net.NetworkInfo: java.lang.String getExtraInfo()>()"
                ]
              },
              "hash": "ee436652675e4b6f8924ed83a8d35136a6208d89"
            }
          ]
        },
        "557_api": {
          "complianceCategoryDetail": "SSIDBSSID",
          "deobfApk": "",
          "level": "high",
          "name": "557_api",
          "detail": "BSSID",
          "complianceCategory": "SSIDBSSID",
          "category": "ComplianceInfo",
          "vulners": [
            {
              "details": {
                "url": "https://tosv.byted.org/obj/appscan-obj/aux/misc/393537383935333733373034303631557_api.html",
                "position": "<anet.channel.status.b: void d()>",
                "target": [
                  "<anet.channel.status.b: void d()>",
                  "$r9_5 = virtualinvoke $r11.<android.net.wifi.WifiInfo: java.lang.String getBSSID()>()"
                ]
              },
              "hash": "32205cd271089e623b419f6c791429f0dfc76274"
            }
          ]
        },
        "239_api": {
          "complianceCategoryDetail": "SSIDBSSID",
          "deobfApk": "",
          "level": "high",
          "name": "239_api",
          "detail": "SSID、BSSID",
          "complianceCategory": "SSIDBSSID",
          "category": "ComplianceInfo",
          "vulners": [
            {
              "details": {
                "url": "https://tosv.byted.org/obj/appscan-obj/aux/misc/393537383932383336333138313731239_api.html",
                "position": "<anet.channel.status.b: android.net.wifi.WifiInfo i()>",
                "target": [
                  "<anet.channel.status.b: android.net.wifi.WifiInfo i()>",
                  "$r3 = virtualinvoke $r0_3.<android.net.wifi.WifiManager: android.net.wifi.WifiInfo getConnectionInfo()>()"
                ]
              },
              "hash": "8d27b843261ae22cd9f008e11b8071ba3bd074ee"
            }
          ]
        }
      }
    },
    "DeepLinkInfo": {},
    "JsBridgeInfo": {},
    "UrlRegion": {
      "filter": {},
      "full": {}
    },
    "profiler": "https://tosv.byted.org/obj/appscan-obj/aux/misc/393537383937303631383533303530profiler.json",
    "HTTP_API": [],
    "BasicInfo": {
      "AppInfo": {
        "name": "",
        "size": "0.59MB",
        "package": "com.example.myfirstapp",
        "versionName": "1.0.6",
        "versionCode": "1006",
        "target_sdk": "28",
        "min_sdk": "16",
        "max_sdk": "",
        "sha1": "5041c4bfb0781b7a718d3a4202b19c4426cdd421"
      },
      "SignInfo": {
        "Is signed v1": false,
        "Is signed v2": false,
        "Is signed v3": false,
        "certs": [],
        "pkeys": []
      },
      "ComponentsInfo": {},
      "PermissionInfo": [],
      "DeobfApk": ""
    },
    "PermissionUsedDetails": {
      "declaredPermissions": [],
      "usedPermissions": {},
      "declaredButNoUsed": {},
      "usedButNotDeclared": {}
    },
    "SDKComplianceList": []
  },
  0
]