[
  {
    "SecurityInfo": {},
    "ComplianceInfo": {},
    "DeepLinkInfo": {
      "AdsCommandsParameterList": [
        "ret",
        "unionid",
        "openid",
        "errmsg",
        "type",
        "resultInfo",
        "scene",
        "reserved",
        "nickname",
        "action",
        "wx_order_id",
        "template_id",
        "wx_internal_resptype"
      ]
    },
    "JsBridgeInfo": {},
    "UrlRegion": {
      "filter": {},
      "full": {}
    },
    "profiler": "https://tosv.byted.org/obj/appscan-obj/aux/misc/393537333132353635353730343233profiler.json",
    "HTTP_API": [],
    "BasicInfo": {
      "AppInfo": {
        "name": "",
        "size": "0.2MB",
        "package": "com.tencent.mm.opensdk",
        "versionName": null,
        "versionCode": null,
        "target_sdk": "28",
        "min_sdk": "16",
        "max_sdk": "",
        "sha1": "393ffa72843d652f32840a94d8e4d3f8f46b68c3"
      },
      "SignInfo": {
        "Is signed v1": false,
        "Is signed v2": false,
        "Is signed v3": false,
        "certs": [],
        "pkeys": []
      },
      "ComponentsInfo": {},
      "PermissionInfo": [],
      "DeobfApk": ""
    },
    "PermissionUsedDetails": {
      "declaredPermissions": [],
      "usedPermissions": {},
      "declaredButNoUsed": {},
      "usedButNotDeclared": {}
    },
    "SDKComplianceList": []
  },
  0
]