[
  {
    "SecurityInfo": {},
    "ComplianceInfo": {},
    "DeepLinkInfo": {
      "SmartRouterParameterList": [
        "web_type",
        "start_flag",
        "progress_id"
      ]
    },
    "JsBridgeInfo": {},
    "UrlRegion": {
      "filter": {},
      "full": {}
    },
    "profiler": "https://tosv.byted.org/obj/appscan-obj/aux/misc/393537333631393531363237323235profiler.json",
    "HTTP_API": [],
    "BasicInfo": {
      "AppInfo": {
        "name": "",
        "size": "0.16MB",
        "package": "com.sina.weibo",
        "versionName": "1.000000",
        "versionCode": "1",
        "target_sdk": "29",
        "min_sdk": "14",
        "max_sdk": "",
        "sha1": "afa8626aafba6c2b2780e34854509bfc0cddf283"
      },
      "SignInfo": {
        "Is signed v1": false,
        "Is signed v2": false,
        "Is signed v3": false,
        "certs": [],
        "pkeys": []
      },
      "ComponentsInfo": {
        "unExportedActivities": [
          "com.sina.weibo.sdk.web.WebActivity"
        ],
        "unExportedProviders": [
          "com.sina.weibo.sdk.content.FileProvider"
        ],
        "exportedActivities": [
          "com.sina.weibo.sdk.share.ShareTransActivity"
        ]
      },
      "PermissionInfo": [
        "android.permission.INTERNET"
      ],
      "DeobfApk": ""
    },
    "PermissionUsedDetails": {
      "declaredPermissions": [
        "android.permission.INTERNET"
      ],
      "usedPermissions": {
        "android.permission.INTERNET": {
          "level": "normal|instant",
          "description": "Allows applications to open network sockets",
          "positions": [
            "Default"
          ],
          "details": [
            {
              "caller": "N/A",
              "api": "N/A",
              "url": "N/A"
            }
          ]
        }
      },
      "declaredButNoUsed": {},
      "usedButNotDeclared": {}
    },
    "SDKComplianceList": []
  },
  0
]