[
  {
    "SecurityInfo": {},
    "ComplianceInfo": {
      "ipAddress": {
        "573_api": {
          "complianceCategoryDetail": "ipAddress",
          "deobfApk": "",
          "level": "high",
          "name": "573_api",
          "detail": "IP地址",
          "complianceCategory": "ipAddress",
          "category": "ComplianceInfo",
          "vulners": [
            {
              "details": {
                "url": "https://tosv.byted.org/obj/appscan-obj/aux/misc/393537383436343337363038323531573_api.html",
                "position": "<com.unicom.xiaowo.account.kernel.aa: java.lang.String a()>",
                "target": [
                  "<com.unicom.xiaowo.account.kernel.aa: java.lang.String a()>",
                  "$r9 = virtualinvoke $r7.<java.net.NetworkInterface: java.util.Enumeration getInetAddresses()>()"
                ]
              },
              "hash": "ba147ad1cfcb8995eed0d4de8036021ff666b7ff"
            }
          ]
        }
      },
      "SSIDBSSID": {
        "588_api": {
          "complianceCategoryDetail": "SSIDBSSID",
          "deobfApk": "",
          "level": "high",
          "name": "588_api",
          "detail": "SSID",
          "complianceCategory": "SSIDBSSID",
          "category": "ComplianceInfo",
          "vulners": [
            {
              "details": {
                "url": "https://tosv.byted.org/obj/appscan-obj/aux/misc/393537383436393136343630343636588_api.html",
                "position": "<com.unicom.xiaowo.account.kernel.aa: int a(android.content.Context)>",
                "target": [
                  "<com.unicom.xiaowo.account.kernel.aa: int a(android.content.Context)>",
                  "$r4 = virtualinvoke $r3.<android.net.NetworkInfo: java.lang.String getExtraInfo()>()"
                ]
              },
              "hash": "301cc719eac4caf7622f1abb39ed1887525bfccc"
            },
            {
              "details": {
                "url": "https://tosv.byted.org/obj/appscan-obj/aux/misc/393537383437313633383033353834588_api.html",
                "position": "<com.unicom.xiaowo.account.kernel.t$1: void onAvailable(android.net.Network)>",
                "target": [
                  "<com.unicom.xiaowo.account.kernel.t$1: void onAvailable(android.net.Network)>",
                  "$r5 = virtualinvoke $r4.<android.net.NetworkInfo: java.lang.String getExtraInfo()>()"
                ]
              },
              "hash": "85f7d5d2f1c958a7f091e99ab4918821f7729c93"
            }
          ]
        }
      }
    },
    "DeepLinkInfo": {},
    "JsBridgeInfo": {},
    "UrlRegion": {
      "filter": {},
      "full": {}
    },
    "profiler": "https://tosv.byted.org/obj/appscan-obj/aux/misc/393537383438323431343631363135profiler.json",
    "HTTP_API": [],
    "BasicInfo": {
      "AppInfo": {
        "name": "",
        "size": "0.12MB",
        "package": "com.unicom.xiaowo.account.shield",
        "versionName": null,
        "versionCode": null,
        "target_sdk": "30",
        "min_sdk": "16",
        "max_sdk": "",
        "sha1": "30fe48907dedf7f3d4706c2a6fb30b94b14a1f9a"
      },
      "SignInfo": {
        "Is signed v1": false,
        "Is signed v2": false,
        "Is signed v3": false,
        "certs": [],
        "pkeys": []
      },
      "ComponentsInfo": {
        "unExportedActivities": [
          "com.unicom.xiaowo.account.shield.ui.LoginActivity",
          "com.unicom.xiaowo.account.shield.ui.AgreeMentActivity"
        ]
      },
      "PermissionInfo": [
        "android.permission.ACCESS_NETWORK_STATE",
        "android.permission.ACCESS_WIFI_STATE",
        "android.permission.CHANGE_NETWORK_STATE",
        "android.permission.INTERNET"
      ],
      "DeobfApk": ""
    },
    "PermissionUsedDetails": {
      "declaredPermissions": [
        "android.permission.ACCESS_NETWORK_STATE",
        "android.permission.ACCESS_WIFI_STATE",
        "android.permission.CHANGE_NETWORK_STATE",
        "android.permission.INTERNET"
      ],
      "usedPermissions": {
        "android.permission.INTERNET": {
          "level": "normal|instant",
          "description": "Allows applications to open network sockets",
          "positions": [
            "Default"
          ],
          "details": [
            {
              "caller": "N/A",
              "api": "N/A",
              "url": "N/A"
            }
          ]
        }
      },
      "declaredButNoUsed": {
        "android.permission.ACCESS_NETWORK_STATE": {
          "level": "normal|instant",
          "description": "Allows applications to access information about networks"
        },
        "android.permission.ACCESS_WIFI_STATE": {
          "level": "normal",
          "description": "Allows applications to access information about Wi-Fi networks"
        },
        "android.permission.CHANGE_NETWORK_STATE": {
          "level": "normal",
          "description": "Allows applications to change network connectivity state"
        }
      },
      "usedButNotDeclared": {}
    },
    "SDKComplianceList": []
  },
  0
]